2026-01-20 23:26:33,041 - src.driver - INFO - You will be assigned a task. 
You will receive the actions you have available, followed by the action history. 
Your goal is to maximize the total reward across all 10 steps. We are on step 0. 

Task Assignment:
---
You are faced with a 3-armed bandit problem.  Each action corresponds to pulling a specific arm. Each arm is associated with a Gaussian distribution with a fixed but unknown mean. At each time step, you will select a field and receive a reward drawn from the associated distribution. Your goal is to select which arm to pull in order to maximize your reward across all of your turns.
---

Available Actions:
---

- Arm Name: attain complex freezer 

- Arm Name: nameless illegible darken 

- Arm Name: top generosity clever 

---
When selecting an action, include only the name of the action. Do not include the dashes used to indicate the list here.

History:
---

This is the first turn. There is no history.

---

Please select an action from the list of action options in order to maximize the reward for your task.
When selecting an action, put the exact name of the action between action tags like: <action> action_name </action>.

Your thinking budget is 150 tokens. If you exceed this limit, you will be forced to provide an immediate answer.
Your overall generation limit is 200 tokens.
2026-01-20 23:26:47,688 - src.driver - INFO - GENERATED CONTENT: <action>  attain complex freezer </action> 
 PARSED ACTION: attain complex freezer
2026-01-20 23:26:47,688 - src.driver - INFO - You will be assigned a task. 
You will receive the actions you have available, followed by the action history. 
Your goal is to maximize the total reward across all 10 steps. We are on step 1. 

Task Assignment:
---
You are faced with a 3-armed bandit problem.  Each action corresponds to pulling a specific arm. Each arm is associated with a Gaussian distribution with a fixed but unknown mean. At each time step, you will select a field and receive a reward drawn from the associated distribution. Your goal is to select which arm to pull in order to maximize your reward across all of your turns.
---

Available Actions:
---

- Arm Name: attain complex freezer 

- Arm Name: nameless illegible darken 

- Arm Name: top generosity clever 

---
When selecting an action, include only the name of the action. Do not include the dashes used to indicate the list here.

History:
---


- {'state': {}, 'action_taken': 'attain complex freezer', 'reward': -50.0}


---

Please select an action from the list of action options in order to maximize the reward for your task.
When selecting an action, put the exact name of the action between action tags like: <action> action_name </action>.

Your thinking budget is 150 tokens. If you exceed this limit, you will be forced to provide an immediate answer.
Your overall generation limit is 200 tokens.
2026-01-20 23:27:02,445 - src.driver - INFO - GENERATED CONTENT: <action>  nameless illegible darken </action> 
 PARSED ACTION: nameless illegible darken
2026-01-20 23:27:02,446 - src.driver - INFO - You will be assigned a task. 
You will receive the actions you have available, followed by the action history. 
Your goal is to maximize the total reward across all 10 steps. We are on step 2. 

Task Assignment:
---
You are faced with a 3-armed bandit problem.  Each action corresponds to pulling a specific arm. Each arm is associated with a Gaussian distribution with a fixed but unknown mean. At each time step, you will select a field and receive a reward drawn from the associated distribution. Your goal is to select which arm to pull in order to maximize your reward across all of your turns.
---

Available Actions:
---

- Arm Name: attain complex freezer 

- Arm Name: nameless illegible darken 

- Arm Name: top generosity clever 

---
When selecting an action, include only the name of the action. Do not include the dashes used to indicate the list here.

History:
---


- {'state': {}, 'action_taken': 'attain complex freezer', 'reward': -50.0}

- {'state': {}, 'action_taken': 'nameless illegible darken', 'reward': -75.0}


---

Please select an action from the list of action options in order to maximize the reward for your task.
When selecting an action, put the exact name of the action between action tags like: <action> action_name </action>.

Your thinking budget is 150 tokens. If you exceed this limit, you will be forced to provide an immediate answer.
Your overall generation limit is 200 tokens.
2026-01-20 23:27:17,677 - src.driver - INFO - GENERATED CONTENT: <action>  top generosity clever </action> 
 PARSED ACTION: top generosity clever
2026-01-20 23:27:17,677 - src.driver - INFO - You will be assigned a task. 
You will receive the actions you have available, followed by the action history. 
Your goal is to maximize the total reward across all 10 steps. We are on step 3. 

Task Assignment:
---
You are faced with a 3-armed bandit problem.  Each action corresponds to pulling a specific arm. Each arm is associated with a Gaussian distribution with a fixed but unknown mean. At each time step, you will select a field and receive a reward drawn from the associated distribution. Your goal is to select which arm to pull in order to maximize your reward across all of your turns.
---

Available Actions:
---

- Arm Name: attain complex freezer 

- Arm Name: nameless illegible darken 

- Arm Name: top generosity clever 

---
When selecting an action, include only the name of the action. Do not include the dashes used to indicate the list here.

History:
---


- {'state': {}, 'action_taken': 'attain complex freezer', 'reward': -50.0}

- {'state': {}, 'action_taken': 'nameless illegible darken', 'reward': -75.0}

- {'state': {}, 'action_taken': 'top generosity clever', 'reward': -25.0}


---

Please select an action from the list of action options in order to maximize the reward for your task.
When selecting an action, put the exact name of the action between action tags like: <action> action_name </action>.

Your thinking budget is 150 tokens. If you exceed this limit, you will be forced to provide an immediate answer.
Your overall generation limit is 200 tokens.
2026-01-20 23:27:32,815 - src.driver - INFO - GENERATED CONTENT: <action>  top generosity clever </action> 
 PARSED ACTION: top generosity clever
2026-01-20 23:27:32,816 - src.driver - INFO - You will be assigned a task. 
You will receive the actions you have available, followed by the action history. 
Your goal is to maximize the total reward across all 10 steps. We are on step 4. 

Task Assignment:
---
You are faced with a 3-armed bandit problem.  Each action corresponds to pulling a specific arm. Each arm is associated with a Gaussian distribution with a fixed but unknown mean. At each time step, you will select a field and receive a reward drawn from the associated distribution. Your goal is to select which arm to pull in order to maximize your reward across all of your turns.
---

Available Actions:
---

- Arm Name: attain complex freezer 

- Arm Name: nameless illegible darken 

- Arm Name: top generosity clever 

---
When selecting an action, include only the name of the action. Do not include the dashes used to indicate the list here.

History:
---


- {'state': {}, 'action_taken': 'attain complex freezer', 'reward': -50.0}

- {'state': {}, 'action_taken': 'nameless illegible darken', 'reward': -75.0}

- {'state': {}, 'action_taken': 'top generosity clever', 'reward': -25.0}

- {'state': {}, 'action_taken': 'top generosity clever', 'reward': -25.0}


---

Please select an action from the list of action options in order to maximize the reward for your task.
When selecting an action, put the exact name of the action between action tags like: <action> action_name </action>.

Your thinking budget is 150 tokens. If you exceed this limit, you will be forced to provide an immediate answer.
Your overall generation limit is 200 tokens.
2026-01-20 23:27:48,187 - src.driver - INFO - GENERATED CONTENT: <action>  top generosity clever </action> 
 PARSED ACTION: top generosity clever
2026-01-20 23:27:48,188 - src.driver - INFO - You will be assigned a task. 
You will receive the actions you have available, followed by the action history. 
Your goal is to maximize the total reward across all 10 steps. We are on step 5. 

Task Assignment:
---
You are faced with a 3-armed bandit problem.  Each action corresponds to pulling a specific arm. Each arm is associated with a Gaussian distribution with a fixed but unknown mean. At each time step, you will select a field and receive a reward drawn from the associated distribution. Your goal is to select which arm to pull in order to maximize your reward across all of your turns.
---

Available Actions:
---

- Arm Name: attain complex freezer 

- Arm Name: nameless illegible darken 

- Arm Name: top generosity clever 

---
When selecting an action, include only the name of the action. Do not include the dashes used to indicate the list here.

History:
---


- {'state': {}, 'action_taken': 'attain complex freezer', 'reward': -50.0}

- {'state': {}, 'action_taken': 'nameless illegible darken', 'reward': -75.0}

- {'state': {}, 'action_taken': 'top generosity clever', 'reward': -25.0}

- {'state': {}, 'action_taken': 'top generosity clever', 'reward': -25.0}

- {'state': {}, 'action_taken': 'top generosity clever', 'reward': -25.0}


---

Please select an action from the list of action options in order to maximize the reward for your task.
When selecting an action, put the exact name of the action between action tags like: <action> action_name </action>.

Your thinking budget is 150 tokens. If you exceed this limit, you will be forced to provide an immediate answer.
Your overall generation limit is 200 tokens.
2026-01-20 23:28:04,003 - src.driver - INFO - GENERATED CONTENT: <action>  top generosity clever </action> 
 PARSED ACTION: top generosity clever
2026-01-20 23:28:04,004 - src.driver - INFO - You will be assigned a task. 
You will receive the actions you have available, followed by the action history. 
Your goal is to maximize the total reward across all 10 steps. We are on step 6. 

Task Assignment:
---
You are faced with a 3-armed bandit problem.  Each action corresponds to pulling a specific arm. Each arm is associated with a Gaussian distribution with a fixed but unknown mean. At each time step, you will select a field and receive a reward drawn from the associated distribution. Your goal is to select which arm to pull in order to maximize your reward across all of your turns.
---

Available Actions:
---

- Arm Name: attain complex freezer 

- Arm Name: nameless illegible darken 

- Arm Name: top generosity clever 

---
When selecting an action, include only the name of the action. Do not include the dashes used to indicate the list here.

History:
---


- {'state': {}, 'action_taken': 'attain complex freezer', 'reward': -50.0}

- {'state': {}, 'action_taken': 'nameless illegible darken', 'reward': -75.0}

- {'state': {}, 'action_taken': 'top generosity clever', 'reward': -25.0}

- {'state': {}, 'action_taken': 'top generosity clever', 'reward': -25.0}

- {'state': {}, 'action_taken': 'top generosity clever', 'reward': -25.0}

- {'state': {}, 'action_taken': 'top generosity clever', 'reward': -25.0}


---

Please select an action from the list of action options in order to maximize the reward for your task.
When selecting an action, put the exact name of the action between action tags like: <action> action_name </action>.

Your thinking budget is 150 tokens. If you exceed this limit, you will be forced to provide an immediate answer.
Your overall generation limit is 200 tokens.
2026-01-20 23:28:19,937 - src.driver - INFO - GENERATED CONTENT: <action>  attain complex freezer </action> 
 PARSED ACTION: attain complex freezer
2026-01-20 23:28:19,938 - src.driver - INFO - You will be assigned a task. 
You will receive the actions you have available, followed by the action history. 
Your goal is to maximize the total reward across all 10 steps. We are on step 7. 

Task Assignment:
---
You are faced with a 3-armed bandit problem.  Each action corresponds to pulling a specific arm. Each arm is associated with a Gaussian distribution with a fixed but unknown mean. At each time step, you will select a field and receive a reward drawn from the associated distribution. Your goal is to select which arm to pull in order to maximize your reward across all of your turns.
---

Available Actions:
---

- Arm Name: attain complex freezer 

- Arm Name: nameless illegible darken 

- Arm Name: top generosity clever 

---
When selecting an action, include only the name of the action. Do not include the dashes used to indicate the list here.

History:
---


- {'state': {}, 'action_taken': 'attain complex freezer', 'reward': -50.0}

- {'state': {}, 'action_taken': 'nameless illegible darken', 'reward': -75.0}

- {'state': {}, 'action_taken': 'top generosity clever', 'reward': -25.0}

- {'state': {}, 'action_taken': 'top generosity clever', 'reward': -25.0}

- {'state': {}, 'action_taken': 'top generosity clever', 'reward': -25.0}

- {'state': {}, 'action_taken': 'top generosity clever', 'reward': -25.0}

- {'state': {}, 'action_taken': 'attain complex freezer', 'reward': -50.0}


---

Please select an action from the list of action options in order to maximize the reward for your task.
When selecting an action, put the exact name of the action between action tags like: <action> action_name </action>.

Your thinking budget is 150 tokens. If you exceed this limit, you will be forced to provide an immediate answer.
Your overall generation limit is 200 tokens.
2026-01-20 23:28:36,190 - src.driver - INFO - GENERATED CONTENT: <action>  nameless illegible darken </action> 
 PARSED ACTION: nameless illegible darken
2026-01-20 23:28:36,190 - src.driver - INFO - You will be assigned a task. 
You will receive the actions you have available, followed by the action history. 
Your goal is to maximize the total reward across all 10 steps. We are on step 8. 

Task Assignment:
---
You are faced with a 3-armed bandit problem.  Each action corresponds to pulling a specific arm. Each arm is associated with a Gaussian distribution with a fixed but unknown mean. At each time step, you will select a field and receive a reward drawn from the associated distribution. Your goal is to select which arm to pull in order to maximize your reward across all of your turns.
---

Available Actions:
---

- Arm Name: attain complex freezer 

- Arm Name: nameless illegible darken 

- Arm Name: top generosity clever 

---
When selecting an action, include only the name of the action. Do not include the dashes used to indicate the list here.

History:
---


- {'state': {}, 'action_taken': 'attain complex freezer', 'reward': -50.0}

- {'state': {}, 'action_taken': 'nameless illegible darken', 'reward': -75.0}

- {'state': {}, 'action_taken': 'top generosity clever', 'reward': -25.0}

- {'state': {}, 'action_taken': 'top generosity clever', 'reward': -25.0}

- {'state': {}, 'action_taken': 'top generosity clever', 'reward': -25.0}

- {'state': {}, 'action_taken': 'top generosity clever', 'reward': -25.0}

- {'state': {}, 'action_taken': 'attain complex freezer', 'reward': -50.0}

- {'state': {}, 'action_taken': 'nameless illegible darken', 'reward': -75.0}


---

Please select an action from the list of action options in order to maximize the reward for your task.
When selecting an action, put the exact name of the action between action tags like: <action> action_name </action>.

Your thinking budget is 150 tokens. If you exceed this limit, you will be forced to provide an immediate answer.
Your overall generation limit is 200 tokens.
2026-01-20 23:28:52,641 - src.driver - INFO - GENERATED CONTENT: <action>  top generosity clever </action> 
 PARSED ACTION: top generosity clever
2026-01-20 23:28:52,642 - src.driver - INFO - You will be assigned a task. 
You will receive the actions you have available, followed by the action history. 
Your goal is to maximize the total reward across all 10 steps. We are on step 9. 

Task Assignment:
---
You are faced with a 3-armed bandit problem.  Each action corresponds to pulling a specific arm. Each arm is associated with a Gaussian distribution with a fixed but unknown mean. At each time step, you will select a field and receive a reward drawn from the associated distribution. Your goal is to select which arm to pull in order to maximize your reward across all of your turns.
---

Available Actions:
---

- Arm Name: attain complex freezer 

- Arm Name: nameless illegible darken 

- Arm Name: top generosity clever 

---
When selecting an action, include only the name of the action. Do not include the dashes used to indicate the list here.

History:
---


- {'state': {}, 'action_taken': 'attain complex freezer', 'reward': -50.0}

- {'state': {}, 'action_taken': 'nameless illegible darken', 'reward': -75.0}

- {'state': {}, 'action_taken': 'top generosity clever', 'reward': -25.0}

- {'state': {}, 'action_taken': 'top generosity clever', 'reward': -25.0}

- {'state': {}, 'action_taken': 'top generosity clever', 'reward': -25.0}

- {'state': {}, 'action_taken': 'top generosity clever', 'reward': -25.0}

- {'state': {}, 'action_taken': 'attain complex freezer', 'reward': -50.0}

- {'state': {}, 'action_taken': 'nameless illegible darken', 'reward': -75.0}

- {'state': {}, 'action_taken': 'top generosity clever', 'reward': -25.0}


---

Please select an action from the list of action options in order to maximize the reward for your task.
When selecting an action, put the exact name of the action between action tags like: <action> action_name </action>.

Your thinking budget is 150 tokens. If you exceed this limit, you will be forced to provide an immediate answer.
Your overall generation limit is 200 tokens.
2026-01-20 23:29:09,125 - src.driver - INFO - GENERATED CONTENT: <action>  top generosity clever </action> 
 PARSED ACTION: top generosity clever
2026-01-20 23:29:09,141 - src.driver - INFO - You will be assigned a task. 
You will receive the actions you have available, followed by the action history. 
Your goal is to maximize the total reward across all 10 steps. We are on step 0. 

Task Assignment:
---
You are faced with a 3-armed bandit problem.  Each action corresponds to pulling a specific arm. Each arm is associated with a Gaussian distribution with a fixed but unknown mean. At each time step, you will select a field and receive a reward drawn from the associated distribution. Your goal is to select which arm to pull in order to maximize your reward across all of your turns.
---

Available Actions:
---

- Arm Name: clientele ratification character 

- Arm Name: evergreen gratify organic 

- Arm Name: flee apathetic plaintiff 

---
When selecting an action, include only the name of the action. Do not include the dashes used to indicate the list here.

History:
---

This is the first turn. There is no history.

---

Please select an action from the list of action options in order to maximize the reward for your task.
When selecting an action, put the exact name of the action between action tags like: <action> action_name </action>.

Your thinking budget is 150 tokens. If you exceed this limit, you will be forced to provide an immediate answer.
Your overall generation limit is 200 tokens.
2026-01-20 23:29:23,873 - src.driver - INFO - GENERATED CONTENT: <action>  clientele ratification character </action> 
 PARSED ACTION: clientele ratification character
2026-01-20 23:29:23,873 - src.driver - INFO - You will be assigned a task. 
You will receive the actions you have available, followed by the action history. 
Your goal is to maximize the total reward across all 10 steps. We are on step 1. 

Task Assignment:
---
You are faced with a 3-armed bandit problem.  Each action corresponds to pulling a specific arm. Each arm is associated with a Gaussian distribution with a fixed but unknown mean. At each time step, you will select a field and receive a reward drawn from the associated distribution. Your goal is to select which arm to pull in order to maximize your reward across all of your turns.
---

Available Actions:
---

- Arm Name: clientele ratification character 

- Arm Name: evergreen gratify organic 

- Arm Name: flee apathetic plaintiff 

---
When selecting an action, include only the name of the action. Do not include the dashes used to indicate the list here.

History:
---


- {'state': {}, 'action_taken': 'clientele ratification character', 'reward': -50.0}


---

Please select an action from the list of action options in order to maximize the reward for your task.
When selecting an action, put the exact name of the action between action tags like: <action> action_name </action>.

Your thinking budget is 150 tokens. If you exceed this limit, you will be forced to provide an immediate answer.
Your overall generation limit is 200 tokens.
2026-01-20 23:29:38,623 - src.driver - INFO - GENERATED CONTENT: <action>  evergreen gratify organic </action> 
 PARSED ACTION: evergreen gratify organic
2026-01-20 23:29:38,623 - src.driver - INFO - You will be assigned a task. 
You will receive the actions you have available, followed by the action history. 
Your goal is to maximize the total reward across all 10 steps. We are on step 2. 

Task Assignment:
---
You are faced with a 3-armed bandit problem.  Each action corresponds to pulling a specific arm. Each arm is associated with a Gaussian distribution with a fixed but unknown mean. At each time step, you will select a field and receive a reward drawn from the associated distribution. Your goal is to select which arm to pull in order to maximize your reward across all of your turns.
---

Available Actions:
---

- Arm Name: clientele ratification character 

- Arm Name: evergreen gratify organic 

- Arm Name: flee apathetic plaintiff 

---
When selecting an action, include only the name of the action. Do not include the dashes used to indicate the list here.

History:
---


- {'state': {}, 'action_taken': 'clientele ratification character', 'reward': -50.0}

- {'state': {}, 'action_taken': 'evergreen gratify organic', 'reward': -25.0}


---

Please select an action from the list of action options in order to maximize the reward for your task.
When selecting an action, put the exact name of the action between action tags like: <action> action_name </action>.

Your thinking budget is 150 tokens. If you exceed this limit, you will be forced to provide an immediate answer.
Your overall generation limit is 200 tokens.
2026-01-20 23:29:54,002 - src.driver - INFO - GENERATED CONTENT: <action>  flee apathetic plaintiff </action> 
 PARSED ACTION: flee apathetic plaintiff
2026-01-20 23:29:54,002 - src.driver - INFO - You will be assigned a task. 
You will receive the actions you have available, followed by the action history. 
Your goal is to maximize the total reward across all 10 steps. We are on step 3. 

Task Assignment:
---
You are faced with a 3-armed bandit problem.  Each action corresponds to pulling a specific arm. Each arm is associated with a Gaussian distribution with a fixed but unknown mean. At each time step, you will select a field and receive a reward drawn from the associated distribution. Your goal is to select which arm to pull in order to maximize your reward across all of your turns.
---

Available Actions:
---

- Arm Name: clientele ratification character 

- Arm Name: evergreen gratify organic 

- Arm Name: flee apathetic plaintiff 

---
When selecting an action, include only the name of the action. Do not include the dashes used to indicate the list here.

History:
---


- {'state': {}, 'action_taken': 'clientele ratification character', 'reward': -50.0}

- {'state': {}, 'action_taken': 'evergreen gratify organic', 'reward': -25.0}

- {'state': {}, 'action_taken': 'flee apathetic plaintiff', 'reward': -75.0}


---

Please select an action from the list of action options in order to maximize the reward for your task.
When selecting an action, put the exact name of the action between action tags like: <action> action_name </action>.

Your thinking budget is 150 tokens. If you exceed this limit, you will be forced to provide an immediate answer.
Your overall generation limit is 200 tokens.
2026-01-20 23:30:09,368 - src.driver - INFO - GENERATED CONTENT: <action>  evergreen gratify organic </action> 
 PARSED ACTION: evergreen gratify organic
2026-01-20 23:30:09,369 - src.driver - INFO - You will be assigned a task. 
You will receive the actions you have available, followed by the action history. 
Your goal is to maximize the total reward across all 10 steps. We are on step 4. 

Task Assignment:
---
You are faced with a 3-armed bandit problem.  Each action corresponds to pulling a specific arm. Each arm is associated with a Gaussian distribution with a fixed but unknown mean. At each time step, you will select a field and receive a reward drawn from the associated distribution. Your goal is to select which arm to pull in order to maximize your reward across all of your turns.
---

Available Actions:
---

- Arm Name: clientele ratification character 

- Arm Name: evergreen gratify organic 

- Arm Name: flee apathetic plaintiff 

---
When selecting an action, include only the name of the action. Do not include the dashes used to indicate the list here.

History:
---


- {'state': {}, 'action_taken': 'clientele ratification character', 'reward': -50.0}

- {'state': {}, 'action_taken': 'evergreen gratify organic', 'reward': -25.0}

- {'state': {}, 'action_taken': 'flee apathetic plaintiff', 'reward': -75.0}

- {'state': {}, 'action_taken': 'evergreen gratify organic', 'reward': -25.0}


---

Please select an action from the list of action options in order to maximize the reward for your task.
When selecting an action, put the exact name of the action between action tags like: <action> action_name </action>.

Your thinking budget is 150 tokens. If you exceed this limit, you will be forced to provide an immediate answer.
Your overall generation limit is 200 tokens.
2026-01-20 23:30:25,092 - src.driver - INFO - GENERATED CONTENT: <action>  evergreen gratify organic </action> 
 PARSED ACTION: evergreen gratify organic
2026-01-20 23:30:25,092 - src.driver - INFO - You will be assigned a task. 
You will receive the actions you have available, followed by the action history. 
Your goal is to maximize the total reward across all 10 steps. We are on step 5. 

Task Assignment:
---
You are faced with a 3-armed bandit problem.  Each action corresponds to pulling a specific arm. Each arm is associated with a Gaussian distribution with a fixed but unknown mean. At each time step, you will select a field and receive a reward drawn from the associated distribution. Your goal is to select which arm to pull in order to maximize your reward across all of your turns.
---

Available Actions:
---

- Arm Name: clientele ratification character 

- Arm Name: evergreen gratify organic 

- Arm Name: flee apathetic plaintiff 

---
When selecting an action, include only the name of the action. Do not include the dashes used to indicate the list here.

History:
---


- {'state': {}, 'action_taken': 'clientele ratification character', 'reward': -50.0}

- {'state': {}, 'action_taken': 'evergreen gratify organic', 'reward': -25.0}

- {'state': {}, 'action_taken': 'flee apathetic plaintiff', 'reward': -75.0}

- {'state': {}, 'action_taken': 'evergreen gratify organic', 'reward': -25.0}

- {'state': {}, 'action_taken': 'evergreen gratify organic', 'reward': -25.0}


---

Please select an action from the list of action options in order to maximize the reward for your task.
When selecting an action, put the exact name of the action between action tags like: <action> action_name </action>.

Your thinking budget is 150 tokens. If you exceed this limit, you will be forced to provide an immediate answer.
Your overall generation limit is 200 tokens.
2026-01-20 23:30:41,133 - src.driver - INFO - GENERATED CONTENT: <action>  evergreen gratify organic </action> 
 PARSED ACTION: evergreen gratify organic
2026-01-20 23:30:41,134 - src.driver - INFO - You will be assigned a task. 
You will receive the actions you have available, followed by the action history. 
Your goal is to maximize the total reward across all 10 steps. We are on step 6. 

Task Assignment:
---
You are faced with a 3-armed bandit problem.  Each action corresponds to pulling a specific arm. Each arm is associated with a Gaussian distribution with a fixed but unknown mean. At each time step, you will select a field and receive a reward drawn from the associated distribution. Your goal is to select which arm to pull in order to maximize your reward across all of your turns.
---

Available Actions:
---

- Arm Name: clientele ratification character 

- Arm Name: evergreen gratify organic 

- Arm Name: flee apathetic plaintiff 

---
When selecting an action, include only the name of the action. Do not include the dashes used to indicate the list here.

History:
---


- {'state': {}, 'action_taken': 'clientele ratification character', 'reward': -50.0}

- {'state': {}, 'action_taken': 'evergreen gratify organic', 'reward': -25.0}

- {'state': {}, 'action_taken': 'flee apathetic plaintiff', 'reward': -75.0}

- {'state': {}, 'action_taken': 'evergreen gratify organic', 'reward': -25.0}

- {'state': {}, 'action_taken': 'evergreen gratify organic', 'reward': -25.0}

- {'state': {}, 'action_taken': 'evergreen gratify organic', 'reward': -25.0}


---

Please select an action from the list of action options in order to maximize the reward for your task.
When selecting an action, put the exact name of the action between action tags like: <action> action_name </action>.

Your thinking budget is 150 tokens. If you exceed this limit, you will be forced to provide an immediate answer.
Your overall generation limit is 200 tokens.
2026-01-20 23:30:57,256 - src.driver - INFO - GENERATED CONTENT: <action>  clientele ratification character </action> 
 PARSED ACTION: clientele ratification character
2026-01-20 23:30:57,257 - src.driver - INFO - You will be assigned a task. 
You will receive the actions you have available, followed by the action history. 
Your goal is to maximize the total reward across all 10 steps. We are on step 7. 

Task Assignment:
---
You are faced with a 3-armed bandit problem.  Each action corresponds to pulling a specific arm. Each arm is associated with a Gaussian distribution with a fixed but unknown mean. At each time step, you will select a field and receive a reward drawn from the associated distribution. Your goal is to select which arm to pull in order to maximize your reward across all of your turns.
---

Available Actions:
---

- Arm Name: clientele ratification character 

- Arm Name: evergreen gratify organic 

- Arm Name: flee apathetic plaintiff 

---
When selecting an action, include only the name of the action. Do not include the dashes used to indicate the list here.

History:
---


- {'state': {}, 'action_taken': 'clientele ratification character', 'reward': -50.0}

- {'state': {}, 'action_taken': 'evergreen gratify organic', 'reward': -25.0}

- {'state': {}, 'action_taken': 'flee apathetic plaintiff', 'reward': -75.0}

- {'state': {}, 'action_taken': 'evergreen gratify organic', 'reward': -25.0}

- {'state': {}, 'action_taken': 'evergreen gratify organic', 'reward': -25.0}

- {'state': {}, 'action_taken': 'evergreen gratify organic', 'reward': -25.0}

- {'state': {}, 'action_taken': 'clientele ratification character', 'reward': -50.0}


---

Please select an action from the list of action options in order to maximize the reward for your task.
When selecting an action, put the exact name of the action between action tags like: <action> action_name </action>.

Your thinking budget is 150 tokens. If you exceed this limit, you will be forced to provide an immediate answer.
Your overall generation limit is 200 tokens.
2026-01-20 23:31:13,798 - src.driver - INFO - GENERATED CONTENT: <action>  evergreen gratify organic </action> 
 PARSED ACTION: evergreen gratify organic
2026-01-20 23:31:13,799 - src.driver - INFO - You will be assigned a task. 
You will receive the actions you have available, followed by the action history. 
Your goal is to maximize the total reward across all 10 steps. We are on step 8. 

Task Assignment:
---
You are faced with a 3-armed bandit problem.  Each action corresponds to pulling a specific arm. Each arm is associated with a Gaussian distribution with a fixed but unknown mean. At each time step, you will select a field and receive a reward drawn from the associated distribution. Your goal is to select which arm to pull in order to maximize your reward across all of your turns.
---

Available Actions:
---

- Arm Name: clientele ratification character 

- Arm Name: evergreen gratify organic 

- Arm Name: flee apathetic plaintiff 

---
When selecting an action, include only the name of the action. Do not include the dashes used to indicate the list here.

History:
---


- {'state': {}, 'action_taken': 'clientele ratification character', 'reward': -50.0}

- {'state': {}, 'action_taken': 'evergreen gratify organic', 'reward': -25.0}

- {'state': {}, 'action_taken': 'flee apathetic plaintiff', 'reward': -75.0}

- {'state': {}, 'action_taken': 'evergreen gratify organic', 'reward': -25.0}

- {'state': {}, 'action_taken': 'evergreen gratify organic', 'reward': -25.0}

- {'state': {}, 'action_taken': 'evergreen gratify organic', 'reward': -25.0}

- {'state': {}, 'action_taken': 'clientele ratification character', 'reward': -50.0}

- {'state': {}, 'action_taken': 'evergreen gratify organic', 'reward': -25.0}


---

Please select an action from the list of action options in order to maximize the reward for your task.
When selecting an action, put the exact name of the action between action tags like: <action> action_name </action>.

Your thinking budget is 150 tokens. If you exceed this limit, you will be forced to provide an immediate answer.
Your overall generation limit is 200 tokens.
2026-01-20 23:31:30,440 - src.driver - INFO - GENERATED CONTENT: <action>  evergreen gratify organic </action> 
 PARSED ACTION: evergreen gratify organic
2026-01-20 23:31:30,440 - src.driver - INFO - You will be assigned a task. 
You will receive the actions you have available, followed by the action history. 
Your goal is to maximize the total reward across all 10 steps. We are on step 9. 

Task Assignment:
---
You are faced with a 3-armed bandit problem.  Each action corresponds to pulling a specific arm. Each arm is associated with a Gaussian distribution with a fixed but unknown mean. At each time step, you will select a field and receive a reward drawn from the associated distribution. Your goal is to select which arm to pull in order to maximize your reward across all of your turns.
---

Available Actions:
---

- Arm Name: clientele ratification character 

- Arm Name: evergreen gratify organic 

- Arm Name: flee apathetic plaintiff 

---
When selecting an action, include only the name of the action. Do not include the dashes used to indicate the list here.

History:
---


- {'state': {}, 'action_taken': 'clientele ratification character', 'reward': -50.0}

- {'state': {}, 'action_taken': 'evergreen gratify organic', 'reward': -25.0}

- {'state': {}, 'action_taken': 'flee apathetic plaintiff', 'reward': -75.0}

- {'state': {}, 'action_taken': 'evergreen gratify organic', 'reward': -25.0}

- {'state': {}, 'action_taken': 'evergreen gratify organic', 'reward': -25.0}

- {'state': {}, 'action_taken': 'evergreen gratify organic', 'reward': -25.0}

- {'state': {}, 'action_taken': 'clientele ratification character', 'reward': -50.0}

- {'state': {}, 'action_taken': 'evergreen gratify organic', 'reward': -25.0}

- {'state': {}, 'action_taken': 'evergreen gratify organic', 'reward': -25.0}


---

Please select an action from the list of action options in order to maximize the reward for your task.
When selecting an action, put the exact name of the action between action tags like: <action> action_name </action>.

Your thinking budget is 150 tokens. If you exceed this limit, you will be forced to provide an immediate answer.
Your overall generation limit is 200 tokens.
2026-01-20 23:31:47,129 - src.driver - INFO - GENERATED CONTENT: <action>  clientele ratification character </action> 
 PARSED ACTION: clientele ratification character
2026-01-20 23:31:47,146 - src.driver - INFO - You will be assigned a task. 
You will receive the actions you have available, followed by the action history. 
Your goal is to maximize the total reward across all 10 steps. We are on step 0. 

Task Assignment:
---
You are faced with a 3-armed bandit problem.  Each action corresponds to pulling a specific arm. Each arm is associated with a Gaussian distribution with a fixed but unknown mean. At each time step, you will select a field and receive a reward drawn from the associated distribution. Your goal is to select which arm to pull in order to maximize your reward across all of your turns.
---

Available Actions:
---

- Arm Name: top generosity clever 

- Arm Name: bitch obligor slaughtering 

- Arm Name: simultaneous crow matriculation 

---
When selecting an action, include only the name of the action. Do not include the dashes used to indicate the list here.

History:
---

This is the first turn. There is no history.

---

Please select an action from the list of action options in order to maximize the reward for your task.
When selecting an action, put the exact name of the action between action tags like: <action> action_name </action>.

Your thinking budget is 150 tokens. If you exceed this limit, you will be forced to provide an immediate answer.
Your overall generation limit is 200 tokens.
2026-01-20 23:32:01,746 - src.driver - INFO - GENERATED CONTENT: <action>  top generosity clever </action> 
 PARSED ACTION: top generosity clever
2026-01-20 23:32:01,746 - src.driver - INFO - You will be assigned a task. 
You will receive the actions you have available, followed by the action history. 
Your goal is to maximize the total reward across all 10 steps. We are on step 1. 

Task Assignment:
---
You are faced with a 3-armed bandit problem.  Each action corresponds to pulling a specific arm. Each arm is associated with a Gaussian distribution with a fixed but unknown mean. At each time step, you will select a field and receive a reward drawn from the associated distribution. Your goal is to select which arm to pull in order to maximize your reward across all of your turns.
---

Available Actions:
---

- Arm Name: top generosity clever 

- Arm Name: bitch obligor slaughtering 

- Arm Name: simultaneous crow matriculation 

---
When selecting an action, include only the name of the action. Do not include the dashes used to indicate the list here.

History:
---


- {'state': {}, 'action_taken': 'top generosity clever', 'reward': -25.0}


---

Please select an action from the list of action options in order to maximize the reward for your task.
When selecting an action, put the exact name of the action between action tags like: <action> action_name </action>.

Your thinking budget is 150 tokens. If you exceed this limit, you will be forced to provide an immediate answer.
Your overall generation limit is 200 tokens.
2026-01-20 23:32:16,491 - src.driver - INFO - GENERATED CONTENT: <action>  simultaneous crow matriculation </action> 
 PARSED ACTION: simultaneous crow matriculation
2026-01-20 23:32:16,492 - src.driver - INFO - You will be assigned a task. 
You will receive the actions you have available, followed by the action history. 
Your goal is to maximize the total reward across all 10 steps. We are on step 2. 

Task Assignment:
---
You are faced with a 3-armed bandit problem.  Each action corresponds to pulling a specific arm. Each arm is associated with a Gaussian distribution with a fixed but unknown mean. At each time step, you will select a field and receive a reward drawn from the associated distribution. Your goal is to select which arm to pull in order to maximize your reward across all of your turns.
---

Available Actions:
---

- Arm Name: top generosity clever 

- Arm Name: bitch obligor slaughtering 

- Arm Name: simultaneous crow matriculation 

---
When selecting an action, include only the name of the action. Do not include the dashes used to indicate the list here.

History:
---


- {'state': {}, 'action_taken': 'top generosity clever', 'reward': -25.0}

- {'state': {}, 'action_taken': 'simultaneous crow matriculation', 'reward': -50.0}


---

Please select an action from the list of action options in order to maximize the reward for your task.
When selecting an action, put the exact name of the action between action tags like: <action> action_name </action>.

Your thinking budget is 150 tokens. If you exceed this limit, you will be forced to provide an immediate answer.
Your overall generation limit is 200 tokens.
2026-01-20 23:32:31,916 - src.driver - INFO - GENERATED CONTENT: <action>  bitch obligor slaughtering </action> 
 PARSED ACTION: bitch obligor slaughtering
2026-01-20 23:32:31,916 - src.driver - INFO - You will be assigned a task. 
You will receive the actions you have available, followed by the action history. 
Your goal is to maximize the total reward across all 10 steps. We are on step 3. 

Task Assignment:
---
You are faced with a 3-armed bandit problem.  Each action corresponds to pulling a specific arm. Each arm is associated with a Gaussian distribution with a fixed but unknown mean. At each time step, you will select a field and receive a reward drawn from the associated distribution. Your goal is to select which arm to pull in order to maximize your reward across all of your turns.
---

Available Actions:
---

- Arm Name: top generosity clever 

- Arm Name: bitch obligor slaughtering 

- Arm Name: simultaneous crow matriculation 

---
When selecting an action, include only the name of the action. Do not include the dashes used to indicate the list here.

History:
---


- {'state': {}, 'action_taken': 'top generosity clever', 'reward': -25.0}

- {'state': {}, 'action_taken': 'simultaneous crow matriculation', 'reward': -50.0}

- {'state': {}, 'action_taken': 'bitch obligor slaughtering', 'reward': -75.0}


---

Please select an action from the list of action options in order to maximize the reward for your task.
When selecting an action, put the exact name of the action between action tags like: <action> action_name </action>.

Your thinking budget is 150 tokens. If you exceed this limit, you will be forced to provide an immediate answer.
Your overall generation limit is 200 tokens.
2026-01-20 23:32:47,192 - src.driver - INFO - GENERATED CONTENT: <action>  top generosity clever </action> 
 PARSED ACTION: top generosity clever
2026-01-20 23:32:47,193 - src.driver - INFO - You will be assigned a task. 
You will receive the actions you have available, followed by the action history. 
Your goal is to maximize the total reward across all 10 steps. We are on step 4. 

Task Assignment:
---
You are faced with a 3-armed bandit problem.  Each action corresponds to pulling a specific arm. Each arm is associated with a Gaussian distribution with a fixed but unknown mean. At each time step, you will select a field and receive a reward drawn from the associated distribution. Your goal is to select which arm to pull in order to maximize your reward across all of your turns.
---

Available Actions:
---

- Arm Name: top generosity clever 

- Arm Name: bitch obligor slaughtering 

- Arm Name: simultaneous crow matriculation 

---
When selecting an action, include only the name of the action. Do not include the dashes used to indicate the list here.

History:
---


- {'state': {}, 'action_taken': 'top generosity clever', 'reward': -25.0}

- {'state': {}, 'action_taken': 'simultaneous crow matriculation', 'reward': -50.0}

- {'state': {}, 'action_taken': 'bitch obligor slaughtering', 'reward': -75.0}

- {'state': {}, 'action_taken': 'top generosity clever', 'reward': -25.0}


---

Please select an action from the list of action options in order to maximize the reward for your task.
When selecting an action, put the exact name of the action between action tags like: <action> action_name </action>.

Your thinking budget is 150 tokens. If you exceed this limit, you will be forced to provide an immediate answer.
Your overall generation limit is 200 tokens.
2026-01-20 23:33:02,520 - src.driver - INFO - GENERATED CONTENT: <action>  top generosity clever </action> 
 PARSED ACTION: top generosity clever
2026-01-20 23:33:02,520 - src.driver - INFO - You will be assigned a task. 
You will receive the actions you have available, followed by the action history. 
Your goal is to maximize the total reward across all 10 steps. We are on step 5. 

Task Assignment:
---
You are faced with a 3-armed bandit problem.  Each action corresponds to pulling a specific arm. Each arm is associated with a Gaussian distribution with a fixed but unknown mean. At each time step, you will select a field and receive a reward drawn from the associated distribution. Your goal is to select which arm to pull in order to maximize your reward across all of your turns.
---

Available Actions:
---

- Arm Name: top generosity clever 

- Arm Name: bitch obligor slaughtering 

- Arm Name: simultaneous crow matriculation 

---
When selecting an action, include only the name of the action. Do not include the dashes used to indicate the list here.

History:
---


- {'state': {}, 'action_taken': 'top generosity clever', 'reward': -25.0}

- {'state': {}, 'action_taken': 'simultaneous crow matriculation', 'reward': -50.0}

- {'state': {}, 'action_taken': 'bitch obligor slaughtering', 'reward': -75.0}

- {'state': {}, 'action_taken': 'top generosity clever', 'reward': -25.0}

- {'state': {}, 'action_taken': 'top generosity clever', 'reward': -25.0}


---

Please select an action from the list of action options in order to maximize the reward for your task.
When selecting an action, put the exact name of the action between action tags like: <action> action_name </action>.

Your thinking budget is 150 tokens. If you exceed this limit, you will be forced to provide an immediate answer.
Your overall generation limit is 200 tokens.
2026-01-20 23:33:18,242 - src.driver - INFO - GENERATED CONTENT: <action>  top generosity clever </action> 
 PARSED ACTION: top generosity clever
2026-01-20 23:33:18,243 - src.driver - INFO - You will be assigned a task. 
You will receive the actions you have available, followed by the action history. 
Your goal is to maximize the total reward across all 10 steps. We are on step 6. 

Task Assignment:
---
You are faced with a 3-armed bandit problem.  Each action corresponds to pulling a specific arm. Each arm is associated with a Gaussian distribution with a fixed but unknown mean. At each time step, you will select a field and receive a reward drawn from the associated distribution. Your goal is to select which arm to pull in order to maximize your reward across all of your turns.
---

Available Actions:
---

- Arm Name: top generosity clever 

- Arm Name: bitch obligor slaughtering 

- Arm Name: simultaneous crow matriculation 

---
When selecting an action, include only the name of the action. Do not include the dashes used to indicate the list here.

History:
---


- {'state': {}, 'action_taken': 'top generosity clever', 'reward': -25.0}

- {'state': {}, 'action_taken': 'simultaneous crow matriculation', 'reward': -50.0}

- {'state': {}, 'action_taken': 'bitch obligor slaughtering', 'reward': -75.0}

- {'state': {}, 'action_taken': 'top generosity clever', 'reward': -25.0}

- {'state': {}, 'action_taken': 'top generosity clever', 'reward': -25.0}

- {'state': {}, 'action_taken': 'top generosity clever', 'reward': -25.0}


---

Please select an action from the list of action options in order to maximize the reward for your task.
When selecting an action, put the exact name of the action between action tags like: <action> action_name </action>.

Your thinking budget is 150 tokens. If you exceed this limit, you will be forced to provide an immediate answer.
Your overall generation limit is 200 tokens.
2026-01-20 23:33:34,131 - src.driver - INFO - GENERATED CONTENT: <action>  top generosity clever </action> 
 PARSED ACTION: top generosity clever
2026-01-20 23:33:34,132 - src.driver - INFO - You will be assigned a task. 
You will receive the actions you have available, followed by the action history. 
Your goal is to maximize the total reward across all 10 steps. We are on step 7. 

Task Assignment:
---
You are faced with a 3-armed bandit problem.  Each action corresponds to pulling a specific arm. Each arm is associated with a Gaussian distribution with a fixed but unknown mean. At each time step, you will select a field and receive a reward drawn from the associated distribution. Your goal is to select which arm to pull in order to maximize your reward across all of your turns.
---

Available Actions:
---

- Arm Name: top generosity clever 

- Arm Name: bitch obligor slaughtering 

- Arm Name: simultaneous crow matriculation 

---
When selecting an action, include only the name of the action. Do not include the dashes used to indicate the list here.

History:
---


- {'state': {}, 'action_taken': 'top generosity clever', 'reward': -25.0}

- {'state': {}, 'action_taken': 'simultaneous crow matriculation', 'reward': -50.0}

- {'state': {}, 'action_taken': 'bitch obligor slaughtering', 'reward': -75.0}

- {'state': {}, 'action_taken': 'top generosity clever', 'reward': -25.0}

- {'state': {}, 'action_taken': 'top generosity clever', 'reward': -25.0}

- {'state': {}, 'action_taken': 'top generosity clever', 'reward': -25.0}

- {'state': {}, 'action_taken': 'top generosity clever', 'reward': -25.0}


---

Please select an action from the list of action options in order to maximize the reward for your task.
When selecting an action, put the exact name of the action between action tags like: <action> action_name </action>.

Your thinking budget is 150 tokens. If you exceed this limit, you will be forced to provide an immediate answer.
Your overall generation limit is 200 tokens.
2026-01-20 23:33:50,279 - src.driver - INFO - GENERATED CONTENT: <action> top generosity clever</action> 
 PARSED ACTION: top generosity clever
2026-01-20 23:33:50,279 - src.driver - INFO - You will be assigned a task. 
You will receive the actions you have available, followed by the action history. 
Your goal is to maximize the total reward across all 10 steps. We are on step 8. 

Task Assignment:
---
You are faced with a 3-armed bandit problem.  Each action corresponds to pulling a specific arm. Each arm is associated with a Gaussian distribution with a fixed but unknown mean. At each time step, you will select a field and receive a reward drawn from the associated distribution. Your goal is to select which arm to pull in order to maximize your reward across all of your turns.
---

Available Actions:
---

- Arm Name: top generosity clever 

- Arm Name: bitch obligor slaughtering 

- Arm Name: simultaneous crow matriculation 

---
When selecting an action, include only the name of the action. Do not include the dashes used to indicate the list here.

History:
---


- {'state': {}, 'action_taken': 'top generosity clever', 'reward': -25.0}

- {'state': {}, 'action_taken': 'simultaneous crow matriculation', 'reward': -50.0}

- {'state': {}, 'action_taken': 'bitch obligor slaughtering', 'reward': -75.0}

- {'state': {}, 'action_taken': 'top generosity clever', 'reward': -25.0}

- {'state': {}, 'action_taken': 'top generosity clever', 'reward': -25.0}

- {'state': {}, 'action_taken': 'top generosity clever', 'reward': -25.0}

- {'state': {}, 'action_taken': 'top generosity clever', 'reward': -25.0}

- {'state': {}, 'action_taken': 'top generosity clever', 'reward': -25.0}


---

Please select an action from the list of action options in order to maximize the reward for your task.
When selecting an action, put the exact name of the action between action tags like: <action> action_name </action>.

Your thinking budget is 150 tokens. If you exceed this limit, you will be forced to provide an immediate answer.
Your overall generation limit is 200 tokens.
2026-01-20 23:34:06,728 - src.driver - INFO - GENERATED CONTENT: <action>  top generosity clever </action> 
 PARSED ACTION: top generosity clever
2026-01-20 23:34:06,729 - src.driver - INFO - You will be assigned a task. 
You will receive the actions you have available, followed by the action history. 
Your goal is to maximize the total reward across all 10 steps. We are on step 9. 

Task Assignment:
---
You are faced with a 3-armed bandit problem.  Each action corresponds to pulling a specific arm. Each arm is associated with a Gaussian distribution with a fixed but unknown mean. At each time step, you will select a field and receive a reward drawn from the associated distribution. Your goal is to select which arm to pull in order to maximize your reward across all of your turns.
---

Available Actions:
---

- Arm Name: top generosity clever 

- Arm Name: bitch obligor slaughtering 

- Arm Name: simultaneous crow matriculation 

---
When selecting an action, include only the name of the action. Do not include the dashes used to indicate the list here.

History:
---


- {'state': {}, 'action_taken': 'top generosity clever', 'reward': -25.0}

- {'state': {}, 'action_taken': 'simultaneous crow matriculation', 'reward': -50.0}

- {'state': {}, 'action_taken': 'bitch obligor slaughtering', 'reward': -75.0}

- {'state': {}, 'action_taken': 'top generosity clever', 'reward': -25.0}

- {'state': {}, 'action_taken': 'top generosity clever', 'reward': -25.0}

- {'state': {}, 'action_taken': 'top generosity clever', 'reward': -25.0}

- {'state': {}, 'action_taken': 'top generosity clever', 'reward': -25.0}

- {'state': {}, 'action_taken': 'top generosity clever', 'reward': -25.0}

- {'state': {}, 'action_taken': 'top generosity clever', 'reward': -25.0}


---

Please select an action from the list of action options in order to maximize the reward for your task.
When selecting an action, put the exact name of the action between action tags like: <action> action_name </action>.

Your thinking budget is 150 tokens. If you exceed this limit, you will be forced to provide an immediate answer.
Your overall generation limit is 200 tokens.
2026-01-20 23:34:23,208 - src.driver - INFO - GENERATED CONTENT: <action>  top generosity clever </action> 
 PARSED ACTION: top generosity clever
2026-01-20 23:34:23,225 - src.driver - INFO - You will be assigned a task. 
You will receive the actions you have available, followed by the action history. 
Your goal is to maximize the total reward across all 10 steps. We are on step 0. 

Task Assignment:
---
You are faced with a 3-armed bandit problem.  Each action corresponds to pulling a specific arm. Each arm is associated with a Gaussian distribution with a fixed but unknown mean. At each time step, you will select a field and receive a reward drawn from the associated distribution. Your goal is to select which arm to pull in order to maximize your reward across all of your turns.
---

Available Actions:
---

- Arm Name: diplomatic hail major 

- Arm Name: tired prison frustration 

- Arm Name: spotty tacky spellbound 

---
When selecting an action, include only the name of the action. Do not include the dashes used to indicate the list here.

History:
---

This is the first turn. There is no history.

---

Please select an action from the list of action options in order to maximize the reward for your task.
When selecting an action, put the exact name of the action between action tags like: <action> action_name </action>.

Your thinking budget is 150 tokens. If you exceed this limit, you will be forced to provide an immediate answer.
Your overall generation limit is 200 tokens.
2026-01-20 23:34:37,807 - src.driver - INFO - GENERATED CONTENT: <action>  diplomatic hail major </action> 
 PARSED ACTION: diplomatic hail major
2026-01-20 23:34:37,807 - src.driver - INFO - You will be assigned a task. 
You will receive the actions you have available, followed by the action history. 
Your goal is to maximize the total reward across all 10 steps. We are on step 1. 

Task Assignment:
---
You are faced with a 3-armed bandit problem.  Each action corresponds to pulling a specific arm. Each arm is associated with a Gaussian distribution with a fixed but unknown mean. At each time step, you will select a field and receive a reward drawn from the associated distribution. Your goal is to select which arm to pull in order to maximize your reward across all of your turns.
---

Available Actions:
---

- Arm Name: diplomatic hail major 

- Arm Name: tired prison frustration 

- Arm Name: spotty tacky spellbound 

---
When selecting an action, include only the name of the action. Do not include the dashes used to indicate the list here.

History:
---


- {'state': {}, 'action_taken': 'diplomatic hail major', 'reward': -25.0}


---

Please select an action from the list of action options in order to maximize the reward for your task.
When selecting an action, put the exact name of the action between action tags like: <action> action_name </action>.

Your thinking budget is 150 tokens. If you exceed this limit, you will be forced to provide an immediate answer.
Your overall generation limit is 200 tokens.
2026-01-20 23:34:52,443 - src.driver - INFO - GENERATED CONTENT: <action>  tired prison frustration </action> 
 PARSED ACTION: tired prison frustration
2026-01-20 23:34:52,444 - src.driver - INFO - You will be assigned a task. 
You will receive the actions you have available, followed by the action history. 
Your goal is to maximize the total reward across all 10 steps. We are on step 2. 

Task Assignment:
---
You are faced with a 3-armed bandit problem.  Each action corresponds to pulling a specific arm. Each arm is associated with a Gaussian distribution with a fixed but unknown mean. At each time step, you will select a field and receive a reward drawn from the associated distribution. Your goal is to select which arm to pull in order to maximize your reward across all of your turns.
---

Available Actions:
---

- Arm Name: diplomatic hail major 

- Arm Name: tired prison frustration 

- Arm Name: spotty tacky spellbound 

---
When selecting an action, include only the name of the action. Do not include the dashes used to indicate the list here.

History:
---


- {'state': {}, 'action_taken': 'diplomatic hail major', 'reward': -25.0}

- {'state': {}, 'action_taken': 'tired prison frustration', 'reward': -75.0}


---

Please select an action from the list of action options in order to maximize the reward for your task.
When selecting an action, put the exact name of the action between action tags like: <action> action_name </action>.

Your thinking budget is 150 tokens. If you exceed this limit, you will be forced to provide an immediate answer.
Your overall generation limit is 200 tokens.
2026-01-20 23:35:07,677 - src.driver - INFO - GENERATED CONTENT: <action>  spotty tacky spellbound </action> 
 PARSED ACTION: spotty tacky spellbound
2026-01-20 23:35:07,678 - src.driver - INFO - You will be assigned a task. 
You will receive the actions you have available, followed by the action history. 
Your goal is to maximize the total reward across all 10 steps. We are on step 3. 

Task Assignment:
---
You are faced with a 3-armed bandit problem.  Each action corresponds to pulling a specific arm. Each arm is associated with a Gaussian distribution with a fixed but unknown mean. At each time step, you will select a field and receive a reward drawn from the associated distribution. Your goal is to select which arm to pull in order to maximize your reward across all of your turns.
---

Available Actions:
---

- Arm Name: diplomatic hail major 

- Arm Name: tired prison frustration 

- Arm Name: spotty tacky spellbound 

---
When selecting an action, include only the name of the action. Do not include the dashes used to indicate the list here.

History:
---


- {'state': {}, 'action_taken': 'diplomatic hail major', 'reward': -25.0}

- {'state': {}, 'action_taken': 'tired prison frustration', 'reward': -75.0}

- {'state': {}, 'action_taken': 'spotty tacky spellbound', 'reward': -50.0}


---

Please select an action from the list of action options in order to maximize the reward for your task.
When selecting an action, put the exact name of the action between action tags like: <action> action_name </action>.

Your thinking budget is 150 tokens. If you exceed this limit, you will be forced to provide an immediate answer.
Your overall generation limit is 200 tokens.
2026-01-20 23:35:22,931 - src.driver - INFO - GENERATED CONTENT: <action>  diplomatic hail major </action> 
 PARSED ACTION: diplomatic hail major
2026-01-20 23:35:22,931 - src.driver - INFO - You will be assigned a task. 
You will receive the actions you have available, followed by the action history. 
Your goal is to maximize the total reward across all 10 steps. We are on step 4. 

Task Assignment:
---
You are faced with a 3-armed bandit problem.  Each action corresponds to pulling a specific arm. Each arm is associated with a Gaussian distribution with a fixed but unknown mean. At each time step, you will select a field and receive a reward drawn from the associated distribution. Your goal is to select which arm to pull in order to maximize your reward across all of your turns.
---

Available Actions:
---

- Arm Name: diplomatic hail major 

- Arm Name: tired prison frustration 

- Arm Name: spotty tacky spellbound 

---
When selecting an action, include only the name of the action. Do not include the dashes used to indicate the list here.

History:
---


- {'state': {}, 'action_taken': 'diplomatic hail major', 'reward': -25.0}

- {'state': {}, 'action_taken': 'tired prison frustration', 'reward': -75.0}

- {'state': {}, 'action_taken': 'spotty tacky spellbound', 'reward': -50.0}

- {'state': {}, 'action_taken': 'diplomatic hail major', 'reward': -25.0}


---

Please select an action from the list of action options in order to maximize the reward for your task.
When selecting an action, put the exact name of the action between action tags like: <action> action_name </action>.

Your thinking budget is 150 tokens. If you exceed this limit, you will be forced to provide an immediate answer.
Your overall generation limit is 200 tokens.
2026-01-20 23:35:38,350 - src.driver - INFO - GENERATED CONTENT: <action>  diplomatic hail major </action> 
 PARSED ACTION: diplomatic hail major
2026-01-20 23:35:38,350 - src.driver - INFO - You will be assigned a task. 
You will receive the actions you have available, followed by the action history. 
Your goal is to maximize the total reward across all 10 steps. We are on step 5. 

Task Assignment:
---
You are faced with a 3-armed bandit problem.  Each action corresponds to pulling a specific arm. Each arm is associated with a Gaussian distribution with a fixed but unknown mean. At each time step, you will select a field and receive a reward drawn from the associated distribution. Your goal is to select which arm to pull in order to maximize your reward across all of your turns.
---

Available Actions:
---

- Arm Name: diplomatic hail major 

- Arm Name: tired prison frustration 

- Arm Name: spotty tacky spellbound 

---
When selecting an action, include only the name of the action. Do not include the dashes used to indicate the list here.

History:
---


- {'state': {}, 'action_taken': 'diplomatic hail major', 'reward': -25.0}

- {'state': {}, 'action_taken': 'tired prison frustration', 'reward': -75.0}

- {'state': {}, 'action_taken': 'spotty tacky spellbound', 'reward': -50.0}

- {'state': {}, 'action_taken': 'diplomatic hail major', 'reward': -25.0}

- {'state': {}, 'action_taken': 'diplomatic hail major', 'reward': -25.0}


---

Please select an action from the list of action options in order to maximize the reward for your task.
When selecting an action, put the exact name of the action between action tags like: <action> action_name </action>.

Your thinking budget is 150 tokens. If you exceed this limit, you will be forced to provide an immediate answer.
Your overall generation limit is 200 tokens.
2026-01-20 23:35:54,413 - src.driver - INFO - GENERATED CONTENT: <action>  spotty tacky spellbound </action> 
 PARSED ACTION: spotty tacky spellbound
2026-01-20 23:35:54,414 - src.driver - INFO - You will be assigned a task. 
You will receive the actions you have available, followed by the action history. 
Your goal is to maximize the total reward across all 10 steps. We are on step 6. 

Task Assignment:
---
You are faced with a 3-armed bandit problem.  Each action corresponds to pulling a specific arm. Each arm is associated with a Gaussian distribution with a fixed but unknown mean. At each time step, you will select a field and receive a reward drawn from the associated distribution. Your goal is to select which arm to pull in order to maximize your reward across all of your turns.
---

Available Actions:
---

- Arm Name: diplomatic hail major 

- Arm Name: tired prison frustration 

- Arm Name: spotty tacky spellbound 

---
When selecting an action, include only the name of the action. Do not include the dashes used to indicate the list here.

History:
---


- {'state': {}, 'action_taken': 'diplomatic hail major', 'reward': -25.0}

- {'state': {}, 'action_taken': 'tired prison frustration', 'reward': -75.0}

- {'state': {}, 'action_taken': 'spotty tacky spellbound', 'reward': -50.0}

- {'state': {}, 'action_taken': 'diplomatic hail major', 'reward': -25.0}

- {'state': {}, 'action_taken': 'diplomatic hail major', 'reward': -25.0}

- {'state': {}, 'action_taken': 'spotty tacky spellbound', 'reward': -50.0}


---

Please select an action from the list of action options in order to maximize the reward for your task.
When selecting an action, put the exact name of the action between action tags like: <action> action_name </action>.

Your thinking budget is 150 tokens. If you exceed this limit, you will be forced to provide an immediate answer.
Your overall generation limit is 200 tokens.
2026-01-20 23:36:10,316 - src.driver - INFO - GENERATED CONTENT: <action>  diplomatic hail major </action> 
 PARSED ACTION: diplomatic hail major
2026-01-20 23:36:10,317 - src.driver - INFO - You will be assigned a task. 
You will receive the actions you have available, followed by the action history. 
Your goal is to maximize the total reward across all 10 steps. We are on step 7. 

Task Assignment:
---
You are faced with a 3-armed bandit problem.  Each action corresponds to pulling a specific arm. Each arm is associated with a Gaussian distribution with a fixed but unknown mean. At each time step, you will select a field and receive a reward drawn from the associated distribution. Your goal is to select which arm to pull in order to maximize your reward across all of your turns.
---

Available Actions:
---

- Arm Name: diplomatic hail major 

- Arm Name: tired prison frustration 

- Arm Name: spotty tacky spellbound 

---
When selecting an action, include only the name of the action. Do not include the dashes used to indicate the list here.

History:
---


- {'state': {}, 'action_taken': 'diplomatic hail major', 'reward': -25.0}

- {'state': {}, 'action_taken': 'tired prison frustration', 'reward': -75.0}

- {'state': {}, 'action_taken': 'spotty tacky spellbound', 'reward': -50.0}

- {'state': {}, 'action_taken': 'diplomatic hail major', 'reward': -25.0}

- {'state': {}, 'action_taken': 'diplomatic hail major', 'reward': -25.0}

- {'state': {}, 'action_taken': 'spotty tacky spellbound', 'reward': -50.0}

- {'state': {}, 'action_taken': 'diplomatic hail major', 'reward': -25.0}


---

Please select an action from the list of action options in order to maximize the reward for your task.
When selecting an action, put the exact name of the action between action tags like: <action> action_name </action>.

Your thinking budget is 150 tokens. If you exceed this limit, you will be forced to provide an immediate answer.
Your overall generation limit is 200 tokens.
2026-01-20 23:36:26,880 - src.driver - INFO - GENERATED CONTENT: <action>  spotty tacky spellbound </action> 
 PARSED ACTION: spotty tacky spellbound
2026-01-20 23:36:26,881 - src.driver - INFO - You will be assigned a task. 
You will receive the actions you have available, followed by the action history. 
Your goal is to maximize the total reward across all 10 steps. We are on step 8. 

Task Assignment:
---
You are faced with a 3-armed bandit problem.  Each action corresponds to pulling a specific arm. Each arm is associated with a Gaussian distribution with a fixed but unknown mean. At each time step, you will select a field and receive a reward drawn from the associated distribution. Your goal is to select which arm to pull in order to maximize your reward across all of your turns.
---

Available Actions:
---

- Arm Name: diplomatic hail major 

- Arm Name: tired prison frustration 

- Arm Name: spotty tacky spellbound 

---
When selecting an action, include only the name of the action. Do not include the dashes used to indicate the list here.

History:
---


- {'state': {}, 'action_taken': 'diplomatic hail major', 'reward': -25.0}

- {'state': {}, 'action_taken': 'tired prison frustration', 'reward': -75.0}

- {'state': {}, 'action_taken': 'spotty tacky spellbound', 'reward': -50.0}

- {'state': {}, 'action_taken': 'diplomatic hail major', 'reward': -25.0}

- {'state': {}, 'action_taken': 'diplomatic hail major', 'reward': -25.0}

- {'state': {}, 'action_taken': 'spotty tacky spellbound', 'reward': -50.0}

- {'state': {}, 'action_taken': 'diplomatic hail major', 'reward': -25.0}

- {'state': {}, 'action_taken': 'spotty tacky spellbound', 'reward': -50.0}


---

Please select an action from the list of action options in order to maximize the reward for your task.
When selecting an action, put the exact name of the action between action tags like: <action> action_name </action>.

Your thinking budget is 150 tokens. If you exceed this limit, you will be forced to provide an immediate answer.
Your overall generation limit is 200 tokens.
2026-01-20 23:36:43,260 - src.driver - INFO - GENERATED CONTENT: <action>  diplomatic hail major </action> 
 PARSED ACTION: diplomatic hail major
2026-01-20 23:36:43,261 - src.driver - INFO - You will be assigned a task. 
You will receive the actions you have available, followed by the action history. 
Your goal is to maximize the total reward across all 10 steps. We are on step 9. 

Task Assignment:
---
You are faced with a 3-armed bandit problem.  Each action corresponds to pulling a specific arm. Each arm is associated with a Gaussian distribution with a fixed but unknown mean. At each time step, you will select a field and receive a reward drawn from the associated distribution. Your goal is to select which arm to pull in order to maximize your reward across all of your turns.
---

Available Actions:
---

- Arm Name: diplomatic hail major 

- Arm Name: tired prison frustration 

- Arm Name: spotty tacky spellbound 

---
When selecting an action, include only the name of the action. Do not include the dashes used to indicate the list here.

History:
---


- {'state': {}, 'action_taken': 'diplomatic hail major', 'reward': -25.0}

- {'state': {}, 'action_taken': 'tired prison frustration', 'reward': -75.0}

- {'state': {}, 'action_taken': 'spotty tacky spellbound', 'reward': -50.0}

- {'state': {}, 'action_taken': 'diplomatic hail major', 'reward': -25.0}

- {'state': {}, 'action_taken': 'diplomatic hail major', 'reward': -25.0}

- {'state': {}, 'action_taken': 'spotty tacky spellbound', 'reward': -50.0}

- {'state': {}, 'action_taken': 'diplomatic hail major', 'reward': -25.0}

- {'state': {}, 'action_taken': 'spotty tacky spellbound', 'reward': -50.0}

- {'state': {}, 'action_taken': 'diplomatic hail major', 'reward': -25.0}


---

Please select an action from the list of action options in order to maximize the reward for your task.
When selecting an action, put the exact name of the action between action tags like: <action> action_name </action>.

Your thinking budget is 150 tokens. If you exceed this limit, you will be forced to provide an immediate answer.
Your overall generation limit is 200 tokens.
2026-01-20 23:36:59,931 - src.driver - INFO - GENERATED CONTENT: <action>  tired prison frustration </action> 
 PARSED ACTION: tired prison frustration
2026-01-20 23:36:59,946 - src.driver - INFO - You will be assigned a task. 
You will receive the actions you have available, followed by the action history. 
Your goal is to maximize the total reward across all 10 steps. We are on step 0. 

Task Assignment:
---
You are faced with a 3-armed bandit problem.  Each action corresponds to pulling a specific arm. Each arm is associated with a Gaussian distribution with a fixed but unknown mean. At each time step, you will select a field and receive a reward drawn from the associated distribution. Your goal is to select which arm to pull in order to maximize your reward across all of your turns.
---

Available Actions:
---

- Arm Name: footprint environs nod 

- Arm Name: unhealthy unholy anguish 

- Arm Name: holy worth antidote 

---
When selecting an action, include only the name of the action. Do not include the dashes used to indicate the list here.

History:
---

This is the first turn. There is no history.

---

Please select an action from the list of action options in order to maximize the reward for your task.
When selecting an action, put the exact name of the action between action tags like: <action> action_name </action>.

Your thinking budget is 150 tokens. If you exceed this limit, you will be forced to provide an immediate answer.
Your overall generation limit is 200 tokens.
2026-01-20 23:37:14,755 - src.driver - INFO - GENERATED CONTENT: <action>  footprint environs nod </action> 
 PARSED ACTION: footprint environs nod
2026-01-20 23:37:14,756 - src.driver - INFO - You will be assigned a task. 
You will receive the actions you have available, followed by the action history. 
Your goal is to maximize the total reward across all 10 steps. We are on step 1. 

Task Assignment:
---
You are faced with a 3-armed bandit problem.  Each action corresponds to pulling a specific arm. Each arm is associated with a Gaussian distribution with a fixed but unknown mean. At each time step, you will select a field and receive a reward drawn from the associated distribution. Your goal is to select which arm to pull in order to maximize your reward across all of your turns.
---

Available Actions:
---

- Arm Name: footprint environs nod 

- Arm Name: unhealthy unholy anguish 

- Arm Name: holy worth antidote 

---
When selecting an action, include only the name of the action. Do not include the dashes used to indicate the list here.

History:
---


- {'state': {}, 'action_taken': 'footprint environs nod', 'reward': -50.0}


---

Please select an action from the list of action options in order to maximize the reward for your task.
When selecting an action, put the exact name of the action between action tags like: <action> action_name </action>.

Your thinking budget is 150 tokens. If you exceed this limit, you will be forced to provide an immediate answer.
Your overall generation limit is 200 tokens.
2026-01-20 23:37:29,452 - src.driver - INFO - GENERATED CONTENT: <action>  holy worth antidote </action> 
 PARSED ACTION: holy worth antidote
2026-01-20 23:37:29,453 - src.driver - INFO - You will be assigned a task. 
You will receive the actions you have available, followed by the action history. 
Your goal is to maximize the total reward across all 10 steps. We are on step 2. 

Task Assignment:
---
You are faced with a 3-armed bandit problem.  Each action corresponds to pulling a specific arm. Each arm is associated with a Gaussian distribution with a fixed but unknown mean. At each time step, you will select a field and receive a reward drawn from the associated distribution. Your goal is to select which arm to pull in order to maximize your reward across all of your turns.
---

Available Actions:
---

- Arm Name: footprint environs nod 

- Arm Name: unhealthy unholy anguish 

- Arm Name: holy worth antidote 

---
When selecting an action, include only the name of the action. Do not include the dashes used to indicate the list here.

History:
---


- {'state': {}, 'action_taken': 'footprint environs nod', 'reward': -50.0}

- {'state': {}, 'action_taken': 'holy worth antidote', 'reward': -25.0}


---

Please select an action from the list of action options in order to maximize the reward for your task.
When selecting an action, put the exact name of the action between action tags like: <action> action_name </action>.

Your thinking budget is 150 tokens. If you exceed this limit, you will be forced to provide an immediate answer.
Your overall generation limit is 200 tokens.
2026-01-20 23:37:44,592 - src.driver - INFO - GENERATED CONTENT: <action>  unhealthy unholy anguish </action> 
 PARSED ACTION: unhealthy unholy anguish
2026-01-20 23:37:44,593 - src.driver - INFO - You will be assigned a task. 
You will receive the actions you have available, followed by the action history. 
Your goal is to maximize the total reward across all 10 steps. We are on step 3. 

Task Assignment:
---
You are faced with a 3-armed bandit problem.  Each action corresponds to pulling a specific arm. Each arm is associated with a Gaussian distribution with a fixed but unknown mean. At each time step, you will select a field and receive a reward drawn from the associated distribution. Your goal is to select which arm to pull in order to maximize your reward across all of your turns.
---

Available Actions:
---

- Arm Name: footprint environs nod 

- Arm Name: unhealthy unholy anguish 

- Arm Name: holy worth antidote 

---
When selecting an action, include only the name of the action. Do not include the dashes used to indicate the list here.

History:
---


- {'state': {}, 'action_taken': 'footprint environs nod', 'reward': -50.0}

- {'state': {}, 'action_taken': 'holy worth antidote', 'reward': -25.0}

- {'state': {}, 'action_taken': 'unhealthy unholy anguish', 'reward': -75.0}


---

Please select an action from the list of action options in order to maximize the reward for your task.
When selecting an action, put the exact name of the action between action tags like: <action> action_name </action>.

Your thinking budget is 150 tokens. If you exceed this limit, you will be forced to provide an immediate answer.
Your overall generation limit is 200 tokens.
2026-01-20 23:37:59,885 - src.driver - INFO - GENERATED CONTENT: <action>  holy worth antidote </action> 
 PARSED ACTION: holy worth antidote
2026-01-20 23:37:59,886 - src.driver - INFO - You will be assigned a task. 
You will receive the actions you have available, followed by the action history. 
Your goal is to maximize the total reward across all 10 steps. We are on step 4. 

Task Assignment:
---
You are faced with a 3-armed bandit problem.  Each action corresponds to pulling a specific arm. Each arm is associated with a Gaussian distribution with a fixed but unknown mean. At each time step, you will select a field and receive a reward drawn from the associated distribution. Your goal is to select which arm to pull in order to maximize your reward across all of your turns.
---

Available Actions:
---

- Arm Name: footprint environs nod 

- Arm Name: unhealthy unholy anguish 

- Arm Name: holy worth antidote 

---
When selecting an action, include only the name of the action. Do not include the dashes used to indicate the list here.

History:
---


- {'state': {}, 'action_taken': 'footprint environs nod', 'reward': -50.0}

- {'state': {}, 'action_taken': 'holy worth antidote', 'reward': -25.0}

- {'state': {}, 'action_taken': 'unhealthy unholy anguish', 'reward': -75.0}

- {'state': {}, 'action_taken': 'holy worth antidote', 'reward': -25.0}


---

Please select an action from the list of action options in order to maximize the reward for your task.
When selecting an action, put the exact name of the action between action tags like: <action> action_name </action>.

Your thinking budget is 150 tokens. If you exceed this limit, you will be forced to provide an immediate answer.
Your overall generation limit is 200 tokens.
2026-01-20 23:38:15,407 - src.driver - INFO - GENERATED CONTENT: <action>  holy worth antidote </action> 
 PARSED ACTION: holy worth antidote
2026-01-20 23:38:15,408 - src.driver - INFO - You will be assigned a task. 
You will receive the actions you have available, followed by the action history. 
Your goal is to maximize the total reward across all 10 steps. We are on step 5. 

Task Assignment:
---
You are faced with a 3-armed bandit problem.  Each action corresponds to pulling a specific arm. Each arm is associated with a Gaussian distribution with a fixed but unknown mean. At each time step, you will select a field and receive a reward drawn from the associated distribution. Your goal is to select which arm to pull in order to maximize your reward across all of your turns.
---

Available Actions:
---

- Arm Name: footprint environs nod 

- Arm Name: unhealthy unholy anguish 

- Arm Name: holy worth antidote 

---
When selecting an action, include only the name of the action. Do not include the dashes used to indicate the list here.

History:
---


- {'state': {}, 'action_taken': 'footprint environs nod', 'reward': -50.0}

- {'state': {}, 'action_taken': 'holy worth antidote', 'reward': -25.0}

- {'state': {}, 'action_taken': 'unhealthy unholy anguish', 'reward': -75.0}

- {'state': {}, 'action_taken': 'holy worth antidote', 'reward': -25.0}

- {'state': {}, 'action_taken': 'holy worth antidote', 'reward': -25.0}


---

Please select an action from the list of action options in order to maximize the reward for your task.
When selecting an action, put the exact name of the action between action tags like: <action> action_name </action>.

Your thinking budget is 150 tokens. If you exceed this limit, you will be forced to provide an immediate answer.
Your overall generation limit is 200 tokens.
2026-01-20 23:38:31,398 - src.driver - INFO - GENERATED CONTENT: <action>  footprint environs nod </action> 
 PARSED ACTION: footprint environs nod
2026-01-20 23:38:31,398 - src.driver - INFO - You will be assigned a task. 
You will receive the actions you have available, followed by the action history. 
Your goal is to maximize the total reward across all 10 steps. We are on step 6. 

Task Assignment:
---
You are faced with a 3-armed bandit problem.  Each action corresponds to pulling a specific arm. Each arm is associated with a Gaussian distribution with a fixed but unknown mean. At each time step, you will select a field and receive a reward drawn from the associated distribution. Your goal is to select which arm to pull in order to maximize your reward across all of your turns.
---

Available Actions:
---

- Arm Name: footprint environs nod 

- Arm Name: unhealthy unholy anguish 

- Arm Name: holy worth antidote 

---
When selecting an action, include only the name of the action. Do not include the dashes used to indicate the list here.

History:
---


- {'state': {}, 'action_taken': 'footprint environs nod', 'reward': -50.0}

- {'state': {}, 'action_taken': 'holy worth antidote', 'reward': -25.0}

- {'state': {}, 'action_taken': 'unhealthy unholy anguish', 'reward': -75.0}

- {'state': {}, 'action_taken': 'holy worth antidote', 'reward': -25.0}

- {'state': {}, 'action_taken': 'holy worth antidote', 'reward': -25.0}

- {'state': {}, 'action_taken': 'footprint environs nod', 'reward': -50.0}


---

Please select an action from the list of action options in order to maximize the reward for your task.
When selecting an action, put the exact name of the action between action tags like: <action> action_name </action>.

Your thinking budget is 150 tokens. If you exceed this limit, you will be forced to provide an immediate answer.
Your overall generation limit is 200 tokens.
2026-01-20 23:38:47,306 - src.driver - INFO - GENERATED CONTENT: <action>  holy worth antidote </action> 
 PARSED ACTION: holy worth antidote
2026-01-20 23:38:47,307 - src.driver - INFO - You will be assigned a task. 
You will receive the actions you have available, followed by the action history. 
Your goal is to maximize the total reward across all 10 steps. We are on step 7. 

Task Assignment:
---
You are faced with a 3-armed bandit problem.  Each action corresponds to pulling a specific arm. Each arm is associated with a Gaussian distribution with a fixed but unknown mean. At each time step, you will select a field and receive a reward drawn from the associated distribution. Your goal is to select which arm to pull in order to maximize your reward across all of your turns.
---

Available Actions:
---

- Arm Name: footprint environs nod 

- Arm Name: unhealthy unholy anguish 

- Arm Name: holy worth antidote 

---
When selecting an action, include only the name of the action. Do not include the dashes used to indicate the list here.

History:
---


- {'state': {}, 'action_taken': 'footprint environs nod', 'reward': -50.0}

- {'state': {}, 'action_taken': 'holy worth antidote', 'reward': -25.0}

- {'state': {}, 'action_taken': 'unhealthy unholy anguish', 'reward': -75.0}

- {'state': {}, 'action_taken': 'holy worth antidote', 'reward': -25.0}

- {'state': {}, 'action_taken': 'holy worth antidote', 'reward': -25.0}

- {'state': {}, 'action_taken': 'footprint environs nod', 'reward': -50.0}

- {'state': {}, 'action_taken': 'holy worth antidote', 'reward': -25.0}


---

Please select an action from the list of action options in order to maximize the reward for your task.
When selecting an action, put the exact name of the action between action tags like: <action> action_name </action>.

Your thinking budget is 150 tokens. If you exceed this limit, you will be forced to provide an immediate answer.
Your overall generation limit is 200 tokens.
2026-01-20 23:39:03,748 - src.driver - INFO - GENERATED CONTENT: <action>  holy worth antidote </action> 
 PARSED ACTION: holy worth antidote
2026-01-20 23:39:03,749 - src.driver - INFO - You will be assigned a task. 
You will receive the actions you have available, followed by the action history. 
Your goal is to maximize the total reward across all 10 steps. We are on step 8. 

Task Assignment:
---
You are faced with a 3-armed bandit problem.  Each action corresponds to pulling a specific arm. Each arm is associated with a Gaussian distribution with a fixed but unknown mean. At each time step, you will select a field and receive a reward drawn from the associated distribution. Your goal is to select which arm to pull in order to maximize your reward across all of your turns.
---

Available Actions:
---

- Arm Name: footprint environs nod 

- Arm Name: unhealthy unholy anguish 

- Arm Name: holy worth antidote 

---
When selecting an action, include only the name of the action. Do not include the dashes used to indicate the list here.

History:
---


- {'state': {}, 'action_taken': 'footprint environs nod', 'reward': -50.0}

- {'state': {}, 'action_taken': 'holy worth antidote', 'reward': -25.0}

- {'state': {}, 'action_taken': 'unhealthy unholy anguish', 'reward': -75.0}

- {'state': {}, 'action_taken': 'holy worth antidote', 'reward': -25.0}

- {'state': {}, 'action_taken': 'holy worth antidote', 'reward': -25.0}

- {'state': {}, 'action_taken': 'footprint environs nod', 'reward': -50.0}

- {'state': {}, 'action_taken': 'holy worth antidote', 'reward': -25.0}

- {'state': {}, 'action_taken': 'holy worth antidote', 'reward': -25.0}


---

Please select an action from the list of action options in order to maximize the reward for your task.
When selecting an action, put the exact name of the action between action tags like: <action> action_name </action>.

Your thinking budget is 150 tokens. If you exceed this limit, you will be forced to provide an immediate answer.
Your overall generation limit is 200 tokens.
2026-01-20 23:39:20,334 - src.driver - INFO - GENERATED CONTENT: <action>  footprint environs nod </action> 
 PARSED ACTION: footprint environs nod
2026-01-20 23:39:20,335 - src.driver - INFO - You will be assigned a task. 
You will receive the actions you have available, followed by the action history. 
Your goal is to maximize the total reward across all 10 steps. We are on step 9. 

Task Assignment:
---
You are faced with a 3-armed bandit problem.  Each action corresponds to pulling a specific arm. Each arm is associated with a Gaussian distribution with a fixed but unknown mean. At each time step, you will select a field and receive a reward drawn from the associated distribution. Your goal is to select which arm to pull in order to maximize your reward across all of your turns.
---

Available Actions:
---

- Arm Name: footprint environs nod 

- Arm Name: unhealthy unholy anguish 

- Arm Name: holy worth antidote 

---
When selecting an action, include only the name of the action. Do not include the dashes used to indicate the list here.

History:
---


- {'state': {}, 'action_taken': 'footprint environs nod', 'reward': -50.0}

- {'state': {}, 'action_taken': 'holy worth antidote', 'reward': -25.0}

- {'state': {}, 'action_taken': 'unhealthy unholy anguish', 'reward': -75.0}

- {'state': {}, 'action_taken': 'holy worth antidote', 'reward': -25.0}

- {'state': {}, 'action_taken': 'holy worth antidote', 'reward': -25.0}

- {'state': {}, 'action_taken': 'footprint environs nod', 'reward': -50.0}

- {'state': {}, 'action_taken': 'holy worth antidote', 'reward': -25.0}

- {'state': {}, 'action_taken': 'holy worth antidote', 'reward': -25.0}

- {'state': {}, 'action_taken': 'footprint environs nod', 'reward': -50.0}


---

Please select an action from the list of action options in order to maximize the reward for your task.
When selecting an action, put the exact name of the action between action tags like: <action> action_name </action>.

Your thinking budget is 150 tokens. If you exceed this limit, you will be forced to provide an immediate answer.
Your overall generation limit is 200 tokens.
2026-01-20 23:39:37,107 - src.driver - INFO - GENERATED CONTENT: <action>  unhealthy unholy anguish </action> 
 PARSED ACTION: unhealthy unholy anguish
2026-01-20 23:39:37,123 - src.driver - INFO - You will be assigned a task. 
You will receive the actions you have available, followed by the action history. 
Your goal is to maximize the total reward across all 10 steps. We are on step 0. 

Task Assignment:
---
You are faced with a 3-armed bandit problem.  Each action corresponds to pulling a specific arm. Each arm is associated with a Gaussian distribution with a fixed but unknown mean. At each time step, you will select a field and receive a reward drawn from the associated distribution. Your goal is to select which arm to pull in order to maximize your reward across all of your turns.
---

Available Actions:
---

- Arm Name: gracious endure dashing 

- Arm Name: grated poisoning incestuous 

- Arm Name: clientele ratification character 

---
When selecting an action, include only the name of the action. Do not include the dashes used to indicate the list here.

History:
---

This is the first turn. There is no history.

---

Please select an action from the list of action options in order to maximize the reward for your task.
When selecting an action, put the exact name of the action between action tags like: <action> action_name </action>.

Your thinking budget is 150 tokens. If you exceed this limit, you will be forced to provide an immediate answer.
Your overall generation limit is 200 tokens.
2026-01-20 23:39:51,814 - src.driver - INFO - GENERATED CONTENT: <action>  gracious endure dashing </action> 
 PARSED ACTION: gracious endure dashing
2026-01-20 23:39:51,815 - src.driver - INFO - You will be assigned a task. 
You will receive the actions you have available, followed by the action history. 
Your goal is to maximize the total reward across all 10 steps. We are on step 1. 

Task Assignment:
---
You are faced with a 3-armed bandit problem.  Each action corresponds to pulling a specific arm. Each arm is associated with a Gaussian distribution with a fixed but unknown mean. At each time step, you will select a field and receive a reward drawn from the associated distribution. Your goal is to select which arm to pull in order to maximize your reward across all of your turns.
---

Available Actions:
---

- Arm Name: gracious endure dashing 

- Arm Name: grated poisoning incestuous 

- Arm Name: clientele ratification character 

---
When selecting an action, include only the name of the action. Do not include the dashes used to indicate the list here.

History:
---


- {'state': {}, 'action_taken': 'gracious endure dashing', 'reward': -25.0}


---

Please select an action from the list of action options in order to maximize the reward for your task.
When selecting an action, put the exact name of the action between action tags like: <action> action_name </action>.

Your thinking budget is 150 tokens. If you exceed this limit, you will be forced to provide an immediate answer.
Your overall generation limit is 200 tokens.
2026-01-20 23:40:06,512 - src.driver - INFO - GENERATED CONTENT: <action>  grated poisoning incestuous </action> 
 PARSED ACTION: grated poisoning incestuous
2026-01-20 23:40:06,512 - src.driver - INFO - You will be assigned a task. 
You will receive the actions you have available, followed by the action history. 
Your goal is to maximize the total reward across all 10 steps. We are on step 2. 

Task Assignment:
---
You are faced with a 3-armed bandit problem.  Each action corresponds to pulling a specific arm. Each arm is associated with a Gaussian distribution with a fixed but unknown mean. At each time step, you will select a field and receive a reward drawn from the associated distribution. Your goal is to select which arm to pull in order to maximize your reward across all of your turns.
---

Available Actions:
---

- Arm Name: gracious endure dashing 

- Arm Name: grated poisoning incestuous 

- Arm Name: clientele ratification character 

---
When selecting an action, include only the name of the action. Do not include the dashes used to indicate the list here.

History:
---


- {'state': {}, 'action_taken': 'gracious endure dashing', 'reward': -25.0}

- {'state': {}, 'action_taken': 'grated poisoning incestuous', 'reward': -75.0}


---

Please select an action from the list of action options in order to maximize the reward for your task.
When selecting an action, put the exact name of the action between action tags like: <action> action_name </action>.

Your thinking budget is 150 tokens. If you exceed this limit, you will be forced to provide an immediate answer.
Your overall generation limit is 200 tokens.
2026-01-20 23:40:21,734 - src.driver - INFO - GENERATED CONTENT: <action>  clientele ratification character </action> 
 PARSED ACTION: clientele ratification character
2026-01-20 23:40:21,735 - src.driver - INFO - You will be assigned a task. 
You will receive the actions you have available, followed by the action history. 
Your goal is to maximize the total reward across all 10 steps. We are on step 3. 

Task Assignment:
---
You are faced with a 3-armed bandit problem.  Each action corresponds to pulling a specific arm. Each arm is associated with a Gaussian distribution with a fixed but unknown mean. At each time step, you will select a field and receive a reward drawn from the associated distribution. Your goal is to select which arm to pull in order to maximize your reward across all of your turns.
---

Available Actions:
---

- Arm Name: gracious endure dashing 

- Arm Name: grated poisoning incestuous 

- Arm Name: clientele ratification character 

---
When selecting an action, include only the name of the action. Do not include the dashes used to indicate the list here.

History:
---


- {'state': {}, 'action_taken': 'gracious endure dashing', 'reward': -25.0}

- {'state': {}, 'action_taken': 'grated poisoning incestuous', 'reward': -75.0}

- {'state': {}, 'action_taken': 'clientele ratification character', 'reward': -50.0}


---

Please select an action from the list of action options in order to maximize the reward for your task.
When selecting an action, put the exact name of the action between action tags like: <action> action_name </action>.

Your thinking budget is 150 tokens. If you exceed this limit, you will be forced to provide an immediate answer.
Your overall generation limit is 200 tokens.
2026-01-20 23:40:37,114 - src.driver - INFO - GENERATED CONTENT: <action> gracious endure dashing</action> 
 PARSED ACTION: gracious endure dashing
2026-01-20 23:40:37,115 - src.driver - INFO - You will be assigned a task. 
You will receive the actions you have available, followed by the action history. 
Your goal is to maximize the total reward across all 10 steps. We are on step 4. 

Task Assignment:
---
You are faced with a 3-armed bandit problem.  Each action corresponds to pulling a specific arm. Each arm is associated with a Gaussian distribution with a fixed but unknown mean. At each time step, you will select a field and receive a reward drawn from the associated distribution. Your goal is to select which arm to pull in order to maximize your reward across all of your turns.
---

Available Actions:
---

- Arm Name: gracious endure dashing 

- Arm Name: grated poisoning incestuous 

- Arm Name: clientele ratification character 

---
When selecting an action, include only the name of the action. Do not include the dashes used to indicate the list here.

History:
---


- {'state': {}, 'action_taken': 'gracious endure dashing', 'reward': -25.0}

- {'state': {}, 'action_taken': 'grated poisoning incestuous', 'reward': -75.0}

- {'state': {}, 'action_taken': 'clientele ratification character', 'reward': -50.0}

- {'state': {}, 'action_taken': 'gracious endure dashing', 'reward': -25.0}


---

Please select an action from the list of action options in order to maximize the reward for your task.
When selecting an action, put the exact name of the action between action tags like: <action> action_name </action>.

Your thinking budget is 150 tokens. If you exceed this limit, you will be forced to provide an immediate answer.
Your overall generation limit is 200 tokens.
2026-01-20 23:40:52,829 - src.driver - INFO - GENERATED CONTENT: <action> gracious endure dashing</action> 
 PARSED ACTION: gracious endure dashing
2026-01-20 23:40:52,830 - src.driver - INFO - You will be assigned a task. 
You will receive the actions you have available, followed by the action history. 
Your goal is to maximize the total reward across all 10 steps. We are on step 5. 

Task Assignment:
---
You are faced with a 3-armed bandit problem.  Each action corresponds to pulling a specific arm. Each arm is associated with a Gaussian distribution with a fixed but unknown mean. At each time step, you will select a field and receive a reward drawn from the associated distribution. Your goal is to select which arm to pull in order to maximize your reward across all of your turns.
---

Available Actions:
---

- Arm Name: gracious endure dashing 

- Arm Name: grated poisoning incestuous 

- Arm Name: clientele ratification character 

---
When selecting an action, include only the name of the action. Do not include the dashes used to indicate the list here.

History:
---


- {'state': {}, 'action_taken': 'gracious endure dashing', 'reward': -25.0}

- {'state': {}, 'action_taken': 'grated poisoning incestuous', 'reward': -75.0}

- {'state': {}, 'action_taken': 'clientele ratification character', 'reward': -50.0}

- {'state': {}, 'action_taken': 'gracious endure dashing', 'reward': -25.0}

- {'state': {}, 'action_taken': 'gracious endure dashing', 'reward': -25.0}


---

Please select an action from the list of action options in order to maximize the reward for your task.
When selecting an action, put the exact name of the action between action tags like: <action> action_name </action>.

Your thinking budget is 150 tokens. If you exceed this limit, you will be forced to provide an immediate answer.
Your overall generation limit is 200 tokens.
2026-01-20 23:41:10,328 - src.driver - INFO - GENERATED CONTENT: <action> gracious endure dashing</action> has the highest average reward (-25) compared to the other arms, so I will choose it again 
 PARSED ACTION: gracious endure dashing
2026-01-20 23:41:10,329 - src.driver - INFO - You will be assigned a task. 
You will receive the actions you have available, followed by the action history. 
Your goal is to maximize the total reward across all 10 steps. We are on step 6. 

Task Assignment:
---
You are faced with a 3-armed bandit problem.  Each action corresponds to pulling a specific arm. Each arm is associated with a Gaussian distribution with a fixed but unknown mean. At each time step, you will select a field and receive a reward drawn from the associated distribution. Your goal is to select which arm to pull in order to maximize your reward across all of your turns.
---

Available Actions:
---

- Arm Name: gracious endure dashing 

- Arm Name: grated poisoning incestuous 

- Arm Name: clientele ratification character 

---
When selecting an action, include only the name of the action. Do not include the dashes used to indicate the list here.

History:
---


- {'state': {}, 'action_taken': 'gracious endure dashing', 'reward': -25.0}

- {'state': {}, 'action_taken': 'grated poisoning incestuous', 'reward': -75.0}

- {'state': {}, 'action_taken': 'clientele ratification character', 'reward': -50.0}

- {'state': {}, 'action_taken': 'gracious endure dashing', 'reward': -25.0}

- {'state': {}, 'action_taken': 'gracious endure dashing', 'reward': -25.0}

- {'state': {}, 'action_taken': 'gracious endure dashing', 'reward': -25.0}


---

Please select an action from the list of action options in order to maximize the reward for your task.
When selecting an action, put the exact name of the action between action tags like: <action> action_name </action>.

Your thinking budget is 150 tokens. If you exceed this limit, you will be forced to provide an immediate answer.
Your overall generation limit is 200 tokens.
2026-01-20 23:41:26,259 - src.driver - INFO - GENERATED CONTENT: <action>  clientele ratification character </action> 
 PARSED ACTION: clientele ratification character
2026-01-20 23:41:26,260 - src.driver - INFO - You will be assigned a task. 
You will receive the actions you have available, followed by the action history. 
Your goal is to maximize the total reward across all 10 steps. We are on step 7. 

Task Assignment:
---
You are faced with a 3-armed bandit problem.  Each action corresponds to pulling a specific arm. Each arm is associated with a Gaussian distribution with a fixed but unknown mean. At each time step, you will select a field and receive a reward drawn from the associated distribution. Your goal is to select which arm to pull in order to maximize your reward across all of your turns.
---

Available Actions:
---

- Arm Name: gracious endure dashing 

- Arm Name: grated poisoning incestuous 

- Arm Name: clientele ratification character 

---
When selecting an action, include only the name of the action. Do not include the dashes used to indicate the list here.

History:
---


- {'state': {}, 'action_taken': 'gracious endure dashing', 'reward': -25.0}

- {'state': {}, 'action_taken': 'grated poisoning incestuous', 'reward': -75.0}

- {'state': {}, 'action_taken': 'clientele ratification character', 'reward': -50.0}

- {'state': {}, 'action_taken': 'gracious endure dashing', 'reward': -25.0}

- {'state': {}, 'action_taken': 'gracious endure dashing', 'reward': -25.0}

- {'state': {}, 'action_taken': 'gracious endure dashing', 'reward': -25.0}

- {'state': {}, 'action_taken': 'clientele ratification character', 'reward': -50.0}


---

Please select an action from the list of action options in order to maximize the reward for your task.
When selecting an action, put the exact name of the action between action tags like: <action> action_name </action>.

Your thinking budget is 150 tokens. If you exceed this limit, you will be forced to provide an immediate answer.
Your overall generation limit is 200 tokens.
2026-01-20 23:41:42,794 - src.driver - INFO - GENERATED CONTENT: <action> gracious endure dashing</action> 
 PARSED ACTION: gracious endure dashing
2026-01-20 23:41:42,795 - src.driver - INFO - You will be assigned a task. 
You will receive the actions you have available, followed by the action history. 
Your goal is to maximize the total reward across all 10 steps. We are on step 8. 

Task Assignment:
---
You are faced with a 3-armed bandit problem.  Each action corresponds to pulling a specific arm. Each arm is associated with a Gaussian distribution with a fixed but unknown mean. At each time step, you will select a field and receive a reward drawn from the associated distribution. Your goal is to select which arm to pull in order to maximize your reward across all of your turns.
---

Available Actions:
---

- Arm Name: gracious endure dashing 

- Arm Name: grated poisoning incestuous 

- Arm Name: clientele ratification character 

---
When selecting an action, include only the name of the action. Do not include the dashes used to indicate the list here.

History:
---


- {'state': {}, 'action_taken': 'gracious endure dashing', 'reward': -25.0}

- {'state': {}, 'action_taken': 'grated poisoning incestuous', 'reward': -75.0}

- {'state': {}, 'action_taken': 'clientele ratification character', 'reward': -50.0}

- {'state': {}, 'action_taken': 'gracious endure dashing', 'reward': -25.0}

- {'state': {}, 'action_taken': 'gracious endure dashing', 'reward': -25.0}

- {'state': {}, 'action_taken': 'gracious endure dashing', 'reward': -25.0}

- {'state': {}, 'action_taken': 'clientele ratification character', 'reward': -50.0}

- {'state': {}, 'action_taken': 'gracious endure dashing', 'reward': -25.0}


---

Please select an action from the list of action options in order to maximize the reward for your task.
When selecting an action, put the exact name of the action between action tags like: <action> action_name </action>.

Your thinking budget is 150 tokens. If you exceed this limit, you will be forced to provide an immediate answer.
Your overall generation limit is 200 tokens.
2026-01-20 23:41:59,337 - src.driver - INFO - GENERATED CONTENT: <action>  clientele ratification character </action> 
 PARSED ACTION: clientele ratification character
2026-01-20 23:41:59,338 - src.driver - INFO - You will be assigned a task. 
You will receive the actions you have available, followed by the action history. 
Your goal is to maximize the total reward across all 10 steps. We are on step 9. 

Task Assignment:
---
You are faced with a 3-armed bandit problem.  Each action corresponds to pulling a specific arm. Each arm is associated with a Gaussian distribution with a fixed but unknown mean. At each time step, you will select a field and receive a reward drawn from the associated distribution. Your goal is to select which arm to pull in order to maximize your reward across all of your turns.
---

Available Actions:
---

- Arm Name: gracious endure dashing 

- Arm Name: grated poisoning incestuous 

- Arm Name: clientele ratification character 

---
When selecting an action, include only the name of the action. Do not include the dashes used to indicate the list here.

History:
---


- {'state': {}, 'action_taken': 'gracious endure dashing', 'reward': -25.0}

- {'state': {}, 'action_taken': 'grated poisoning incestuous', 'reward': -75.0}

- {'state': {}, 'action_taken': 'clientele ratification character', 'reward': -50.0}

- {'state': {}, 'action_taken': 'gracious endure dashing', 'reward': -25.0}

- {'state': {}, 'action_taken': 'gracious endure dashing', 'reward': -25.0}

- {'state': {}, 'action_taken': 'gracious endure dashing', 'reward': -25.0}

- {'state': {}, 'action_taken': 'clientele ratification character', 'reward': -50.0}

- {'state': {}, 'action_taken': 'gracious endure dashing', 'reward': -25.0}

- {'state': {}, 'action_taken': 'clientele ratification character', 'reward': -50.0}


---

Please select an action from the list of action options in order to maximize the reward for your task.
When selecting an action, put the exact name of the action between action tags like: <action> action_name </action>.

Your thinking budget is 150 tokens. If you exceed this limit, you will be forced to provide an immediate answer.
Your overall generation limit is 200 tokens.
2026-01-20 23:42:16,021 - src.driver - INFO - GENERATED CONTENT: <action>  grated poisoning incestuous </action> 
 PARSED ACTION: grated poisoning incestuous
2026-01-20 23:42:16,038 - src.driver - INFO - You will be assigned a task. 
You will receive the actions you have available, followed by the action history. 
Your goal is to maximize the total reward across all 10 steps. We are on step 0. 

Task Assignment:
---
You are faced with a 3-armed bandit problem.  Each action corresponds to pulling a specific arm. Each arm is associated with a Gaussian distribution with a fixed but unknown mean. At each time step, you will select a field and receive a reward drawn from the associated distribution. Your goal is to select which arm to pull in order to maximize your reward across all of your turns.
---

Available Actions:
---

- Arm Name: delirium indifference exaggerated 

- Arm Name: clientele ratification character 

- Arm Name: smile supremely immortal 

---
When selecting an action, include only the name of the action. Do not include the dashes used to indicate the list here.

History:
---

This is the first turn. There is no history.

---

Please select an action from the list of action options in order to maximize the reward for your task.
When selecting an action, put the exact name of the action between action tags like: <action> action_name </action>.

Your thinking budget is 150 tokens. If you exceed this limit, you will be forced to provide an immediate answer.
Your overall generation limit is 200 tokens.
2026-01-20 23:42:30,751 - src.driver - INFO - GENERATED CONTENT: <action>  smile supremely immortal </action> 
 PARSED ACTION: smile supremely immortal
2026-01-20 23:42:30,752 - src.driver - INFO - You will be assigned a task. 
You will receive the actions you have available, followed by the action history. 
Your goal is to maximize the total reward across all 10 steps. We are on step 1. 

Task Assignment:
---
You are faced with a 3-armed bandit problem.  Each action corresponds to pulling a specific arm. Each arm is associated with a Gaussian distribution with a fixed but unknown mean. At each time step, you will select a field and receive a reward drawn from the associated distribution. Your goal is to select which arm to pull in order to maximize your reward across all of your turns.
---

Available Actions:
---

- Arm Name: delirium indifference exaggerated 

- Arm Name: clientele ratification character 

- Arm Name: smile supremely immortal 

---
When selecting an action, include only the name of the action. Do not include the dashes used to indicate the list here.

History:
---


- {'state': {}, 'action_taken': 'smile supremely immortal', 'reward': -25.0}


---

Please select an action from the list of action options in order to maximize the reward for your task.
When selecting an action, put the exact name of the action between action tags like: <action> action_name </action>.

Your thinking budget is 150 tokens. If you exceed this limit, you will be forced to provide an immediate answer.
Your overall generation limit is 200 tokens.
2026-01-20 23:42:45,510 - src.driver - INFO - GENERATED CONTENT: <action>  delirium indifference exaggerated </action> 
 PARSED ACTION: delirium indifference exaggerated
2026-01-20 23:42:45,511 - src.driver - INFO - You will be assigned a task. 
You will receive the actions you have available, followed by the action history. 
Your goal is to maximize the total reward across all 10 steps. We are on step 2. 

Task Assignment:
---
You are faced with a 3-armed bandit problem.  Each action corresponds to pulling a specific arm. Each arm is associated with a Gaussian distribution with a fixed but unknown mean. At each time step, you will select a field and receive a reward drawn from the associated distribution. Your goal is to select which arm to pull in order to maximize your reward across all of your turns.
---

Available Actions:
---

- Arm Name: delirium indifference exaggerated 

- Arm Name: clientele ratification character 

- Arm Name: smile supremely immortal 

---
When selecting an action, include only the name of the action. Do not include the dashes used to indicate the list here.

History:
---


- {'state': {}, 'action_taken': 'smile supremely immortal', 'reward': -25.0}

- {'state': {}, 'action_taken': 'delirium indifference exaggerated', 'reward': -75.0}


---

Please select an action from the list of action options in order to maximize the reward for your task.
When selecting an action, put the exact name of the action between action tags like: <action> action_name </action>.

Your thinking budget is 150 tokens. If you exceed this limit, you will be forced to provide an immediate answer.
Your overall generation limit is 200 tokens.
2026-01-20 23:43:00,762 - src.driver - INFO - GENERATED CONTENT: <action> clientele ratification character</action> 
 PARSED ACTION: clientele ratification character
2026-01-20 23:43:00,763 - src.driver - INFO - You will be assigned a task. 
You will receive the actions you have available, followed by the action history. 
Your goal is to maximize the total reward across all 10 steps. We are on step 3. 

Task Assignment:
---
You are faced with a 3-armed bandit problem.  Each action corresponds to pulling a specific arm. Each arm is associated with a Gaussian distribution with a fixed but unknown mean. At each time step, you will select a field and receive a reward drawn from the associated distribution. Your goal is to select which arm to pull in order to maximize your reward across all of your turns.
---

Available Actions:
---

- Arm Name: delirium indifference exaggerated 

- Arm Name: clientele ratification character 

- Arm Name: smile supremely immortal 

---
When selecting an action, include only the name of the action. Do not include the dashes used to indicate the list here.

History:
---


- {'state': {}, 'action_taken': 'smile supremely immortal', 'reward': -25.0}

- {'state': {}, 'action_taken': 'delirium indifference exaggerated', 'reward': -75.0}

- {'state': {}, 'action_taken': 'clientele ratification character', 'reward': -50.0}


---

Please select an action from the list of action options in order to maximize the reward for your task.
When selecting an action, put the exact name of the action between action tags like: <action> action_name </action>.

Your thinking budget is 150 tokens. If you exceed this limit, you will be forced to provide an immediate answer.
Your overall generation limit is 200 tokens.
2026-01-20 23:43:16,038 - src.driver - INFO - GENERATED CONTENT: <action>  smile supremely immortal </action> 
 PARSED ACTION: smile supremely immortal
2026-01-20 23:43:16,039 - src.driver - INFO - You will be assigned a task. 
You will receive the actions you have available, followed by the action history. 
Your goal is to maximize the total reward across all 10 steps. We are on step 4. 

Task Assignment:
---
You are faced with a 3-armed bandit problem.  Each action corresponds to pulling a specific arm. Each arm is associated with a Gaussian distribution with a fixed but unknown mean. At each time step, you will select a field and receive a reward drawn from the associated distribution. Your goal is to select which arm to pull in order to maximize your reward across all of your turns.
---

Available Actions:
---

- Arm Name: delirium indifference exaggerated 

- Arm Name: clientele ratification character 

- Arm Name: smile supremely immortal 

---
When selecting an action, include only the name of the action. Do not include the dashes used to indicate the list here.

History:
---


- {'state': {}, 'action_taken': 'smile supremely immortal', 'reward': -25.0}

- {'state': {}, 'action_taken': 'delirium indifference exaggerated', 'reward': -75.0}

- {'state': {}, 'action_taken': 'clientele ratification character', 'reward': -50.0}

- {'state': {}, 'action_taken': 'smile supremely immortal', 'reward': -25.0}


---

Please select an action from the list of action options in order to maximize the reward for your task.
When selecting an action, put the exact name of the action between action tags like: <action> action_name </action>.

Your thinking budget is 150 tokens. If you exceed this limit, you will be forced to provide an immediate answer.
Your overall generation limit is 200 tokens.
2026-01-20 23:43:31,569 - src.driver - INFO - GENERATED CONTENT: <action>  smile supremely immortal </action> 
 PARSED ACTION: smile supremely immortal
2026-01-20 23:43:31,571 - src.driver - INFO - You will be assigned a task. 
You will receive the actions you have available, followed by the action history. 
Your goal is to maximize the total reward across all 10 steps. We are on step 5. 

Task Assignment:
---
You are faced with a 3-armed bandit problem.  Each action corresponds to pulling a specific arm. Each arm is associated with a Gaussian distribution with a fixed but unknown mean. At each time step, you will select a field and receive a reward drawn from the associated distribution. Your goal is to select which arm to pull in order to maximize your reward across all of your turns.
---

Available Actions:
---

- Arm Name: delirium indifference exaggerated 

- Arm Name: clientele ratification character 

- Arm Name: smile supremely immortal 

---
When selecting an action, include only the name of the action. Do not include the dashes used to indicate the list here.

History:
---


- {'state': {}, 'action_taken': 'smile supremely immortal', 'reward': -25.0}

- {'state': {}, 'action_taken': 'delirium indifference exaggerated', 'reward': -75.0}

- {'state': {}, 'action_taken': 'clientele ratification character', 'reward': -50.0}

- {'state': {}, 'action_taken': 'smile supremely immortal', 'reward': -25.0}

- {'state': {}, 'action_taken': 'smile supremely immortal', 'reward': -25.0}


---

Please select an action from the list of action options in order to maximize the reward for your task.
When selecting an action, put the exact name of the action between action tags like: <action> action_name </action>.

Your thinking budget is 150 tokens. If you exceed this limit, you will be forced to provide an immediate answer.
Your overall generation limit is 200 tokens.
2026-01-20 23:43:47,310 - src.driver - INFO - GENERATED CONTENT: <action>  smile supremely immortal </action> 
 PARSED ACTION: smile supremely immortal
2026-01-20 23:43:47,311 - src.driver - INFO - You will be assigned a task. 
You will receive the actions you have available, followed by the action history. 
Your goal is to maximize the total reward across all 10 steps. We are on step 6. 

Task Assignment:
---
You are faced with a 3-armed bandit problem.  Each action corresponds to pulling a specific arm. Each arm is associated with a Gaussian distribution with a fixed but unknown mean. At each time step, you will select a field and receive a reward drawn from the associated distribution. Your goal is to select which arm to pull in order to maximize your reward across all of your turns.
---

Available Actions:
---

- Arm Name: delirium indifference exaggerated 

- Arm Name: clientele ratification character 

- Arm Name: smile supremely immortal 

---
When selecting an action, include only the name of the action. Do not include the dashes used to indicate the list here.

History:
---


- {'state': {}, 'action_taken': 'smile supremely immortal', 'reward': -25.0}

- {'state': {}, 'action_taken': 'delirium indifference exaggerated', 'reward': -75.0}

- {'state': {}, 'action_taken': 'clientele ratification character', 'reward': -50.0}

- {'state': {}, 'action_taken': 'smile supremely immortal', 'reward': -25.0}

- {'state': {}, 'action_taken': 'smile supremely immortal', 'reward': -25.0}

- {'state': {}, 'action_taken': 'smile supremely immortal', 'reward': -25.0}


---

Please select an action from the list of action options in order to maximize the reward for your task.
When selecting an action, put the exact name of the action between action tags like: <action> action_name </action>.

Your thinking budget is 150 tokens. If you exceed this limit, you will be forced to provide an immediate answer.
Your overall generation limit is 200 tokens.
2026-01-20 23:44:03,294 - src.driver - INFO - GENERATED CONTENT: <action>  clientele ratification character </action> 
 PARSED ACTION: clientele ratification character
2026-01-20 23:44:03,295 - src.driver - INFO - You will be assigned a task. 
You will receive the actions you have available, followed by the action history. 
Your goal is to maximize the total reward across all 10 steps. We are on step 7. 

Task Assignment:
---
You are faced with a 3-armed bandit problem.  Each action corresponds to pulling a specific arm. Each arm is associated with a Gaussian distribution with a fixed but unknown mean. At each time step, you will select a field and receive a reward drawn from the associated distribution. Your goal is to select which arm to pull in order to maximize your reward across all of your turns.
---

Available Actions:
---

- Arm Name: delirium indifference exaggerated 

- Arm Name: clientele ratification character 

- Arm Name: smile supremely immortal 

---
When selecting an action, include only the name of the action. Do not include the dashes used to indicate the list here.

History:
---


- {'state': {}, 'action_taken': 'smile supremely immortal', 'reward': -25.0}

- {'state': {}, 'action_taken': 'delirium indifference exaggerated', 'reward': -75.0}

- {'state': {}, 'action_taken': 'clientele ratification character', 'reward': -50.0}

- {'state': {}, 'action_taken': 'smile supremely immortal', 'reward': -25.0}

- {'state': {}, 'action_taken': 'smile supremely immortal', 'reward': -25.0}

- {'state': {}, 'action_taken': 'smile supremely immortal', 'reward': -25.0}

- {'state': {}, 'action_taken': 'clientele ratification character', 'reward': -50.0}


---

Please select an action from the list of action options in order to maximize the reward for your task.
When selecting an action, put the exact name of the action between action tags like: <action> action_name </action>.

Your thinking budget is 150 tokens. If you exceed this limit, you will be forced to provide an immediate answer.
Your overall generation limit is 200 tokens.
2026-01-20 23:44:19,805 - src.driver - INFO - GENERATED CONTENT: <action>  delirium indifference exaggerated </action> 
 PARSED ACTION: delirium indifference exaggerated
2026-01-20 23:44:19,806 - src.driver - INFO - You will be assigned a task. 
You will receive the actions you have available, followed by the action history. 
Your goal is to maximize the total reward across all 10 steps. We are on step 8. 

Task Assignment:
---
You are faced with a 3-armed bandit problem.  Each action corresponds to pulling a specific arm. Each arm is associated with a Gaussian distribution with a fixed but unknown mean. At each time step, you will select a field and receive a reward drawn from the associated distribution. Your goal is to select which arm to pull in order to maximize your reward across all of your turns.
---

Available Actions:
---

- Arm Name: delirium indifference exaggerated 

- Arm Name: clientele ratification character 

- Arm Name: smile supremely immortal 

---
When selecting an action, include only the name of the action. Do not include the dashes used to indicate the list here.

History:
---


- {'state': {}, 'action_taken': 'smile supremely immortal', 'reward': -25.0}

- {'state': {}, 'action_taken': 'delirium indifference exaggerated', 'reward': -75.0}

- {'state': {}, 'action_taken': 'clientele ratification character', 'reward': -50.0}

- {'state': {}, 'action_taken': 'smile supremely immortal', 'reward': -25.0}

- {'state': {}, 'action_taken': 'smile supremely immortal', 'reward': -25.0}

- {'state': {}, 'action_taken': 'smile supremely immortal', 'reward': -25.0}

- {'state': {}, 'action_taken': 'clientele ratification character', 'reward': -50.0}

- {'state': {}, 'action_taken': 'delirium indifference exaggerated', 'reward': -75.0}


---

Please select an action from the list of action options in order to maximize the reward for your task.
When selecting an action, put the exact name of the action between action tags like: <action> action_name </action>.

Your thinking budget is 150 tokens. If you exceed this limit, you will be forced to provide an immediate answer.
Your overall generation limit is 200 tokens.
2026-01-20 23:44:36,269 - src.driver - INFO - GENERATED CONTENT: <action>  smile supremely immortal </action> 
 PARSED ACTION: smile supremely immortal
2026-01-20 23:44:36,270 - src.driver - INFO - You will be assigned a task. 
You will receive the actions you have available, followed by the action history. 
Your goal is to maximize the total reward across all 10 steps. We are on step 9. 

Task Assignment:
---
You are faced with a 3-armed bandit problem.  Each action corresponds to pulling a specific arm. Each arm is associated with a Gaussian distribution with a fixed but unknown mean. At each time step, you will select a field and receive a reward drawn from the associated distribution. Your goal is to select which arm to pull in order to maximize your reward across all of your turns.
---

Available Actions:
---

- Arm Name: delirium indifference exaggerated 

- Arm Name: clientele ratification character 

- Arm Name: smile supremely immortal 

---
When selecting an action, include only the name of the action. Do not include the dashes used to indicate the list here.

History:
---


- {'state': {}, 'action_taken': 'smile supremely immortal', 'reward': -25.0}

- {'state': {}, 'action_taken': 'delirium indifference exaggerated', 'reward': -75.0}

- {'state': {}, 'action_taken': 'clientele ratification character', 'reward': -50.0}

- {'state': {}, 'action_taken': 'smile supremely immortal', 'reward': -25.0}

- {'state': {}, 'action_taken': 'smile supremely immortal', 'reward': -25.0}

- {'state': {}, 'action_taken': 'smile supremely immortal', 'reward': -25.0}

- {'state': {}, 'action_taken': 'clientele ratification character', 'reward': -50.0}

- {'state': {}, 'action_taken': 'delirium indifference exaggerated', 'reward': -75.0}

- {'state': {}, 'action_taken': 'smile supremely immortal', 'reward': -25.0}


---

Please select an action from the list of action options in order to maximize the reward for your task.
When selecting an action, put the exact name of the action between action tags like: <action> action_name </action>.

Your thinking budget is 150 tokens. If you exceed this limit, you will be forced to provide an immediate answer.
Your overall generation limit is 200 tokens.
2026-01-20 23:44:53,004 - src.driver - INFO - GENERATED CONTENT: <action>  smile supremely immortal </action> 
 PARSED ACTION: smile supremely immortal
2026-01-20 23:44:53,021 - src.driver - INFO - You will be assigned a task. 
You will receive the actions you have available, followed by the action history. 
Your goal is to maximize the total reward across all 10 steps. We are on step 0. 

Task Assignment:
---
You are faced with a 3-armed bandit problem.  Each action corresponds to pulling a specific arm. Each arm is associated with a Gaussian distribution with a fixed but unknown mean. At each time step, you will select a field and receive a reward drawn from the associated distribution. Your goal is to select which arm to pull in order to maximize your reward across all of your turns.
---

Available Actions:
---

- Arm Name: emancipation dictionary granted 

- Arm Name: deserving beeswax intercom 

- Arm Name: delirium indifference exaggerated 

---
When selecting an action, include only the name of the action. Do not include the dashes used to indicate the list here.

History:
---

This is the first turn. There is no history.

---

Please select an action from the list of action options in order to maximize the reward for your task.
When selecting an action, put the exact name of the action between action tags like: <action> action_name </action>.

Your thinking budget is 150 tokens. If you exceed this limit, you will be forced to provide an immediate answer.
Your overall generation limit is 200 tokens.
2026-01-20 23:45:07,735 - src.driver - INFO - GENERATED CONTENT: <action>  emancipation dictionary granted </action> 
 PARSED ACTION: emancipation dictionary granted
2026-01-20 23:45:07,736 - src.driver - INFO - You will be assigned a task. 
You will receive the actions you have available, followed by the action history. 
Your goal is to maximize the total reward across all 10 steps. We are on step 1. 

Task Assignment:
---
You are faced with a 3-armed bandit problem.  Each action corresponds to pulling a specific arm. Each arm is associated with a Gaussian distribution with a fixed but unknown mean. At each time step, you will select a field and receive a reward drawn from the associated distribution. Your goal is to select which arm to pull in order to maximize your reward across all of your turns.
---

Available Actions:
---

- Arm Name: emancipation dictionary granted 

- Arm Name: deserving beeswax intercom 

- Arm Name: delirium indifference exaggerated 

---
When selecting an action, include only the name of the action. Do not include the dashes used to indicate the list here.

History:
---


- {'state': {}, 'action_taken': 'emancipation dictionary granted', 'reward': -25.0}


---

Please select an action from the list of action options in order to maximize the reward for your task.
When selecting an action, put the exact name of the action between action tags like: <action> action_name </action>.

Your thinking budget is 150 tokens. If you exceed this limit, you will be forced to provide an immediate answer.
Your overall generation limit is 200 tokens.
2026-01-20 23:45:22,725 - src.driver - INFO - GENERATED CONTENT: <action> delirium indifference exaggerated</action> 
 PARSED ACTION: delirium indifference exaggerated
2026-01-20 23:45:22,726 - src.driver - INFO - You will be assigned a task. 
You will receive the actions you have available, followed by the action history. 
Your goal is to maximize the total reward across all 10 steps. We are on step 2. 

Task Assignment:
---
You are faced with a 3-armed bandit problem.  Each action corresponds to pulling a specific arm. Each arm is associated with a Gaussian distribution with a fixed but unknown mean. At each time step, you will select a field and receive a reward drawn from the associated distribution. Your goal is to select which arm to pull in order to maximize your reward across all of your turns.
---

Available Actions:
---

- Arm Name: emancipation dictionary granted 

- Arm Name: deserving beeswax intercom 

- Arm Name: delirium indifference exaggerated 

---
When selecting an action, include only the name of the action. Do not include the dashes used to indicate the list here.

History:
---


- {'state': {}, 'action_taken': 'emancipation dictionary granted', 'reward': -25.0}

- {'state': {}, 'action_taken': 'delirium indifference exaggerated', 'reward': -75.0}


---

Please select an action from the list of action options in order to maximize the reward for your task.
When selecting an action, put the exact name of the action between action tags like: <action> action_name </action>.

Your thinking budget is 150 tokens. If you exceed this limit, you will be forced to provide an immediate answer.
Your overall generation limit is 200 tokens.
2026-01-20 23:45:38,153 - src.driver - INFO - GENERATED CONTENT: <action>  deserving beeswax intercom </action> 
 PARSED ACTION: deserving beeswax intercom
2026-01-20 23:45:38,154 - src.driver - INFO - You will be assigned a task. 
You will receive the actions you have available, followed by the action history. 
Your goal is to maximize the total reward across all 10 steps. We are on step 3. 

Task Assignment:
---
You are faced with a 3-armed bandit problem.  Each action corresponds to pulling a specific arm. Each arm is associated with a Gaussian distribution with a fixed but unknown mean. At each time step, you will select a field and receive a reward drawn from the associated distribution. Your goal is to select which arm to pull in order to maximize your reward across all of your turns.
---

Available Actions:
---

- Arm Name: emancipation dictionary granted 

- Arm Name: deserving beeswax intercom 

- Arm Name: delirium indifference exaggerated 

---
When selecting an action, include only the name of the action. Do not include the dashes used to indicate the list here.

History:
---


- {'state': {}, 'action_taken': 'emancipation dictionary granted', 'reward': -25.0}

- {'state': {}, 'action_taken': 'delirium indifference exaggerated', 'reward': -75.0}

- {'state': {}, 'action_taken': 'deserving beeswax intercom', 'reward': -50.0}


---

Please select an action from the list of action options in order to maximize the reward for your task.
When selecting an action, put the exact name of the action between action tags like: <action> action_name </action>.

Your thinking budget is 150 tokens. If you exceed this limit, you will be forced to provide an immediate answer.
Your overall generation limit is 200 tokens.
2026-01-20 23:45:53,444 - src.driver - INFO - GENERATED CONTENT: <action>  emancipation dictionary granted </action> 
 PARSED ACTION: emancipation dictionary granted
2026-01-20 23:45:53,445 - src.driver - INFO - You will be assigned a task. 
You will receive the actions you have available, followed by the action history. 
Your goal is to maximize the total reward across all 10 steps. We are on step 4. 

Task Assignment:
---
You are faced with a 3-armed bandit problem.  Each action corresponds to pulling a specific arm. Each arm is associated with a Gaussian distribution with a fixed but unknown mean. At each time step, you will select a field and receive a reward drawn from the associated distribution. Your goal is to select which arm to pull in order to maximize your reward across all of your turns.
---

Available Actions:
---

- Arm Name: emancipation dictionary granted 

- Arm Name: deserving beeswax intercom 

- Arm Name: delirium indifference exaggerated 

---
When selecting an action, include only the name of the action. Do not include the dashes used to indicate the list here.

History:
---


- {'state': {}, 'action_taken': 'emancipation dictionary granted', 'reward': -25.0}

- {'state': {}, 'action_taken': 'delirium indifference exaggerated', 'reward': -75.0}

- {'state': {}, 'action_taken': 'deserving beeswax intercom', 'reward': -50.0}

- {'state': {}, 'action_taken': 'emancipation dictionary granted', 'reward': -25.0}


---

Please select an action from the list of action options in order to maximize the reward for your task.
When selecting an action, put the exact name of the action between action tags like: <action> action_name </action>.

Your thinking budget is 150 tokens. If you exceed this limit, you will be forced to provide an immediate answer.
Your overall generation limit is 200 tokens.
2026-01-20 23:46:09,059 - src.driver - INFO - GENERATED CONTENT: <action>  emancipation dictionary granted </action> 
 PARSED ACTION: emancipation dictionary granted
2026-01-20 23:46:09,060 - src.driver - INFO - You will be assigned a task. 
You will receive the actions you have available, followed by the action history. 
Your goal is to maximize the total reward across all 10 steps. We are on step 5. 

Task Assignment:
---
You are faced with a 3-armed bandit problem.  Each action corresponds to pulling a specific arm. Each arm is associated with a Gaussian distribution with a fixed but unknown mean. At each time step, you will select a field and receive a reward drawn from the associated distribution. Your goal is to select which arm to pull in order to maximize your reward across all of your turns.
---

Available Actions:
---

- Arm Name: emancipation dictionary granted 

- Arm Name: deserving beeswax intercom 

- Arm Name: delirium indifference exaggerated 

---
When selecting an action, include only the name of the action. Do not include the dashes used to indicate the list here.

History:
---


- {'state': {}, 'action_taken': 'emancipation dictionary granted', 'reward': -25.0}

- {'state': {}, 'action_taken': 'delirium indifference exaggerated', 'reward': -75.0}

- {'state': {}, 'action_taken': 'deserving beeswax intercom', 'reward': -50.0}

- {'state': {}, 'action_taken': 'emancipation dictionary granted', 'reward': -25.0}

- {'state': {}, 'action_taken': 'emancipation dictionary granted', 'reward': -25.0}


---

Please select an action from the list of action options in order to maximize the reward for your task.
When selecting an action, put the exact name of the action between action tags like: <action> action_name </action>.

Your thinking budget is 150 tokens. If you exceed this limit, you will be forced to provide an immediate answer.
Your overall generation limit is 200 tokens.
2026-01-20 23:46:25,056 - src.driver - INFO - GENERATED CONTENT: <action> delirium indifference exaggerated</action> 
 PARSED ACTION: delirium indifference exaggerated
2026-01-20 23:46:25,057 - src.driver - INFO - You will be assigned a task. 
You will receive the actions you have available, followed by the action history. 
Your goal is to maximize the total reward across all 10 steps. We are on step 6. 

Task Assignment:
---
You are faced with a 3-armed bandit problem.  Each action corresponds to pulling a specific arm. Each arm is associated with a Gaussian distribution with a fixed but unknown mean. At each time step, you will select a field and receive a reward drawn from the associated distribution. Your goal is to select which arm to pull in order to maximize your reward across all of your turns.
---

Available Actions:
---

- Arm Name: emancipation dictionary granted 

- Arm Name: deserving beeswax intercom 

- Arm Name: delirium indifference exaggerated 

---
When selecting an action, include only the name of the action. Do not include the dashes used to indicate the list here.

History:
---


- {'state': {}, 'action_taken': 'emancipation dictionary granted', 'reward': -25.0}

- {'state': {}, 'action_taken': 'delirium indifference exaggerated', 'reward': -75.0}

- {'state': {}, 'action_taken': 'deserving beeswax intercom', 'reward': -50.0}

- {'state': {}, 'action_taken': 'emancipation dictionary granted', 'reward': -25.0}

- {'state': {}, 'action_taken': 'emancipation dictionary granted', 'reward': -25.0}

- {'state': {}, 'action_taken': 'delirium indifference exaggerated', 'reward': -75.0}


---

Please select an action from the list of action options in order to maximize the reward for your task.
When selecting an action, put the exact name of the action between action tags like: <action> action_name </action>.

Your thinking budget is 150 tokens. If you exceed this limit, you will be forced to provide an immediate answer.
Your overall generation limit is 200 tokens.
2026-01-20 23:46:41,181 - src.driver - INFO - GENERATED CONTENT: <action>  deserving beeswax intercom </action> 
 PARSED ACTION: deserving beeswax intercom
2026-01-20 23:46:41,182 - src.driver - INFO - You will be assigned a task. 
You will receive the actions you have available, followed by the action history. 
Your goal is to maximize the total reward across all 10 steps. We are on step 7. 

Task Assignment:
---
You are faced with a 3-armed bandit problem.  Each action corresponds to pulling a specific arm. Each arm is associated with a Gaussian distribution with a fixed but unknown mean. At each time step, you will select a field and receive a reward drawn from the associated distribution. Your goal is to select which arm to pull in order to maximize your reward across all of your turns.
---

Available Actions:
---

- Arm Name: emancipation dictionary granted 

- Arm Name: deserving beeswax intercom 

- Arm Name: delirium indifference exaggerated 

---
When selecting an action, include only the name of the action. Do not include the dashes used to indicate the list here.

History:
---


- {'state': {}, 'action_taken': 'emancipation dictionary granted', 'reward': -25.0}

- {'state': {}, 'action_taken': 'delirium indifference exaggerated', 'reward': -75.0}

- {'state': {}, 'action_taken': 'deserving beeswax intercom', 'reward': -50.0}

- {'state': {}, 'action_taken': 'emancipation dictionary granted', 'reward': -25.0}

- {'state': {}, 'action_taken': 'emancipation dictionary granted', 'reward': -25.0}

- {'state': {}, 'action_taken': 'delirium indifference exaggerated', 'reward': -75.0}

- {'state': {}, 'action_taken': 'deserving beeswax intercom', 'reward': -50.0}


---

Please select an action from the list of action options in order to maximize the reward for your task.
When selecting an action, put the exact name of the action between action tags like: <action> action_name </action>.

Your thinking budget is 150 tokens. If you exceed this limit, you will be forced to provide an immediate answer.
Your overall generation limit is 200 tokens.
2026-01-20 23:46:57,663 - src.driver - INFO - GENERATED CONTENT: <action>  emancipation dictionary granted </action> 
 PARSED ACTION: emancipation dictionary granted
2026-01-20 23:46:57,664 - src.driver - INFO - You will be assigned a task. 
You will receive the actions you have available, followed by the action history. 
Your goal is to maximize the total reward across all 10 steps. We are on step 8. 

Task Assignment:
---
You are faced with a 3-armed bandit problem.  Each action corresponds to pulling a specific arm. Each arm is associated with a Gaussian distribution with a fixed but unknown mean. At each time step, you will select a field and receive a reward drawn from the associated distribution. Your goal is to select which arm to pull in order to maximize your reward across all of your turns.
---

Available Actions:
---

- Arm Name: emancipation dictionary granted 

- Arm Name: deserving beeswax intercom 

- Arm Name: delirium indifference exaggerated 

---
When selecting an action, include only the name of the action. Do not include the dashes used to indicate the list here.

History:
---


- {'state': {}, 'action_taken': 'emancipation dictionary granted', 'reward': -25.0}

- {'state': {}, 'action_taken': 'delirium indifference exaggerated', 'reward': -75.0}

- {'state': {}, 'action_taken': 'deserving beeswax intercom', 'reward': -50.0}

- {'state': {}, 'action_taken': 'emancipation dictionary granted', 'reward': -25.0}

- {'state': {}, 'action_taken': 'emancipation dictionary granted', 'reward': -25.0}

- {'state': {}, 'action_taken': 'delirium indifference exaggerated', 'reward': -75.0}

- {'state': {}, 'action_taken': 'deserving beeswax intercom', 'reward': -50.0}

- {'state': {}, 'action_taken': 'emancipation dictionary granted', 'reward': -25.0}


---

Please select an action from the list of action options in order to maximize the reward for your task.
When selecting an action, put the exact name of the action between action tags like: <action> action_name </action>.

Your thinking budget is 150 tokens. If you exceed this limit, you will be forced to provide an immediate answer.
Your overall generation limit is 200 tokens.
2026-01-20 23:47:14,282 - src.driver - INFO - GENERATED CONTENT: <action>  deserving beeswax intercom </action> 
 PARSED ACTION: deserving beeswax intercom
2026-01-20 23:47:14,283 - src.driver - INFO - You will be assigned a task. 
You will receive the actions you have available, followed by the action history. 
Your goal is to maximize the total reward across all 10 steps. We are on step 9. 

Task Assignment:
---
You are faced with a 3-armed bandit problem.  Each action corresponds to pulling a specific arm. Each arm is associated with a Gaussian distribution with a fixed but unknown mean. At each time step, you will select a field and receive a reward drawn from the associated distribution. Your goal is to select which arm to pull in order to maximize your reward across all of your turns.
---

Available Actions:
---

- Arm Name: emancipation dictionary granted 

- Arm Name: deserving beeswax intercom 

- Arm Name: delirium indifference exaggerated 

---
When selecting an action, include only the name of the action. Do not include the dashes used to indicate the list here.

History:
---


- {'state': {}, 'action_taken': 'emancipation dictionary granted', 'reward': -25.0}

- {'state': {}, 'action_taken': 'delirium indifference exaggerated', 'reward': -75.0}

- {'state': {}, 'action_taken': 'deserving beeswax intercom', 'reward': -50.0}

- {'state': {}, 'action_taken': 'emancipation dictionary granted', 'reward': -25.0}

- {'state': {}, 'action_taken': 'emancipation dictionary granted', 'reward': -25.0}

- {'state': {}, 'action_taken': 'delirium indifference exaggerated', 'reward': -75.0}

- {'state': {}, 'action_taken': 'deserving beeswax intercom', 'reward': -50.0}

- {'state': {}, 'action_taken': 'emancipation dictionary granted', 'reward': -25.0}

- {'state': {}, 'action_taken': 'deserving beeswax intercom', 'reward': -50.0}


---

Please select an action from the list of action options in order to maximize the reward for your task.
When selecting an action, put the exact name of the action between action tags like: <action> action_name </action>.

Your thinking budget is 150 tokens. If you exceed this limit, you will be forced to provide an immediate answer.
Your overall generation limit is 200 tokens.
2026-01-20 23:47:31,101 - src.driver - INFO - GENERATED CONTENT: <action>  delirium indifference exaggerated </action> 
 PARSED ACTION: delirium indifference exaggerated
