2026-01-20 23:43:55,699 - src.driver - INFO - You will be assigned a task. 
You will receive the actions you have available, followed by the action history. 
Your goal is to maximize the total reward across all 10 steps. We are on step 0. 

Task Assignment:
---
You are faced with a 3-armed bandit problem.  Each action corresponds to pulling a specific arm. Each arm is associated with a Gaussian distribution with a fixed but unknown mean. At each time step, you will select a field and receive a reward drawn from the associated distribution. Your goal is to select which arm to pull in order to maximize your reward across all of your turns.
---

Available Actions:
---

- Arm Name: desolation meddle stranded 

- Arm Name: defender pleasurable enablement 

- Arm Name: simultaneous crow matriculation 

---
When selecting an action, include only the name of the action. Do not include the dashes used to indicate the list here.

History:
---

This is the first turn. There is no history.

---

Please select an action from the list of action options in order to maximize the reward for your task.
When selecting an action, put the exact name of the action between action tags like: <action> action_name </action>.

Your thinking budget is 150 tokens. If you exceed this limit, you will be forced to provide an immediate answer.
Your overall generation limit is 200 tokens.
2026-01-20 23:44:10,568 - src.driver - INFO - GENERATED CONTENT: <action>  desolation meddle stranded </action> 
 PARSED ACTION: desolation meddle stranded
2026-01-20 23:44:10,568 - src.driver - INFO - You will be assigned a task. 
You will receive the actions you have available, followed by the action history. 
Your goal is to maximize the total reward across all 10 steps. We are on step 1. 

Task Assignment:
---
You are faced with a 3-armed bandit problem.  Each action corresponds to pulling a specific arm. Each arm is associated with a Gaussian distribution with a fixed but unknown mean. At each time step, you will select a field and receive a reward drawn from the associated distribution. Your goal is to select which arm to pull in order to maximize your reward across all of your turns.
---

Available Actions:
---

- Arm Name: desolation meddle stranded 

- Arm Name: defender pleasurable enablement 

- Arm Name: simultaneous crow matriculation 

---
When selecting an action, include only the name of the action. Do not include the dashes used to indicate the list here.

History:
---


- {'state': {}, 'action_taken': 'desolation meddle stranded', 'reward': 75.0}


---

Please select an action from the list of action options in order to maximize the reward for your task.
When selecting an action, put the exact name of the action between action tags like: <action> action_name </action>.

Your thinking budget is 150 tokens. If you exceed this limit, you will be forced to provide an immediate answer.
Your overall generation limit is 200 tokens.
2026-01-20 23:44:25,576 - src.driver - INFO - GENERATED CONTENT: <action>  defender pleasurable enablement </action> 
 PARSED ACTION: defender pleasurable enablement
2026-01-20 23:44:25,577 - src.driver - INFO - You will be assigned a task. 
You will receive the actions you have available, followed by the action history. 
Your goal is to maximize the total reward across all 10 steps. We are on step 2. 

Task Assignment:
---
You are faced with a 3-armed bandit problem.  Each action corresponds to pulling a specific arm. Each arm is associated with a Gaussian distribution with a fixed but unknown mean. At each time step, you will select a field and receive a reward drawn from the associated distribution. Your goal is to select which arm to pull in order to maximize your reward across all of your turns.
---

Available Actions:
---

- Arm Name: desolation meddle stranded 

- Arm Name: defender pleasurable enablement 

- Arm Name: simultaneous crow matriculation 

---
When selecting an action, include only the name of the action. Do not include the dashes used to indicate the list here.

History:
---


- {'state': {}, 'action_taken': 'desolation meddle stranded', 'reward': 75.0}

- {'state': {}, 'action_taken': 'defender pleasurable enablement', 'reward': 25.0}


---

Please select an action from the list of action options in order to maximize the reward for your task.
When selecting an action, put the exact name of the action between action tags like: <action> action_name </action>.

Your thinking budget is 150 tokens. If you exceed this limit, you will be forced to provide an immediate answer.
Your overall generation limit is 200 tokens.
2026-01-20 23:44:40,765 - src.driver - INFO - GENERATED CONTENT: <action>  simultaneous crow matriculation </action> 
 PARSED ACTION: simultaneous crow matriculation
2026-01-20 23:44:40,766 - src.driver - INFO - You will be assigned a task. 
You will receive the actions you have available, followed by the action history. 
Your goal is to maximize the total reward across all 10 steps. We are on step 3. 

Task Assignment:
---
You are faced with a 3-armed bandit problem.  Each action corresponds to pulling a specific arm. Each arm is associated with a Gaussian distribution with a fixed but unknown mean. At each time step, you will select a field and receive a reward drawn from the associated distribution. Your goal is to select which arm to pull in order to maximize your reward across all of your turns.
---

Available Actions:
---

- Arm Name: desolation meddle stranded 

- Arm Name: defender pleasurable enablement 

- Arm Name: simultaneous crow matriculation 

---
When selecting an action, include only the name of the action. Do not include the dashes used to indicate the list here.

History:
---


- {'state': {}, 'action_taken': 'desolation meddle stranded', 'reward': 75.0}

- {'state': {}, 'action_taken': 'defender pleasurable enablement', 'reward': 25.0}

- {'state': {}, 'action_taken': 'simultaneous crow matriculation', 'reward': 50.0}


---

Please select an action from the list of action options in order to maximize the reward for your task.
When selecting an action, put the exact name of the action between action tags like: <action> action_name </action>.

Your thinking budget is 150 tokens. If you exceed this limit, you will be forced to provide an immediate answer.
Your overall generation limit is 200 tokens.
2026-01-20 23:44:56,041 - src.driver - INFO - GENERATED CONTENT: <action>  desolation meddle stranded </action> 
 PARSED ACTION: desolation meddle stranded
2026-01-20 23:44:56,042 - src.driver - INFO - You will be assigned a task. 
You will receive the actions you have available, followed by the action history. 
Your goal is to maximize the total reward across all 10 steps. We are on step 4. 

Task Assignment:
---
You are faced with a 3-armed bandit problem.  Each action corresponds to pulling a specific arm. Each arm is associated with a Gaussian distribution with a fixed but unknown mean. At each time step, you will select a field and receive a reward drawn from the associated distribution. Your goal is to select which arm to pull in order to maximize your reward across all of your turns.
---

Available Actions:
---

- Arm Name: desolation meddle stranded 

- Arm Name: defender pleasurable enablement 

- Arm Name: simultaneous crow matriculation 

---
When selecting an action, include only the name of the action. Do not include the dashes used to indicate the list here.

History:
---


- {'state': {}, 'action_taken': 'desolation meddle stranded', 'reward': 75.0}

- {'state': {}, 'action_taken': 'defender pleasurable enablement', 'reward': 25.0}

- {'state': {}, 'action_taken': 'simultaneous crow matriculation', 'reward': 50.0}

- {'state': {}, 'action_taken': 'desolation meddle stranded', 'reward': 75.0}


---

Please select an action from the list of action options in order to maximize the reward for your task.
When selecting an action, put the exact name of the action between action tags like: <action> action_name </action>.

Your thinking budget is 150 tokens. If you exceed this limit, you will be forced to provide an immediate answer.
Your overall generation limit is 200 tokens.
2026-01-20 23:45:11,573 - src.driver - INFO - GENERATED CONTENT: <action>  desolation meddle stranded </action> 
 PARSED ACTION: desolation meddle stranded
2026-01-20 23:45:11,574 - src.driver - INFO - You will be assigned a task. 
You will receive the actions you have available, followed by the action history. 
Your goal is to maximize the total reward across all 10 steps. We are on step 5. 

Task Assignment:
---
You are faced with a 3-armed bandit problem.  Each action corresponds to pulling a specific arm. Each arm is associated with a Gaussian distribution with a fixed but unknown mean. At each time step, you will select a field and receive a reward drawn from the associated distribution. Your goal is to select which arm to pull in order to maximize your reward across all of your turns.
---

Available Actions:
---

- Arm Name: desolation meddle stranded 

- Arm Name: defender pleasurable enablement 

- Arm Name: simultaneous crow matriculation 

---
When selecting an action, include only the name of the action. Do not include the dashes used to indicate the list here.

History:
---


- {'state': {}, 'action_taken': 'desolation meddle stranded', 'reward': 75.0}

- {'state': {}, 'action_taken': 'defender pleasurable enablement', 'reward': 25.0}

- {'state': {}, 'action_taken': 'simultaneous crow matriculation', 'reward': 50.0}

- {'state': {}, 'action_taken': 'desolation meddle stranded', 'reward': 75.0}

- {'state': {}, 'action_taken': 'desolation meddle stranded', 'reward': 75.0}


---

Please select an action from the list of action options in order to maximize the reward for your task.
When selecting an action, put the exact name of the action between action tags like: <action> action_name </action>.

Your thinking budget is 150 tokens. If you exceed this limit, you will be forced to provide an immediate answer.
Your overall generation limit is 200 tokens.
2026-01-20 23:45:27,486 - src.driver - INFO - GENERATED CONTENT: <action>  desolation meddle stranded </action> 
 PARSED ACTION: desolation meddle stranded
2026-01-20 23:45:27,487 - src.driver - INFO - You will be assigned a task. 
You will receive the actions you have available, followed by the action history. 
Your goal is to maximize the total reward across all 10 steps. We are on step 6. 

Task Assignment:
---
You are faced with a 3-armed bandit problem.  Each action corresponds to pulling a specific arm. Each arm is associated with a Gaussian distribution with a fixed but unknown mean. At each time step, you will select a field and receive a reward drawn from the associated distribution. Your goal is to select which arm to pull in order to maximize your reward across all of your turns.
---

Available Actions:
---

- Arm Name: desolation meddle stranded 

- Arm Name: defender pleasurable enablement 

- Arm Name: simultaneous crow matriculation 

---
When selecting an action, include only the name of the action. Do not include the dashes used to indicate the list here.

History:
---


- {'state': {}, 'action_taken': 'desolation meddle stranded', 'reward': 75.0}

- {'state': {}, 'action_taken': 'defender pleasurable enablement', 'reward': 25.0}

- {'state': {}, 'action_taken': 'simultaneous crow matriculation', 'reward': 50.0}

- {'state': {}, 'action_taken': 'desolation meddle stranded', 'reward': 75.0}

- {'state': {}, 'action_taken': 'desolation meddle stranded', 'reward': 75.0}

- {'state': {}, 'action_taken': 'desolation meddle stranded', 'reward': 75.0}


---

Please select an action from the list of action options in order to maximize the reward for your task.
When selecting an action, put the exact name of the action between action tags like: <action> action_name </action>.

Your thinking budget is 150 tokens. If you exceed this limit, you will be forced to provide an immediate answer.
Your overall generation limit is 200 tokens.
2026-01-20 23:45:43,683 - src.driver - INFO - GENERATED CONTENT: <action>  desolation meddle stranded </action> 
 PARSED ACTION: desolation meddle stranded
2026-01-20 23:45:43,684 - src.driver - INFO - You will be assigned a task. 
You will receive the actions you have available, followed by the action history. 
Your goal is to maximize the total reward across all 10 steps. We are on step 7. 

Task Assignment:
---
You are faced with a 3-armed bandit problem.  Each action corresponds to pulling a specific arm. Each arm is associated with a Gaussian distribution with a fixed but unknown mean. At each time step, you will select a field and receive a reward drawn from the associated distribution. Your goal is to select which arm to pull in order to maximize your reward across all of your turns.
---

Available Actions:
---

- Arm Name: desolation meddle stranded 

- Arm Name: defender pleasurable enablement 

- Arm Name: simultaneous crow matriculation 

---
When selecting an action, include only the name of the action. Do not include the dashes used to indicate the list here.

History:
---


- {'state': {}, 'action_taken': 'desolation meddle stranded', 'reward': 75.0}

- {'state': {}, 'action_taken': 'defender pleasurable enablement', 'reward': 25.0}

- {'state': {}, 'action_taken': 'simultaneous crow matriculation', 'reward': 50.0}

- {'state': {}, 'action_taken': 'desolation meddle stranded', 'reward': 75.0}

- {'state': {}, 'action_taken': 'desolation meddle stranded', 'reward': 75.0}

- {'state': {}, 'action_taken': 'desolation meddle stranded', 'reward': 75.0}

- {'state': {}, 'action_taken': 'desolation meddle stranded', 'reward': 75.0}


---

Please select an action from the list of action options in order to maximize the reward for your task.
When selecting an action, put the exact name of the action between action tags like: <action> action_name </action>.

Your thinking budget is 150 tokens. If you exceed this limit, you will be forced to provide an immediate answer.
Your overall generation limit is 200 tokens.
2026-01-20 23:46:00,099 - src.driver - INFO - GENERATED CONTENT: <action>  desolation meddle stranded </action> 
 PARSED ACTION: desolation meddle stranded
2026-01-20 23:46:00,100 - src.driver - INFO - You will be assigned a task. 
You will receive the actions you have available, followed by the action history. 
Your goal is to maximize the total reward across all 10 steps. We are on step 8. 

Task Assignment:
---
You are faced with a 3-armed bandit problem.  Each action corresponds to pulling a specific arm. Each arm is associated with a Gaussian distribution with a fixed but unknown mean. At each time step, you will select a field and receive a reward drawn from the associated distribution. Your goal is to select which arm to pull in order to maximize your reward across all of your turns.
---

Available Actions:
---

- Arm Name: desolation meddle stranded 

- Arm Name: defender pleasurable enablement 

- Arm Name: simultaneous crow matriculation 

---
When selecting an action, include only the name of the action. Do not include the dashes used to indicate the list here.

History:
---


- {'state': {}, 'action_taken': 'desolation meddle stranded', 'reward': 75.0}

- {'state': {}, 'action_taken': 'defender pleasurable enablement', 'reward': 25.0}

- {'state': {}, 'action_taken': 'simultaneous crow matriculation', 'reward': 50.0}

- {'state': {}, 'action_taken': 'desolation meddle stranded', 'reward': 75.0}

- {'state': {}, 'action_taken': 'desolation meddle stranded', 'reward': 75.0}

- {'state': {}, 'action_taken': 'desolation meddle stranded', 'reward': 75.0}

- {'state': {}, 'action_taken': 'desolation meddle stranded', 'reward': 75.0}

- {'state': {}, 'action_taken': 'desolation meddle stranded', 'reward': 75.0}


---

Please select an action from the list of action options in order to maximize the reward for your task.
When selecting an action, put the exact name of the action between action tags like: <action> action_name </action>.

Your thinking budget is 150 tokens. If you exceed this limit, you will be forced to provide an immediate answer.
Your overall generation limit is 200 tokens.
2026-01-20 23:46:16,607 - src.driver - INFO - GENERATED CONTENT: <action>  desolation meddle stranded </action> 
 PARSED ACTION: desolation meddle stranded
2026-01-20 23:46:16,608 - src.driver - INFO - You will be assigned a task. 
You will receive the actions you have available, followed by the action history. 
Your goal is to maximize the total reward across all 10 steps. We are on step 9. 

Task Assignment:
---
You are faced with a 3-armed bandit problem.  Each action corresponds to pulling a specific arm. Each arm is associated with a Gaussian distribution with a fixed but unknown mean. At each time step, you will select a field and receive a reward drawn from the associated distribution. Your goal is to select which arm to pull in order to maximize your reward across all of your turns.
---

Available Actions:
---

- Arm Name: desolation meddle stranded 

- Arm Name: defender pleasurable enablement 

- Arm Name: simultaneous crow matriculation 

---
When selecting an action, include only the name of the action. Do not include the dashes used to indicate the list here.

History:
---


- {'state': {}, 'action_taken': 'desolation meddle stranded', 'reward': 75.0}

- {'state': {}, 'action_taken': 'defender pleasurable enablement', 'reward': 25.0}

- {'state': {}, 'action_taken': 'simultaneous crow matriculation', 'reward': 50.0}

- {'state': {}, 'action_taken': 'desolation meddle stranded', 'reward': 75.0}

- {'state': {}, 'action_taken': 'desolation meddle stranded', 'reward': 75.0}

- {'state': {}, 'action_taken': 'desolation meddle stranded', 'reward': 75.0}

- {'state': {}, 'action_taken': 'desolation meddle stranded', 'reward': 75.0}

- {'state': {}, 'action_taken': 'desolation meddle stranded', 'reward': 75.0}

- {'state': {}, 'action_taken': 'desolation meddle stranded', 'reward': 75.0}


---

Please select an action from the list of action options in order to maximize the reward for your task.
When selecting an action, put the exact name of the action between action tags like: <action> action_name </action>.

Your thinking budget is 150 tokens. If you exceed this limit, you will be forced to provide an immediate answer.
Your overall generation limit is 200 tokens.
2026-01-20 23:46:33,351 - src.driver - INFO - GENERATED CONTENT: <action>  desolation meddle stranded </action> 
 PARSED ACTION: desolation meddle stranded
2026-01-20 23:46:33,367 - src.driver - INFO - You will be assigned a task. 
You will receive the actions you have available, followed by the action history. 
Your goal is to maximize the total reward across all 10 steps. We are on step 0. 

Task Assignment:
---
You are faced with a 3-armed bandit problem.  Each action corresponds to pulling a specific arm. Each arm is associated with a Gaussian distribution with a fixed but unknown mean. At each time step, you will select a field and receive a reward drawn from the associated distribution. Your goal is to select which arm to pull in order to maximize your reward across all of your turns.
---

Available Actions:
---

- Arm Name: hobo upheaval ruin 

- Arm Name: delegate jam resources 

- Arm Name: spotty tacky spellbound 

---
When selecting an action, include only the name of the action. Do not include the dashes used to indicate the list here.

History:
---

This is the first turn. There is no history.

---

Please select an action from the list of action options in order to maximize the reward for your task.
When selecting an action, put the exact name of the action between action tags like: <action> action_name </action>.

Your thinking budget is 150 tokens. If you exceed this limit, you will be forced to provide an immediate answer.
Your overall generation limit is 200 tokens.
2026-01-20 23:46:48,205 - src.driver - INFO - GENERATED CONTENT: <action>  hobo upheaval ruin </action> 
 PARSED ACTION: hobo upheaval ruin
2026-01-20 23:46:48,205 - src.driver - INFO - You will be assigned a task. 
You will receive the actions you have available, followed by the action history. 
Your goal is to maximize the total reward across all 10 steps. We are on step 1. 

Task Assignment:
---
You are faced with a 3-armed bandit problem.  Each action corresponds to pulling a specific arm. Each arm is associated with a Gaussian distribution with a fixed but unknown mean. At each time step, you will select a field and receive a reward drawn from the associated distribution. Your goal is to select which arm to pull in order to maximize your reward across all of your turns.
---

Available Actions:
---

- Arm Name: hobo upheaval ruin 

- Arm Name: delegate jam resources 

- Arm Name: spotty tacky spellbound 

---
When selecting an action, include only the name of the action. Do not include the dashes used to indicate the list here.

History:
---


- {'state': {}, 'action_taken': 'hobo upheaval ruin', 'reward': 75.0}


---

Please select an action from the list of action options in order to maximize the reward for your task.
When selecting an action, put the exact name of the action between action tags like: <action> action_name </action>.

Your thinking budget is 150 tokens. If you exceed this limit, you will be forced to provide an immediate answer.
Your overall generation limit is 200 tokens.
2026-01-20 23:47:02,877 - src.driver - INFO - GENERATED CONTENT: <action>  delegate jam resources </action> 
 PARSED ACTION: delegate jam resources
2026-01-20 23:47:02,878 - src.driver - INFO - You will be assigned a task. 
You will receive the actions you have available, followed by the action history. 
Your goal is to maximize the total reward across all 10 steps. We are on step 2. 

Task Assignment:
---
You are faced with a 3-armed bandit problem.  Each action corresponds to pulling a specific arm. Each arm is associated with a Gaussian distribution with a fixed but unknown mean. At each time step, you will select a field and receive a reward drawn from the associated distribution. Your goal is to select which arm to pull in order to maximize your reward across all of your turns.
---

Available Actions:
---

- Arm Name: hobo upheaval ruin 

- Arm Name: delegate jam resources 

- Arm Name: spotty tacky spellbound 

---
When selecting an action, include only the name of the action. Do not include the dashes used to indicate the list here.

History:
---


- {'state': {}, 'action_taken': 'hobo upheaval ruin', 'reward': 75.0}

- {'state': {}, 'action_taken': 'delegate jam resources', 'reward': 25.0}


---

Please select an action from the list of action options in order to maximize the reward for your task.
When selecting an action, put the exact name of the action between action tags like: <action> action_name </action>.

Your thinking budget is 150 tokens. If you exceed this limit, you will be forced to provide an immediate answer.
Your overall generation limit is 200 tokens.
2026-01-20 23:47:18,165 - src.driver - INFO - GENERATED CONTENT: <action>  spotty tacky spellbound </action> 
 PARSED ACTION: spotty tacky spellbound
2026-01-20 23:47:18,166 - src.driver - INFO - You will be assigned a task. 
You will receive the actions you have available, followed by the action history. 
Your goal is to maximize the total reward across all 10 steps. We are on step 3. 

Task Assignment:
---
You are faced with a 3-armed bandit problem.  Each action corresponds to pulling a specific arm. Each arm is associated with a Gaussian distribution with a fixed but unknown mean. At each time step, you will select a field and receive a reward drawn from the associated distribution. Your goal is to select which arm to pull in order to maximize your reward across all of your turns.
---

Available Actions:
---

- Arm Name: hobo upheaval ruin 

- Arm Name: delegate jam resources 

- Arm Name: spotty tacky spellbound 

---
When selecting an action, include only the name of the action. Do not include the dashes used to indicate the list here.

History:
---


- {'state': {}, 'action_taken': 'hobo upheaval ruin', 'reward': 75.0}

- {'state': {}, 'action_taken': 'delegate jam resources', 'reward': 25.0}

- {'state': {}, 'action_taken': 'spotty tacky spellbound', 'reward': 50.0}


---

Please select an action from the list of action options in order to maximize the reward for your task.
When selecting an action, put the exact name of the action between action tags like: <action> action_name </action>.

Your thinking budget is 150 tokens. If you exceed this limit, you will be forced to provide an immediate answer.
Your overall generation limit is 200 tokens.
2026-01-20 23:47:33,419 - src.driver - INFO - GENERATED CONTENT: <action>  hobo upheaval ruin </action> 
 PARSED ACTION: hobo upheaval ruin
2026-01-20 23:47:33,420 - src.driver - INFO - You will be assigned a task. 
You will receive the actions you have available, followed by the action history. 
Your goal is to maximize the total reward across all 10 steps. We are on step 4. 

Task Assignment:
---
You are faced with a 3-armed bandit problem.  Each action corresponds to pulling a specific arm. Each arm is associated with a Gaussian distribution with a fixed but unknown mean. At each time step, you will select a field and receive a reward drawn from the associated distribution. Your goal is to select which arm to pull in order to maximize your reward across all of your turns.
---

Available Actions:
---

- Arm Name: hobo upheaval ruin 

- Arm Name: delegate jam resources 

- Arm Name: spotty tacky spellbound 

---
When selecting an action, include only the name of the action. Do not include the dashes used to indicate the list here.

History:
---


- {'state': {}, 'action_taken': 'hobo upheaval ruin', 'reward': 75.0}

- {'state': {}, 'action_taken': 'delegate jam resources', 'reward': 25.0}

- {'state': {}, 'action_taken': 'spotty tacky spellbound', 'reward': 50.0}

- {'state': {}, 'action_taken': 'hobo upheaval ruin', 'reward': 75.0}


---

Please select an action from the list of action options in order to maximize the reward for your task.
When selecting an action, put the exact name of the action between action tags like: <action> action_name </action>.

Your thinking budget is 150 tokens. If you exceed this limit, you will be forced to provide an immediate answer.
Your overall generation limit is 200 tokens.
2026-01-20 23:47:49,032 - src.driver - INFO - GENERATED CONTENT: <action>  hobo upheaval ruin </action> 
 PARSED ACTION: hobo upheaval ruin
2026-01-20 23:47:49,033 - src.driver - INFO - You will be assigned a task. 
You will receive the actions you have available, followed by the action history. 
Your goal is to maximize the total reward across all 10 steps. We are on step 5. 

Task Assignment:
---
You are faced with a 3-armed bandit problem.  Each action corresponds to pulling a specific arm. Each arm is associated with a Gaussian distribution with a fixed but unknown mean. At each time step, you will select a field and receive a reward drawn from the associated distribution. Your goal is to select which arm to pull in order to maximize your reward across all of your turns.
---

Available Actions:
---

- Arm Name: hobo upheaval ruin 

- Arm Name: delegate jam resources 

- Arm Name: spotty tacky spellbound 

---
When selecting an action, include only the name of the action. Do not include the dashes used to indicate the list here.

History:
---


- {'state': {}, 'action_taken': 'hobo upheaval ruin', 'reward': 75.0}

- {'state': {}, 'action_taken': 'delegate jam resources', 'reward': 25.0}

- {'state': {}, 'action_taken': 'spotty tacky spellbound', 'reward': 50.0}

- {'state': {}, 'action_taken': 'hobo upheaval ruin', 'reward': 75.0}

- {'state': {}, 'action_taken': 'hobo upheaval ruin', 'reward': 75.0}


---

Please select an action from the list of action options in order to maximize the reward for your task.
When selecting an action, put the exact name of the action between action tags like: <action> action_name </action>.

Your thinking budget is 150 tokens. If you exceed this limit, you will be forced to provide an immediate answer.
Your overall generation limit is 200 tokens.
2026-01-20 23:48:04,912 - src.driver - INFO - GENERATED CONTENT: <action>  hobo upheaval ruin </action> 
 PARSED ACTION: hobo upheaval ruin
2026-01-20 23:48:04,912 - src.driver - INFO - You will be assigned a task. 
You will receive the actions you have available, followed by the action history. 
Your goal is to maximize the total reward across all 10 steps. We are on step 6. 

Task Assignment:
---
You are faced with a 3-armed bandit problem.  Each action corresponds to pulling a specific arm. Each arm is associated with a Gaussian distribution with a fixed but unknown mean. At each time step, you will select a field and receive a reward drawn from the associated distribution. Your goal is to select which arm to pull in order to maximize your reward across all of your turns.
---

Available Actions:
---

- Arm Name: hobo upheaval ruin 

- Arm Name: delegate jam resources 

- Arm Name: spotty tacky spellbound 

---
When selecting an action, include only the name of the action. Do not include the dashes used to indicate the list here.

History:
---


- {'state': {}, 'action_taken': 'hobo upheaval ruin', 'reward': 75.0}

- {'state': {}, 'action_taken': 'delegate jam resources', 'reward': 25.0}

- {'state': {}, 'action_taken': 'spotty tacky spellbound', 'reward': 50.0}

- {'state': {}, 'action_taken': 'hobo upheaval ruin', 'reward': 75.0}

- {'state': {}, 'action_taken': 'hobo upheaval ruin', 'reward': 75.0}

- {'state': {}, 'action_taken': 'hobo upheaval ruin', 'reward': 75.0}


---

Please select an action from the list of action options in order to maximize the reward for your task.
When selecting an action, put the exact name of the action between action tags like: <action> action_name </action>.

Your thinking budget is 150 tokens. If you exceed this limit, you will be forced to provide an immediate answer.
Your overall generation limit is 200 tokens.
2026-01-20 23:48:20,877 - src.driver - INFO - GENERATED CONTENT: <action>  hobo upheaval ruin </action> 
 PARSED ACTION: hobo upheaval ruin
2026-01-20 23:48:20,878 - src.driver - INFO - You will be assigned a task. 
You will receive the actions you have available, followed by the action history. 
Your goal is to maximize the total reward across all 10 steps. We are on step 7. 

Task Assignment:
---
You are faced with a 3-armed bandit problem.  Each action corresponds to pulling a specific arm. Each arm is associated with a Gaussian distribution with a fixed but unknown mean. At each time step, you will select a field and receive a reward drawn from the associated distribution. Your goal is to select which arm to pull in order to maximize your reward across all of your turns.
---

Available Actions:
---

- Arm Name: hobo upheaval ruin 

- Arm Name: delegate jam resources 

- Arm Name: spotty tacky spellbound 

---
When selecting an action, include only the name of the action. Do not include the dashes used to indicate the list here.

History:
---


- {'state': {}, 'action_taken': 'hobo upheaval ruin', 'reward': 75.0}

- {'state': {}, 'action_taken': 'delegate jam resources', 'reward': 25.0}

- {'state': {}, 'action_taken': 'spotty tacky spellbound', 'reward': 50.0}

- {'state': {}, 'action_taken': 'hobo upheaval ruin', 'reward': 75.0}

- {'state': {}, 'action_taken': 'hobo upheaval ruin', 'reward': 75.0}

- {'state': {}, 'action_taken': 'hobo upheaval ruin', 'reward': 75.0}

- {'state': {}, 'action_taken': 'hobo upheaval ruin', 'reward': 75.0}


---

Please select an action from the list of action options in order to maximize the reward for your task.
When selecting an action, put the exact name of the action between action tags like: <action> action_name </action>.

Your thinking budget is 150 tokens. If you exceed this limit, you will be forced to provide an immediate answer.
Your overall generation limit is 200 tokens.
2026-01-20 23:48:37,259 - src.driver - INFO - GENERATED CONTENT: <action>  hobo upheaval ruin </action> 
 PARSED ACTION: hobo upheaval ruin
2026-01-20 23:48:37,260 - src.driver - INFO - You will be assigned a task. 
You will receive the actions you have available, followed by the action history. 
Your goal is to maximize the total reward across all 10 steps. We are on step 8. 

Task Assignment:
---
You are faced with a 3-armed bandit problem.  Each action corresponds to pulling a specific arm. Each arm is associated with a Gaussian distribution with a fixed but unknown mean. At each time step, you will select a field and receive a reward drawn from the associated distribution. Your goal is to select which arm to pull in order to maximize your reward across all of your turns.
---

Available Actions:
---

- Arm Name: hobo upheaval ruin 

- Arm Name: delegate jam resources 

- Arm Name: spotty tacky spellbound 

---
When selecting an action, include only the name of the action. Do not include the dashes used to indicate the list here.

History:
---


- {'state': {}, 'action_taken': 'hobo upheaval ruin', 'reward': 75.0}

- {'state': {}, 'action_taken': 'delegate jam resources', 'reward': 25.0}

- {'state': {}, 'action_taken': 'spotty tacky spellbound', 'reward': 50.0}

- {'state': {}, 'action_taken': 'hobo upheaval ruin', 'reward': 75.0}

- {'state': {}, 'action_taken': 'hobo upheaval ruin', 'reward': 75.0}

- {'state': {}, 'action_taken': 'hobo upheaval ruin', 'reward': 75.0}

- {'state': {}, 'action_taken': 'hobo upheaval ruin', 'reward': 75.0}

- {'state': {}, 'action_taken': 'hobo upheaval ruin', 'reward': 75.0}


---

Please select an action from the list of action options in order to maximize the reward for your task.
When selecting an action, put the exact name of the action between action tags like: <action> action_name </action>.

Your thinking budget is 150 tokens. If you exceed this limit, you will be forced to provide an immediate answer.
Your overall generation limit is 200 tokens.
2026-01-20 23:48:55,296 - src.driver - INFO - GENERATED CONTENT: <action>  hobo upheaval ruin </action> has consistently given the highest reward of 75.0 in every instance it was chosen. The other 
 PARSED ACTION: hobo upheaval ruin
2026-01-20 23:48:55,297 - src.driver - INFO - You will be assigned a task. 
You will receive the actions you have available, followed by the action history. 
Your goal is to maximize the total reward across all 10 steps. We are on step 9. 

Task Assignment:
---
You are faced with a 3-armed bandit problem.  Each action corresponds to pulling a specific arm. Each arm is associated with a Gaussian distribution with a fixed but unknown mean. At each time step, you will select a field and receive a reward drawn from the associated distribution. Your goal is to select which arm to pull in order to maximize your reward across all of your turns.
---

Available Actions:
---

- Arm Name: hobo upheaval ruin 

- Arm Name: delegate jam resources 

- Arm Name: spotty tacky spellbound 

---
When selecting an action, include only the name of the action. Do not include the dashes used to indicate the list here.

History:
---


- {'state': {}, 'action_taken': 'hobo upheaval ruin', 'reward': 75.0}

- {'state': {}, 'action_taken': 'delegate jam resources', 'reward': 25.0}

- {'state': {}, 'action_taken': 'spotty tacky spellbound', 'reward': 50.0}

- {'state': {}, 'action_taken': 'hobo upheaval ruin', 'reward': 75.0}

- {'state': {}, 'action_taken': 'hobo upheaval ruin', 'reward': 75.0}

- {'state': {}, 'action_taken': 'hobo upheaval ruin', 'reward': 75.0}

- {'state': {}, 'action_taken': 'hobo upheaval ruin', 'reward': 75.0}

- {'state': {}, 'action_taken': 'hobo upheaval ruin', 'reward': 75.0}

- {'state': {}, 'action_taken': 'hobo upheaval ruin', 'reward': 75.0}


---

Please select an action from the list of action options in order to maximize the reward for your task.
When selecting an action, put the exact name of the action between action tags like: <action> action_name </action>.

Your thinking budget is 150 tokens. If you exceed this limit, you will be forced to provide an immediate answer.
Your overall generation limit is 200 tokens.
2026-01-20 23:49:12,046 - src.driver - INFO - GENERATED CONTENT: <action>  hobo upheaval ruin </action> 
 PARSED ACTION: hobo upheaval ruin
2026-01-20 23:49:12,062 - src.driver - INFO - You will be assigned a task. 
You will receive the actions you have available, followed by the action history. 
Your goal is to maximize the total reward across all 10 steps. We are on step 0. 

Task Assignment:
---
You are faced with a 3-armed bandit problem.  Each action corresponds to pulling a specific arm. Each arm is associated with a Gaussian distribution with a fixed but unknown mean. At each time step, you will select a field and receive a reward drawn from the associated distribution. Your goal is to select which arm to pull in order to maximize your reward across all of your turns.
---

Available Actions:
---

- Arm Name: footprint environs nod 

- Arm Name: buoy script assembly 

- Arm Name: delirious discards formless 

---
When selecting an action, include only the name of the action. Do not include the dashes used to indicate the list here.

History:
---

This is the first turn. There is no history.

---

Please select an action from the list of action options in order to maximize the reward for your task.
When selecting an action, put the exact name of the action between action tags like: <action> action_name </action>.

Your thinking budget is 150 tokens. If you exceed this limit, you will be forced to provide an immediate answer.
Your overall generation limit is 200 tokens.
2026-01-20 23:49:26,895 - src.driver - INFO - GENERATED CONTENT: <action>  footprint environs nod </action> 
 PARSED ACTION: footprint environs nod
2026-01-20 23:49:26,895 - src.driver - INFO - You will be assigned a task. 
You will receive the actions you have available, followed by the action history. 
Your goal is to maximize the total reward across all 10 steps. We are on step 1. 

Task Assignment:
---
You are faced with a 3-armed bandit problem.  Each action corresponds to pulling a specific arm. Each arm is associated with a Gaussian distribution with a fixed but unknown mean. At each time step, you will select a field and receive a reward drawn from the associated distribution. Your goal is to select which arm to pull in order to maximize your reward across all of your turns.
---

Available Actions:
---

- Arm Name: footprint environs nod 

- Arm Name: buoy script assembly 

- Arm Name: delirious discards formless 

---
When selecting an action, include only the name of the action. Do not include the dashes used to indicate the list here.

History:
---


- {'state': {}, 'action_taken': 'footprint environs nod', 'reward': 50.0}


---

Please select an action from the list of action options in order to maximize the reward for your task.
When selecting an action, put the exact name of the action between action tags like: <action> action_name </action>.

Your thinking budget is 150 tokens. If you exceed this limit, you will be forced to provide an immediate answer.
Your overall generation limit is 200 tokens.
2026-01-20 23:49:41,761 - src.driver - INFO - GENERATED CONTENT: <action>  buoy script assembly </action> 
 PARSED ACTION: buoy script assembly
2026-01-20 23:49:41,761 - src.driver - INFO - You will be assigned a task. 
You will receive the actions you have available, followed by the action history. 
Your goal is to maximize the total reward across all 10 steps. We are on step 2. 

Task Assignment:
---
You are faced with a 3-armed bandit problem.  Each action corresponds to pulling a specific arm. Each arm is associated with a Gaussian distribution with a fixed but unknown mean. At each time step, you will select a field and receive a reward drawn from the associated distribution. Your goal is to select which arm to pull in order to maximize your reward across all of your turns.
---

Available Actions:
---

- Arm Name: footprint environs nod 

- Arm Name: buoy script assembly 

- Arm Name: delirious discards formless 

---
When selecting an action, include only the name of the action. Do not include the dashes used to indicate the list here.

History:
---


- {'state': {}, 'action_taken': 'footprint environs nod', 'reward': 50.0}

- {'state': {}, 'action_taken': 'buoy script assembly', 'reward': 25.0}


---

Please select an action from the list of action options in order to maximize the reward for your task.
When selecting an action, put the exact name of the action between action tags like: <action> action_name </action>.

Your thinking budget is 150 tokens. If you exceed this limit, you will be forced to provide an immediate answer.
Your overall generation limit is 200 tokens.
2026-01-20 23:49:57,119 - src.driver - INFO - GENERATED CONTENT: <action>  delirious discards formless </action> 
 PARSED ACTION: delirious discards formless
2026-01-20 23:49:57,120 - src.driver - INFO - You will be assigned a task. 
You will receive the actions you have available, followed by the action history. 
Your goal is to maximize the total reward across all 10 steps. We are on step 3. 

Task Assignment:
---
You are faced with a 3-armed bandit problem.  Each action corresponds to pulling a specific arm. Each arm is associated with a Gaussian distribution with a fixed but unknown mean. At each time step, you will select a field and receive a reward drawn from the associated distribution. Your goal is to select which arm to pull in order to maximize your reward across all of your turns.
---

Available Actions:
---

- Arm Name: footprint environs nod 

- Arm Name: buoy script assembly 

- Arm Name: delirious discards formless 

---
When selecting an action, include only the name of the action. Do not include the dashes used to indicate the list here.

History:
---


- {'state': {}, 'action_taken': 'footprint environs nod', 'reward': 50.0}

- {'state': {}, 'action_taken': 'buoy script assembly', 'reward': 25.0}

- {'state': {}, 'action_taken': 'delirious discards formless', 'reward': 75.0}


---

Please select an action from the list of action options in order to maximize the reward for your task.
When selecting an action, put the exact name of the action between action tags like: <action> action_name </action>.

Your thinking budget is 150 tokens. If you exceed this limit, you will be forced to provide an immediate answer.
Your overall generation limit is 200 tokens.
2026-01-20 23:50:12,635 - src.driver - INFO - GENERATED CONTENT: <action>  delirious discards formless </action> 
 PARSED ACTION: delirious discards formless
2026-01-20 23:50:12,635 - src.driver - INFO - You will be assigned a task. 
You will receive the actions you have available, followed by the action history. 
Your goal is to maximize the total reward across all 10 steps. We are on step 4. 

Task Assignment:
---
You are faced with a 3-armed bandit problem.  Each action corresponds to pulling a specific arm. Each arm is associated with a Gaussian distribution with a fixed but unknown mean. At each time step, you will select a field and receive a reward drawn from the associated distribution. Your goal is to select which arm to pull in order to maximize your reward across all of your turns.
---

Available Actions:
---

- Arm Name: footprint environs nod 

- Arm Name: buoy script assembly 

- Arm Name: delirious discards formless 

---
When selecting an action, include only the name of the action. Do not include the dashes used to indicate the list here.

History:
---


- {'state': {}, 'action_taken': 'footprint environs nod', 'reward': 50.0}

- {'state': {}, 'action_taken': 'buoy script assembly', 'reward': 25.0}

- {'state': {}, 'action_taken': 'delirious discards formless', 'reward': 75.0}

- {'state': {}, 'action_taken': 'delirious discards formless', 'reward': 75.0}


---

Please select an action from the list of action options in order to maximize the reward for your task.
When selecting an action, put the exact name of the action between action tags like: <action> action_name </action>.

Your thinking budget is 150 tokens. If you exceed this limit, you will be forced to provide an immediate answer.
Your overall generation limit is 200 tokens.
2026-01-20 23:50:28,377 - src.driver - INFO - GENERATED CONTENT: <action>  delirious discards formless </action> 
 PARSED ACTION: delirious discards formless
2026-01-20 23:50:28,378 - src.driver - INFO - You will be assigned a task. 
You will receive the actions you have available, followed by the action history. 
Your goal is to maximize the total reward across all 10 steps. We are on step 5. 

Task Assignment:
---
You are faced with a 3-armed bandit problem.  Each action corresponds to pulling a specific arm. Each arm is associated with a Gaussian distribution with a fixed but unknown mean. At each time step, you will select a field and receive a reward drawn from the associated distribution. Your goal is to select which arm to pull in order to maximize your reward across all of your turns.
---

Available Actions:
---

- Arm Name: footprint environs nod 

- Arm Name: buoy script assembly 

- Arm Name: delirious discards formless 

---
When selecting an action, include only the name of the action. Do not include the dashes used to indicate the list here.

History:
---


- {'state': {}, 'action_taken': 'footprint environs nod', 'reward': 50.0}

- {'state': {}, 'action_taken': 'buoy script assembly', 'reward': 25.0}

- {'state': {}, 'action_taken': 'delirious discards formless', 'reward': 75.0}

- {'state': {}, 'action_taken': 'delirious discards formless', 'reward': 75.0}

- {'state': {}, 'action_taken': 'delirious discards formless', 'reward': 75.0}


---

Please select an action from the list of action options in order to maximize the reward for your task.
When selecting an action, put the exact name of the action between action tags like: <action> action_name </action>.

Your thinking budget is 150 tokens. If you exceed this limit, you will be forced to provide an immediate answer.
Your overall generation limit is 200 tokens.
2026-01-20 23:50:44,493 - src.driver - INFO - GENERATED CONTENT: <action>  delirious discards formless </action> 
 PARSED ACTION: delirious discards formless
2026-01-20 23:50:44,494 - src.driver - INFO - You will be assigned a task. 
You will receive the actions you have available, followed by the action history. 
Your goal is to maximize the total reward across all 10 steps. We are on step 6. 

Task Assignment:
---
You are faced with a 3-armed bandit problem.  Each action corresponds to pulling a specific arm. Each arm is associated with a Gaussian distribution with a fixed but unknown mean. At each time step, you will select a field and receive a reward drawn from the associated distribution. Your goal is to select which arm to pull in order to maximize your reward across all of your turns.
---

Available Actions:
---

- Arm Name: footprint environs nod 

- Arm Name: buoy script assembly 

- Arm Name: delirious discards formless 

---
When selecting an action, include only the name of the action. Do not include the dashes used to indicate the list here.

History:
---


- {'state': {}, 'action_taken': 'footprint environs nod', 'reward': 50.0}

- {'state': {}, 'action_taken': 'buoy script assembly', 'reward': 25.0}

- {'state': {}, 'action_taken': 'delirious discards formless', 'reward': 75.0}

- {'state': {}, 'action_taken': 'delirious discards formless', 'reward': 75.0}

- {'state': {}, 'action_taken': 'delirious discards formless', 'reward': 75.0}

- {'state': {}, 'action_taken': 'delirious discards formless', 'reward': 75.0}


---

Please select an action from the list of action options in order to maximize the reward for your task.
When selecting an action, put the exact name of the action between action tags like: <action> action_name </action>.

Your thinking budget is 150 tokens. If you exceed this limit, you will be forced to provide an immediate answer.
Your overall generation limit is 200 tokens.
2026-01-20 23:51:00,819 - src.driver - INFO - GENERATED CONTENT: <action>  delirious discards formless </action> 
 PARSED ACTION: delirious discards formless
2026-01-20 23:51:00,820 - src.driver - INFO - You will be assigned a task. 
You will receive the actions you have available, followed by the action history. 
Your goal is to maximize the total reward across all 10 steps. We are on step 7. 

Task Assignment:
---
You are faced with a 3-armed bandit problem.  Each action corresponds to pulling a specific arm. Each arm is associated with a Gaussian distribution with a fixed but unknown mean. At each time step, you will select a field and receive a reward drawn from the associated distribution. Your goal is to select which arm to pull in order to maximize your reward across all of your turns.
---

Available Actions:
---

- Arm Name: footprint environs nod 

- Arm Name: buoy script assembly 

- Arm Name: delirious discards formless 

---
When selecting an action, include only the name of the action. Do not include the dashes used to indicate the list here.

History:
---


- {'state': {}, 'action_taken': 'footprint environs nod', 'reward': 50.0}

- {'state': {}, 'action_taken': 'buoy script assembly', 'reward': 25.0}

- {'state': {}, 'action_taken': 'delirious discards formless', 'reward': 75.0}

- {'state': {}, 'action_taken': 'delirious discards formless', 'reward': 75.0}

- {'state': {}, 'action_taken': 'delirious discards formless', 'reward': 75.0}

- {'state': {}, 'action_taken': 'delirious discards formless', 'reward': 75.0}

- {'state': {}, 'action_taken': 'delirious discards formless', 'reward': 75.0}


---

Please select an action from the list of action options in order to maximize the reward for your task.
When selecting an action, put the exact name of the action between action tags like: <action> action_name </action>.

Your thinking budget is 150 tokens. If you exceed this limit, you will be forced to provide an immediate answer.
Your overall generation limit is 200 tokens.
2026-01-20 23:51:17,417 - src.driver - INFO - GENERATED CONTENT: <action>  delirious discards formless </action> 
 PARSED ACTION: delirious discards formless
2026-01-20 23:51:17,418 - src.driver - INFO - You will be assigned a task. 
You will receive the actions you have available, followed by the action history. 
Your goal is to maximize the total reward across all 10 steps. We are on step 8. 

Task Assignment:
---
You are faced with a 3-armed bandit problem.  Each action corresponds to pulling a specific arm. Each arm is associated with a Gaussian distribution with a fixed but unknown mean. At each time step, you will select a field and receive a reward drawn from the associated distribution. Your goal is to select which arm to pull in order to maximize your reward across all of your turns.
---

Available Actions:
---

- Arm Name: footprint environs nod 

- Arm Name: buoy script assembly 

- Arm Name: delirious discards formless 

---
When selecting an action, include only the name of the action. Do not include the dashes used to indicate the list here.

History:
---


- {'state': {}, 'action_taken': 'footprint environs nod', 'reward': 50.0}

- {'state': {}, 'action_taken': 'buoy script assembly', 'reward': 25.0}

- {'state': {}, 'action_taken': 'delirious discards formless', 'reward': 75.0}

- {'state': {}, 'action_taken': 'delirious discards formless', 'reward': 75.0}

- {'state': {}, 'action_taken': 'delirious discards formless', 'reward': 75.0}

- {'state': {}, 'action_taken': 'delirious discards formless', 'reward': 75.0}

- {'state': {}, 'action_taken': 'delirious discards formless', 'reward': 75.0}

- {'state': {}, 'action_taken': 'delirious discards formless', 'reward': 75.0}


---

Please select an action from the list of action options in order to maximize the reward for your task.
When selecting an action, put the exact name of the action between action tags like: <action> action_name </action>.

Your thinking budget is 150 tokens. If you exceed this limit, you will be forced to provide an immediate answer.
Your overall generation limit is 200 tokens.
2026-01-20 23:51:35,263 - src.driver - INFO - GENERATED CONTENT: <action>  delirious discards formless </action> has given the highest reward consistently. It's best to continue with it. 
 PARSED ACTION: delirious discards formless
2026-01-20 23:51:35,263 - src.driver - INFO - You will be assigned a task. 
You will receive the actions you have available, followed by the action history. 
Your goal is to maximize the total reward across all 10 steps. We are on step 9. 

Task Assignment:
---
You are faced with a 3-armed bandit problem.  Each action corresponds to pulling a specific arm. Each arm is associated with a Gaussian distribution with a fixed but unknown mean. At each time step, you will select a field and receive a reward drawn from the associated distribution. Your goal is to select which arm to pull in order to maximize your reward across all of your turns.
---

Available Actions:
---

- Arm Name: footprint environs nod 

- Arm Name: buoy script assembly 

- Arm Name: delirious discards formless 

---
When selecting an action, include only the name of the action. Do not include the dashes used to indicate the list here.

History:
---


- {'state': {}, 'action_taken': 'footprint environs nod', 'reward': 50.0}

- {'state': {}, 'action_taken': 'buoy script assembly', 'reward': 25.0}

- {'state': {}, 'action_taken': 'delirious discards formless', 'reward': 75.0}

- {'state': {}, 'action_taken': 'delirious discards formless', 'reward': 75.0}

- {'state': {}, 'action_taken': 'delirious discards formless', 'reward': 75.0}

- {'state': {}, 'action_taken': 'delirious discards formless', 'reward': 75.0}

- {'state': {}, 'action_taken': 'delirious discards formless', 'reward': 75.0}

- {'state': {}, 'action_taken': 'delirious discards formless', 'reward': 75.0}

- {'state': {}, 'action_taken': 'delirious discards formless', 'reward': 75.0}


---

Please select an action from the list of action options in order to maximize the reward for your task.
When selecting an action, put the exact name of the action between action tags like: <action> action_name </action>.

Your thinking budget is 150 tokens. If you exceed this limit, you will be forced to provide an immediate answer.
Your overall generation limit is 200 tokens.
2026-01-20 23:51:52,427 - src.driver - INFO - GENERATED CONTENT: <action>  delirious discards formless </action> 
 PARSED ACTION: delirious discards formless
2026-01-20 23:51:52,443 - src.driver - INFO - You will be assigned a task. 
You will receive the actions you have available, followed by the action history. 
Your goal is to maximize the total reward across all 10 steps. We are on step 0. 

Task Assignment:
---
You are faced with a 3-armed bandit problem.  Each action corresponds to pulling a specific arm. Each arm is associated with a Gaussian distribution with a fixed but unknown mean. At each time step, you will select a field and receive a reward drawn from the associated distribution. Your goal is to select which arm to pull in order to maximize your reward across all of your turns.
---

Available Actions:
---

- Arm Name: unconscious incrimination withered 

- Arm Name: quiet proposition word 

- Arm Name: clientele ratification character 

---
When selecting an action, include only the name of the action. Do not include the dashes used to indicate the list here.

History:
---

This is the first turn. There is no history.

---

Please select an action from the list of action options in order to maximize the reward for your task.
When selecting an action, put the exact name of the action between action tags like: <action> action_name </action>.

Your thinking budget is 150 tokens. If you exceed this limit, you will be forced to provide an immediate answer.
Your overall generation limit is 200 tokens.
2026-01-20 23:52:07,376 - src.driver - INFO - GENERATED CONTENT: <action>  unconscious incrimination withered </action> 
 PARSED ACTION: unconscious incrimination withered
2026-01-20 23:52:07,377 - src.driver - INFO - You will be assigned a task. 
You will receive the actions you have available, followed by the action history. 
Your goal is to maximize the total reward across all 10 steps. We are on step 1. 

Task Assignment:
---
You are faced with a 3-armed bandit problem.  Each action corresponds to pulling a specific arm. Each arm is associated with a Gaussian distribution with a fixed but unknown mean. At each time step, you will select a field and receive a reward drawn from the associated distribution. Your goal is to select which arm to pull in order to maximize your reward across all of your turns.
---

Available Actions:
---

- Arm Name: unconscious incrimination withered 

- Arm Name: quiet proposition word 

- Arm Name: clientele ratification character 

---
When selecting an action, include only the name of the action. Do not include the dashes used to indicate the list here.

History:
---


- {'state': {}, 'action_taken': 'unconscious incrimination withered', 'reward': 75.0}


---

Please select an action from the list of action options in order to maximize the reward for your task.
When selecting an action, put the exact name of the action between action tags like: <action> action_name </action>.

Your thinking budget is 150 tokens. If you exceed this limit, you will be forced to provide an immediate answer.
Your overall generation limit is 200 tokens.
2026-01-20 23:52:22,477 - src.driver - INFO - GENERATED CONTENT: <action>  unconscious incrimination withered </action> 
 PARSED ACTION: unconscious incrimination withered
2026-01-20 23:52:22,478 - src.driver - INFO - You will be assigned a task. 
You will receive the actions you have available, followed by the action history. 
Your goal is to maximize the total reward across all 10 steps. We are on step 2. 

Task Assignment:
---
You are faced with a 3-armed bandit problem.  Each action corresponds to pulling a specific arm. Each arm is associated with a Gaussian distribution with a fixed but unknown mean. At each time step, you will select a field and receive a reward drawn from the associated distribution. Your goal is to select which arm to pull in order to maximize your reward across all of your turns.
---

Available Actions:
---

- Arm Name: unconscious incrimination withered 

- Arm Name: quiet proposition word 

- Arm Name: clientele ratification character 

---
When selecting an action, include only the name of the action. Do not include the dashes used to indicate the list here.

History:
---


- {'state': {}, 'action_taken': 'unconscious incrimination withered', 'reward': 75.0}

- {'state': {}, 'action_taken': 'unconscious incrimination withered', 'reward': 75.0}


---

Please select an action from the list of action options in order to maximize the reward for your task.
When selecting an action, put the exact name of the action between action tags like: <action> action_name </action>.

Your thinking budget is 150 tokens. If you exceed this limit, you will be forced to provide an immediate answer.
Your overall generation limit is 200 tokens.
2026-01-20 23:52:37,632 - src.driver - INFO - GENERATED CONTENT: <action> quiet proposition word</action> 
 PARSED ACTION: quiet proposition word
2026-01-20 23:52:37,633 - src.driver - INFO - You will be assigned a task. 
You will receive the actions you have available, followed by the action history. 
Your goal is to maximize the total reward across all 10 steps. We are on step 3. 

Task Assignment:
---
You are faced with a 3-armed bandit problem.  Each action corresponds to pulling a specific arm. Each arm is associated with a Gaussian distribution with a fixed but unknown mean. At each time step, you will select a field and receive a reward drawn from the associated distribution. Your goal is to select which arm to pull in order to maximize your reward across all of your turns.
---

Available Actions:
---

- Arm Name: unconscious incrimination withered 

- Arm Name: quiet proposition word 

- Arm Name: clientele ratification character 

---
When selecting an action, include only the name of the action. Do not include the dashes used to indicate the list here.

History:
---


- {'state': {}, 'action_taken': 'unconscious incrimination withered', 'reward': 75.0}

- {'state': {}, 'action_taken': 'unconscious incrimination withered', 'reward': 75.0}

- {'state': {}, 'action_taken': 'quiet proposition word', 'reward': 25.0}


---

Please select an action from the list of action options in order to maximize the reward for your task.
When selecting an action, put the exact name of the action between action tags like: <action> action_name </action>.

Your thinking budget is 150 tokens. If you exceed this limit, you will be forced to provide an immediate answer.
Your overall generation limit is 200 tokens.
2026-01-20 23:52:52,846 - src.driver - INFO - GENERATED CONTENT: <action>  clientele ratification character </action> 
 PARSED ACTION: clientele ratification character
2026-01-20 23:52:52,846 - src.driver - INFO - You will be assigned a task. 
You will receive the actions you have available, followed by the action history. 
Your goal is to maximize the total reward across all 10 steps. We are on step 4. 

Task Assignment:
---
You are faced with a 3-armed bandit problem.  Each action corresponds to pulling a specific arm. Each arm is associated with a Gaussian distribution with a fixed but unknown mean. At each time step, you will select a field and receive a reward drawn from the associated distribution. Your goal is to select which arm to pull in order to maximize your reward across all of your turns.
---

Available Actions:
---

- Arm Name: unconscious incrimination withered 

- Arm Name: quiet proposition word 

- Arm Name: clientele ratification character 

---
When selecting an action, include only the name of the action. Do not include the dashes used to indicate the list here.

History:
---


- {'state': {}, 'action_taken': 'unconscious incrimination withered', 'reward': 75.0}

- {'state': {}, 'action_taken': 'unconscious incrimination withered', 'reward': 75.0}

- {'state': {}, 'action_taken': 'quiet proposition word', 'reward': 25.0}

- {'state': {}, 'action_taken': 'clientele ratification character', 'reward': 50.0}


---

Please select an action from the list of action options in order to maximize the reward for your task.
When selecting an action, put the exact name of the action between action tags like: <action> action_name </action>.

Your thinking budget is 150 tokens. If you exceed this limit, you will be forced to provide an immediate answer.
Your overall generation limit is 200 tokens.
2026-01-20 23:53:08,490 - src.driver - INFO - GENERATED CONTENT: <action>  unconscious incrimination withered </action> 
 PARSED ACTION: unconscious incrimination withered
2026-01-20 23:53:08,491 - src.driver - INFO - You will be assigned a task. 
You will receive the actions you have available, followed by the action history. 
Your goal is to maximize the total reward across all 10 steps. We are on step 5. 

Task Assignment:
---
You are faced with a 3-armed bandit problem.  Each action corresponds to pulling a specific arm. Each arm is associated with a Gaussian distribution with a fixed but unknown mean. At each time step, you will select a field and receive a reward drawn from the associated distribution. Your goal is to select which arm to pull in order to maximize your reward across all of your turns.
---

Available Actions:
---

- Arm Name: unconscious incrimination withered 

- Arm Name: quiet proposition word 

- Arm Name: clientele ratification character 

---
When selecting an action, include only the name of the action. Do not include the dashes used to indicate the list here.

History:
---


- {'state': {}, 'action_taken': 'unconscious incrimination withered', 'reward': 75.0}

- {'state': {}, 'action_taken': 'unconscious incrimination withered', 'reward': 75.0}

- {'state': {}, 'action_taken': 'quiet proposition word', 'reward': 25.0}

- {'state': {}, 'action_taken': 'clientele ratification character', 'reward': 50.0}

- {'state': {}, 'action_taken': 'unconscious incrimination withered', 'reward': 75.0}


---

Please select an action from the list of action options in order to maximize the reward for your task.
When selecting an action, put the exact name of the action between action tags like: <action> action_name </action>.

Your thinking budget is 150 tokens. If you exceed this limit, you will be forced to provide an immediate answer.
Your overall generation limit is 200 tokens.
2026-01-20 23:53:24,426 - src.driver - INFO - GENERATED CONTENT: <action>  unconscious incrimination withered </action> 
 PARSED ACTION: unconscious incrimination withered
2026-01-20 23:53:24,427 - src.driver - INFO - You will be assigned a task. 
You will receive the actions you have available, followed by the action history. 
Your goal is to maximize the total reward across all 10 steps. We are on step 6. 

Task Assignment:
---
You are faced with a 3-armed bandit problem.  Each action corresponds to pulling a specific arm. Each arm is associated with a Gaussian distribution with a fixed but unknown mean. At each time step, you will select a field and receive a reward drawn from the associated distribution. Your goal is to select which arm to pull in order to maximize your reward across all of your turns.
---

Available Actions:
---

- Arm Name: unconscious incrimination withered 

- Arm Name: quiet proposition word 

- Arm Name: clientele ratification character 

---
When selecting an action, include only the name of the action. Do not include the dashes used to indicate the list here.

History:
---


- {'state': {}, 'action_taken': 'unconscious incrimination withered', 'reward': 75.0}

- {'state': {}, 'action_taken': 'unconscious incrimination withered', 'reward': 75.0}

- {'state': {}, 'action_taken': 'quiet proposition word', 'reward': 25.0}

- {'state': {}, 'action_taken': 'clientele ratification character', 'reward': 50.0}

- {'state': {}, 'action_taken': 'unconscious incrimination withered', 'reward': 75.0}

- {'state': {}, 'action_taken': 'unconscious incrimination withered', 'reward': 75.0}


---

Please select an action from the list of action options in order to maximize the reward for your task.
When selecting an action, put the exact name of the action between action tags like: <action> action_name </action>.

Your thinking budget is 150 tokens. If you exceed this limit, you will be forced to provide an immediate answer.
Your overall generation limit is 200 tokens.
2026-01-20 23:53:40,694 - src.driver - INFO - GENERATED CONTENT: <action>  unconscious incrimination withered </action> 
 PARSED ACTION: unconscious incrimination withered
2026-01-20 23:53:40,694 - src.driver - INFO - You will be assigned a task. 
You will receive the actions you have available, followed by the action history. 
Your goal is to maximize the total reward across all 10 steps. We are on step 7. 

Task Assignment:
---
You are faced with a 3-armed bandit problem.  Each action corresponds to pulling a specific arm. Each arm is associated with a Gaussian distribution with a fixed but unknown mean. At each time step, you will select a field and receive a reward drawn from the associated distribution. Your goal is to select which arm to pull in order to maximize your reward across all of your turns.
---

Available Actions:
---

- Arm Name: unconscious incrimination withered 

- Arm Name: quiet proposition word 

- Arm Name: clientele ratification character 

---
When selecting an action, include only the name of the action. Do not include the dashes used to indicate the list here.

History:
---


- {'state': {}, 'action_taken': 'unconscious incrimination withered', 'reward': 75.0}

- {'state': {}, 'action_taken': 'unconscious incrimination withered', 'reward': 75.0}

- {'state': {}, 'action_taken': 'quiet proposition word', 'reward': 25.0}

- {'state': {}, 'action_taken': 'clientele ratification character', 'reward': 50.0}

- {'state': {}, 'action_taken': 'unconscious incrimination withered', 'reward': 75.0}

- {'state': {}, 'action_taken': 'unconscious incrimination withered', 'reward': 75.0}

- {'state': {}, 'action_taken': 'unconscious incrimination withered', 'reward': 75.0}


---

Please select an action from the list of action options in order to maximize the reward for your task.
When selecting an action, put the exact name of the action between action tags like: <action> action_name </action>.

Your thinking budget is 150 tokens. If you exceed this limit, you will be forced to provide an immediate answer.
Your overall generation limit is 200 tokens.
2026-01-20 23:53:58,611 - src.driver - INFO - GENERATED CONTENT: <action>  unconscious incrimination withered </action> has provided the highest reward consistently (75 each time), while the other arms have given lower 
 PARSED ACTION: unconscious incrimination withered
2026-01-20 23:53:58,611 - src.driver - INFO - You will be assigned a task. 
You will receive the actions you have available, followed by the action history. 
Your goal is to maximize the total reward across all 10 steps. We are on step 8. 

Task Assignment:
---
You are faced with a 3-armed bandit problem.  Each action corresponds to pulling a specific arm. Each arm is associated with a Gaussian distribution with a fixed but unknown mean. At each time step, you will select a field and receive a reward drawn from the associated distribution. Your goal is to select which arm to pull in order to maximize your reward across all of your turns.
---

Available Actions:
---

- Arm Name: unconscious incrimination withered 

- Arm Name: quiet proposition word 

- Arm Name: clientele ratification character 

---
When selecting an action, include only the name of the action. Do not include the dashes used to indicate the list here.

History:
---


- {'state': {}, 'action_taken': 'unconscious incrimination withered', 'reward': 75.0}

- {'state': {}, 'action_taken': 'unconscious incrimination withered', 'reward': 75.0}

- {'state': {}, 'action_taken': 'quiet proposition word', 'reward': 25.0}

- {'state': {}, 'action_taken': 'clientele ratification character', 'reward': 50.0}

- {'state': {}, 'action_taken': 'unconscious incrimination withered', 'reward': 75.0}

- {'state': {}, 'action_taken': 'unconscious incrimination withered', 'reward': 75.0}

- {'state': {}, 'action_taken': 'unconscious incrimination withered', 'reward': 75.0}

- {'state': {}, 'action_taken': 'unconscious incrimination withered', 'reward': 75.0}


---

Please select an action from the list of action options in order to maximize the reward for your task.
When selecting an action, put the exact name of the action between action tags like: <action> action_name </action>.

Your thinking budget is 150 tokens. If you exceed this limit, you will be forced to provide an immediate answer.
Your overall generation limit is 200 tokens.
2026-01-20 23:54:15,211 - src.driver - INFO - GENERATED CONTENT: <action>  unconscious incrimination withered </action> 
 PARSED ACTION: unconscious incrimination withered
2026-01-20 23:54:15,212 - src.driver - INFO - You will be assigned a task. 
You will receive the actions you have available, followed by the action history. 
Your goal is to maximize the total reward across all 10 steps. We are on step 9. 

Task Assignment:
---
You are faced with a 3-armed bandit problem.  Each action corresponds to pulling a specific arm. Each arm is associated with a Gaussian distribution with a fixed but unknown mean. At each time step, you will select a field and receive a reward drawn from the associated distribution. Your goal is to select which arm to pull in order to maximize your reward across all of your turns.
---

Available Actions:
---

- Arm Name: unconscious incrimination withered 

- Arm Name: quiet proposition word 

- Arm Name: clientele ratification character 

---
When selecting an action, include only the name of the action. Do not include the dashes used to indicate the list here.

History:
---


- {'state': {}, 'action_taken': 'unconscious incrimination withered', 'reward': 75.0}

- {'state': {}, 'action_taken': 'unconscious incrimination withered', 'reward': 75.0}

- {'state': {}, 'action_taken': 'quiet proposition word', 'reward': 25.0}

- {'state': {}, 'action_taken': 'clientele ratification character', 'reward': 50.0}

- {'state': {}, 'action_taken': 'unconscious incrimination withered', 'reward': 75.0}

- {'state': {}, 'action_taken': 'unconscious incrimination withered', 'reward': 75.0}

- {'state': {}, 'action_taken': 'unconscious incrimination withered', 'reward': 75.0}

- {'state': {}, 'action_taken': 'unconscious incrimination withered', 'reward': 75.0}

- {'state': {}, 'action_taken': 'unconscious incrimination withered', 'reward': 75.0}


---

Please select an action from the list of action options in order to maximize the reward for your task.
When selecting an action, put the exact name of the action between action tags like: <action> action_name </action>.

Your thinking budget is 150 tokens. If you exceed this limit, you will be forced to provide an immediate answer.
Your overall generation limit is 200 tokens.
2026-01-20 23:54:32,236 - src.driver - INFO - GENERATED CONTENT: <action>  unconscious incrimination withered </action> 
 PARSED ACTION: unconscious incrimination withered
2026-01-20 23:54:32,252 - src.driver - INFO - You will be assigned a task. 
You will receive the actions you have available, followed by the action history. 
Your goal is to maximize the total reward across all 10 steps. We are on step 0. 

Task Assignment:
---
You are faced with a 3-armed bandit problem.  Each action corresponds to pulling a specific arm. Each arm is associated with a Gaussian distribution with a fixed but unknown mean. At each time step, you will select a field and receive a reward drawn from the associated distribution. Your goal is to select which arm to pull in order to maximize your reward across all of your turns.
---

Available Actions:
---

- Arm Name: special heyday perceptible 

- Arm Name: clientele ratification character 

- Arm Name: lying stupor negro 

---
When selecting an action, include only the name of the action. Do not include the dashes used to indicate the list here.

History:
---

This is the first turn. There is no history.

---

Please select an action from the list of action options in order to maximize the reward for your task.
When selecting an action, put the exact name of the action between action tags like: <action> action_name </action>.

Your thinking budget is 150 tokens. If you exceed this limit, you will be forced to provide an immediate answer.
Your overall generation limit is 200 tokens.
2026-01-20 23:54:47,092 - src.driver - INFO - GENERATED CONTENT: <action>  special heyday perceptible </action> 
 PARSED ACTION: special heyday perceptible
2026-01-20 23:54:47,092 - src.driver - INFO - You will be assigned a task. 
You will receive the actions you have available, followed by the action history. 
Your goal is to maximize the total reward across all 10 steps. We are on step 1. 

Task Assignment:
---
You are faced with a 3-armed bandit problem.  Each action corresponds to pulling a specific arm. Each arm is associated with a Gaussian distribution with a fixed but unknown mean. At each time step, you will select a field and receive a reward drawn from the associated distribution. Your goal is to select which arm to pull in order to maximize your reward across all of your turns.
---

Available Actions:
---

- Arm Name: special heyday perceptible 

- Arm Name: clientele ratification character 

- Arm Name: lying stupor negro 

---
When selecting an action, include only the name of the action. Do not include the dashes used to indicate the list here.

History:
---


- {'state': {}, 'action_taken': 'special heyday perceptible', 'reward': 25.0}


---

Please select an action from the list of action options in order to maximize the reward for your task.
When selecting an action, put the exact name of the action between action tags like: <action> action_name </action>.

Your thinking budget is 150 tokens. If you exceed this limit, you will be forced to provide an immediate answer.
Your overall generation limit is 200 tokens.
2026-01-20 23:55:01,822 - src.driver - INFO - GENERATED CONTENT: <action>  clientele ratification character </action> 
 PARSED ACTION: clientele ratification character
2026-01-20 23:55:01,822 - src.driver - INFO - You will be assigned a task. 
You will receive the actions you have available, followed by the action history. 
Your goal is to maximize the total reward across all 10 steps. We are on step 2. 

Task Assignment:
---
You are faced with a 3-armed bandit problem.  Each action corresponds to pulling a specific arm. Each arm is associated with a Gaussian distribution with a fixed but unknown mean. At each time step, you will select a field and receive a reward drawn from the associated distribution. Your goal is to select which arm to pull in order to maximize your reward across all of your turns.
---

Available Actions:
---

- Arm Name: special heyday perceptible 

- Arm Name: clientele ratification character 

- Arm Name: lying stupor negro 

---
When selecting an action, include only the name of the action. Do not include the dashes used to indicate the list here.

History:
---


- {'state': {}, 'action_taken': 'special heyday perceptible', 'reward': 25.0}

- {'state': {}, 'action_taken': 'clientele ratification character', 'reward': 50.0}


---

Please select an action from the list of action options in order to maximize the reward for your task.
When selecting an action, put the exact name of the action between action tags like: <action> action_name </action>.

Your thinking budget is 150 tokens. If you exceed this limit, you will be forced to provide an immediate answer.
Your overall generation limit is 200 tokens.
2026-01-20 23:55:16,950 - src.driver - INFO - GENERATED CONTENT: <action>  lying stupor negro </action> 
 PARSED ACTION: lying stupor negro
2026-01-20 23:55:16,951 - src.driver - INFO - You will be assigned a task. 
You will receive the actions you have available, followed by the action history. 
Your goal is to maximize the total reward across all 10 steps. We are on step 3. 

Task Assignment:
---
You are faced with a 3-armed bandit problem.  Each action corresponds to pulling a specific arm. Each arm is associated with a Gaussian distribution with a fixed but unknown mean. At each time step, you will select a field and receive a reward drawn from the associated distribution. Your goal is to select which arm to pull in order to maximize your reward across all of your turns.
---

Available Actions:
---

- Arm Name: special heyday perceptible 

- Arm Name: clientele ratification character 

- Arm Name: lying stupor negro 

---
When selecting an action, include only the name of the action. Do not include the dashes used to indicate the list here.

History:
---


- {'state': {}, 'action_taken': 'special heyday perceptible', 'reward': 25.0}

- {'state': {}, 'action_taken': 'clientele ratification character', 'reward': 50.0}

- {'state': {}, 'action_taken': 'lying stupor negro', 'reward': 75.0}


---

Please select an action from the list of action options in order to maximize the reward for your task.
When selecting an action, put the exact name of the action between action tags like: <action> action_name </action>.

Your thinking budget is 150 tokens. If you exceed this limit, you will be forced to provide an immediate answer.
Your overall generation limit is 200 tokens.
2026-01-20 23:55:32,162 - src.driver - INFO - GENERATED CONTENT: <action>  lying stupor negro </action> 
 PARSED ACTION: lying stupor negro
2026-01-20 23:55:32,163 - src.driver - INFO - You will be assigned a task. 
You will receive the actions you have available, followed by the action history. 
Your goal is to maximize the total reward across all 10 steps. We are on step 4. 

Task Assignment:
---
You are faced with a 3-armed bandit problem.  Each action corresponds to pulling a specific arm. Each arm is associated with a Gaussian distribution with a fixed but unknown mean. At each time step, you will select a field and receive a reward drawn from the associated distribution. Your goal is to select which arm to pull in order to maximize your reward across all of your turns.
---

Available Actions:
---

- Arm Name: special heyday perceptible 

- Arm Name: clientele ratification character 

- Arm Name: lying stupor negro 

---
When selecting an action, include only the name of the action. Do not include the dashes used to indicate the list here.

History:
---


- {'state': {}, 'action_taken': 'special heyday perceptible', 'reward': 25.0}

- {'state': {}, 'action_taken': 'clientele ratification character', 'reward': 50.0}

- {'state': {}, 'action_taken': 'lying stupor negro', 'reward': 75.0}

- {'state': {}, 'action_taken': 'lying stupor negro', 'reward': 75.0}


---

Please select an action from the list of action options in order to maximize the reward for your task.
When selecting an action, put the exact name of the action between action tags like: <action> action_name </action>.

Your thinking budget is 150 tokens. If you exceed this limit, you will be forced to provide an immediate answer.
Your overall generation limit is 200 tokens.
2026-01-20 23:55:47,604 - src.driver - INFO - GENERATED CONTENT: <action>  lying stupor negro </action> 
 PARSED ACTION: lying stupor negro
2026-01-20 23:55:47,605 - src.driver - INFO - You will be assigned a task. 
You will receive the actions you have available, followed by the action history. 
Your goal is to maximize the total reward across all 10 steps. We are on step 5. 

Task Assignment:
---
You are faced with a 3-armed bandit problem.  Each action corresponds to pulling a specific arm. Each arm is associated with a Gaussian distribution with a fixed but unknown mean. At each time step, you will select a field and receive a reward drawn from the associated distribution. Your goal is to select which arm to pull in order to maximize your reward across all of your turns.
---

Available Actions:
---

- Arm Name: special heyday perceptible 

- Arm Name: clientele ratification character 

- Arm Name: lying stupor negro 

---
When selecting an action, include only the name of the action. Do not include the dashes used to indicate the list here.

History:
---


- {'state': {}, 'action_taken': 'special heyday perceptible', 'reward': 25.0}

- {'state': {}, 'action_taken': 'clientele ratification character', 'reward': 50.0}

- {'state': {}, 'action_taken': 'lying stupor negro', 'reward': 75.0}

- {'state': {}, 'action_taken': 'lying stupor negro', 'reward': 75.0}

- {'state': {}, 'action_taken': 'lying stupor negro', 'reward': 75.0}


---

Please select an action from the list of action options in order to maximize the reward for your task.
When selecting an action, put the exact name of the action between action tags like: <action> action_name </action>.

Your thinking budget is 150 tokens. If you exceed this limit, you will be forced to provide an immediate answer.
Your overall generation limit is 200 tokens.
2026-01-20 23:56:03,391 - src.driver - INFO - GENERATED CONTENT: <action>  lying stupor negro </action> 
 PARSED ACTION: lying stupor negro
2026-01-20 23:56:03,392 - src.driver - INFO - You will be assigned a task. 
You will receive the actions you have available, followed by the action history. 
Your goal is to maximize the total reward across all 10 steps. We are on step 6. 

Task Assignment:
---
You are faced with a 3-armed bandit problem.  Each action corresponds to pulling a specific arm. Each arm is associated with a Gaussian distribution with a fixed but unknown mean. At each time step, you will select a field and receive a reward drawn from the associated distribution. Your goal is to select which arm to pull in order to maximize your reward across all of your turns.
---

Available Actions:
---

- Arm Name: special heyday perceptible 

- Arm Name: clientele ratification character 

- Arm Name: lying stupor negro 

---
When selecting an action, include only the name of the action. Do not include the dashes used to indicate the list here.

History:
---


- {'state': {}, 'action_taken': 'special heyday perceptible', 'reward': 25.0}

- {'state': {}, 'action_taken': 'clientele ratification character', 'reward': 50.0}

- {'state': {}, 'action_taken': 'lying stupor negro', 'reward': 75.0}

- {'state': {}, 'action_taken': 'lying stupor negro', 'reward': 75.0}

- {'state': {}, 'action_taken': 'lying stupor negro', 'reward': 75.0}

- {'state': {}, 'action_taken': 'lying stupor negro', 'reward': 75.0}


---

Please select an action from the list of action options in order to maximize the reward for your task.
When selecting an action, put the exact name of the action between action tags like: <action> action_name </action>.

Your thinking budget is 150 tokens. If you exceed this limit, you will be forced to provide an immediate answer.
Your overall generation limit is 200 tokens.
2026-01-20 23:56:19,216 - src.driver - INFO - GENERATED CONTENT: <action>  lying stupor negro </action> 
 PARSED ACTION: lying stupor negro
2026-01-20 23:56:19,216 - src.driver - INFO - You will be assigned a task. 
You will receive the actions you have available, followed by the action history. 
Your goal is to maximize the total reward across all 10 steps. We are on step 7. 

Task Assignment:
---
You are faced with a 3-armed bandit problem.  Each action corresponds to pulling a specific arm. Each arm is associated with a Gaussian distribution with a fixed but unknown mean. At each time step, you will select a field and receive a reward drawn from the associated distribution. Your goal is to select which arm to pull in order to maximize your reward across all of your turns.
---

Available Actions:
---

- Arm Name: special heyday perceptible 

- Arm Name: clientele ratification character 

- Arm Name: lying stupor negro 

---
When selecting an action, include only the name of the action. Do not include the dashes used to indicate the list here.

History:
---


- {'state': {}, 'action_taken': 'special heyday perceptible', 'reward': 25.0}

- {'state': {}, 'action_taken': 'clientele ratification character', 'reward': 50.0}

- {'state': {}, 'action_taken': 'lying stupor negro', 'reward': 75.0}

- {'state': {}, 'action_taken': 'lying stupor negro', 'reward': 75.0}

- {'state': {}, 'action_taken': 'lying stupor negro', 'reward': 75.0}

- {'state': {}, 'action_taken': 'lying stupor negro', 'reward': 75.0}

- {'state': {}, 'action_taken': 'lying stupor negro', 'reward': 75.0}


---

Please select an action from the list of action options in order to maximize the reward for your task.
When selecting an action, put the exact name of the action between action tags like: <action> action_name </action>.

Your thinking budget is 150 tokens. If you exceed this limit, you will be forced to provide an immediate answer.
Your overall generation limit is 200 tokens.
2026-01-20 23:56:35,350 - src.driver - INFO - GENERATED CONTENT: <action>  lying stupor negro </action> 
 PARSED ACTION: lying stupor negro
2026-01-20 23:56:35,351 - src.driver - INFO - You will be assigned a task. 
You will receive the actions you have available, followed by the action history. 
Your goal is to maximize the total reward across all 10 steps. We are on step 8. 

Task Assignment:
---
You are faced with a 3-armed bandit problem.  Each action corresponds to pulling a specific arm. Each arm is associated with a Gaussian distribution with a fixed but unknown mean. At each time step, you will select a field and receive a reward drawn from the associated distribution. Your goal is to select which arm to pull in order to maximize your reward across all of your turns.
---

Available Actions:
---

- Arm Name: special heyday perceptible 

- Arm Name: clientele ratification character 

- Arm Name: lying stupor negro 

---
When selecting an action, include only the name of the action. Do not include the dashes used to indicate the list here.

History:
---


- {'state': {}, 'action_taken': 'special heyday perceptible', 'reward': 25.0}

- {'state': {}, 'action_taken': 'clientele ratification character', 'reward': 50.0}

- {'state': {}, 'action_taken': 'lying stupor negro', 'reward': 75.0}

- {'state': {}, 'action_taken': 'lying stupor negro', 'reward': 75.0}

- {'state': {}, 'action_taken': 'lying stupor negro', 'reward': 75.0}

- {'state': {}, 'action_taken': 'lying stupor negro', 'reward': 75.0}

- {'state': {}, 'action_taken': 'lying stupor negro', 'reward': 75.0}

- {'state': {}, 'action_taken': 'lying stupor negro', 'reward': 75.0}


---

Please select an action from the list of action options in order to maximize the reward for your task.
When selecting an action, put the exact name of the action between action tags like: <action> action_name </action>.

Your thinking budget is 150 tokens. If you exceed this limit, you will be forced to provide an immediate answer.
Your overall generation limit is 200 tokens.
2026-01-20 23:56:51,751 - src.driver - INFO - GENERATED CONTENT: <action>  lying stupor negro </action> 
 PARSED ACTION: lying stupor negro
2026-01-20 23:56:51,751 - src.driver - INFO - You will be assigned a task. 
You will receive the actions you have available, followed by the action history. 
Your goal is to maximize the total reward across all 10 steps. We are on step 9. 

Task Assignment:
---
You are faced with a 3-armed bandit problem.  Each action corresponds to pulling a specific arm. Each arm is associated with a Gaussian distribution with a fixed but unknown mean. At each time step, you will select a field and receive a reward drawn from the associated distribution. Your goal is to select which arm to pull in order to maximize your reward across all of your turns.
---

Available Actions:
---

- Arm Name: special heyday perceptible 

- Arm Name: clientele ratification character 

- Arm Name: lying stupor negro 

---
When selecting an action, include only the name of the action. Do not include the dashes used to indicate the list here.

History:
---


- {'state': {}, 'action_taken': 'special heyday perceptible', 'reward': 25.0}

- {'state': {}, 'action_taken': 'clientele ratification character', 'reward': 50.0}

- {'state': {}, 'action_taken': 'lying stupor negro', 'reward': 75.0}

- {'state': {}, 'action_taken': 'lying stupor negro', 'reward': 75.0}

- {'state': {}, 'action_taken': 'lying stupor negro', 'reward': 75.0}

- {'state': {}, 'action_taken': 'lying stupor negro', 'reward': 75.0}

- {'state': {}, 'action_taken': 'lying stupor negro', 'reward': 75.0}

- {'state': {}, 'action_taken': 'lying stupor negro', 'reward': 75.0}

- {'state': {}, 'action_taken': 'lying stupor negro', 'reward': 75.0}


---

Please select an action from the list of action options in order to maximize the reward for your task.
When selecting an action, put the exact name of the action between action tags like: <action> action_name </action>.

Your thinking budget is 150 tokens. If you exceed this limit, you will be forced to provide an immediate answer.
Your overall generation limit is 200 tokens.
2026-01-20 23:57:08,243 - src.driver - INFO - GENERATED CONTENT: <action>  lying stupor negro </action> 
 PARSED ACTION: lying stupor negro
2026-01-20 23:57:08,259 - src.driver - INFO - You will be assigned a task. 
You will receive the actions you have available, followed by the action history. 
Your goal is to maximize the total reward across all 10 steps. We are on step 0. 

Task Assignment:
---
You are faced with a 3-armed bandit problem.  Each action corresponds to pulling a specific arm. Each arm is associated with a Gaussian distribution with a fixed but unknown mean. At each time step, you will select a field and receive a reward drawn from the associated distribution. Your goal is to select which arm to pull in order to maximize your reward across all of your turns.
---

Available Actions:
---

- Arm Name: disobedient horrified untrained 

- Arm Name: deserving beeswax intercom 

- Arm Name: special heyday perceptible 

---
When selecting an action, include only the name of the action. Do not include the dashes used to indicate the list here.

History:
---

This is the first turn. There is no history.

---

Please select an action from the list of action options in order to maximize the reward for your task.
When selecting an action, put the exact name of the action between action tags like: <action> action_name </action>.

Your thinking budget is 150 tokens. If you exceed this limit, you will be forced to provide an immediate answer.
Your overall generation limit is 200 tokens.
2026-01-20 23:57:23,059 - src.driver - INFO - GENERATED CONTENT: <action>  disobedient horrified untrained </action> 
 PARSED ACTION: disobedient horrified untrained
2026-01-20 23:57:23,059 - src.driver - INFO - You will be assigned a task. 
You will receive the actions you have available, followed by the action history. 
Your goal is to maximize the total reward across all 10 steps. We are on step 1. 

Task Assignment:
---
You are faced with a 3-armed bandit problem.  Each action corresponds to pulling a specific arm. Each arm is associated with a Gaussian distribution with a fixed but unknown mean. At each time step, you will select a field and receive a reward drawn from the associated distribution. Your goal is to select which arm to pull in order to maximize your reward across all of your turns.
---

Available Actions:
---

- Arm Name: disobedient horrified untrained 

- Arm Name: deserving beeswax intercom 

- Arm Name: special heyday perceptible 

---
When selecting an action, include only the name of the action. Do not include the dashes used to indicate the list here.

History:
---


- {'state': {}, 'action_taken': 'disobedient horrified untrained', 'reward': 75.0}


---

Please select an action from the list of action options in order to maximize the reward for your task.
When selecting an action, put the exact name of the action between action tags like: <action> action_name </action>.

Your thinking budget is 150 tokens. If you exceed this limit, you will be forced to provide an immediate answer.
Your overall generation limit is 200 tokens.
2026-01-20 23:57:38,150 - src.driver - INFO - GENERATED CONTENT: <action>  deserving beeswax intercom </action> 
 PARSED ACTION: deserving beeswax intercom
2026-01-20 23:57:38,151 - src.driver - INFO - You will be assigned a task. 
You will receive the actions you have available, followed by the action history. 
Your goal is to maximize the total reward across all 10 steps. We are on step 2. 

Task Assignment:
---
You are faced with a 3-armed bandit problem.  Each action corresponds to pulling a specific arm. Each arm is associated with a Gaussian distribution with a fixed but unknown mean. At each time step, you will select a field and receive a reward drawn from the associated distribution. Your goal is to select which arm to pull in order to maximize your reward across all of your turns.
---

Available Actions:
---

- Arm Name: disobedient horrified untrained 

- Arm Name: deserving beeswax intercom 

- Arm Name: special heyday perceptible 

---
When selecting an action, include only the name of the action. Do not include the dashes used to indicate the list here.

History:
---


- {'state': {}, 'action_taken': 'disobedient horrified untrained', 'reward': 75.0}

- {'state': {}, 'action_taken': 'deserving beeswax intercom', 'reward': 50.0}


---

Please select an action from the list of action options in order to maximize the reward for your task.
When selecting an action, put the exact name of the action between action tags like: <action> action_name </action>.

Your thinking budget is 150 tokens. If you exceed this limit, you will be forced to provide an immediate answer.
Your overall generation limit is 200 tokens.
2026-01-20 23:57:53,402 - src.driver - INFO - GENERATED CONTENT: <action>  special heyday perceptible </action> 
 PARSED ACTION: special heyday perceptible
2026-01-20 23:57:53,402 - src.driver - INFO - You will be assigned a task. 
You will receive the actions you have available, followed by the action history. 
Your goal is to maximize the total reward across all 10 steps. We are on step 3. 

Task Assignment:
---
You are faced with a 3-armed bandit problem.  Each action corresponds to pulling a specific arm. Each arm is associated with a Gaussian distribution with a fixed but unknown mean. At each time step, you will select a field and receive a reward drawn from the associated distribution. Your goal is to select which arm to pull in order to maximize your reward across all of your turns.
---

Available Actions:
---

- Arm Name: disobedient horrified untrained 

- Arm Name: deserving beeswax intercom 

- Arm Name: special heyday perceptible 

---
When selecting an action, include only the name of the action. Do not include the dashes used to indicate the list here.

History:
---


- {'state': {}, 'action_taken': 'disobedient horrified untrained', 'reward': 75.0}

- {'state': {}, 'action_taken': 'deserving beeswax intercom', 'reward': 50.0}

- {'state': {}, 'action_taken': 'special heyday perceptible', 'reward': 25.0}


---

Please select an action from the list of action options in order to maximize the reward for your task.
When selecting an action, put the exact name of the action between action tags like: <action> action_name </action>.

Your thinking budget is 150 tokens. If you exceed this limit, you will be forced to provide an immediate answer.
Your overall generation limit is 200 tokens.
2026-01-20 23:58:08,712 - src.driver - INFO - GENERATED CONTENT: <action>  disobedient horrified untrained </action> 
 PARSED ACTION: disobedient horrified untrained
2026-01-20 23:58:08,713 - src.driver - INFO - You will be assigned a task. 
You will receive the actions you have available, followed by the action history. 
Your goal is to maximize the total reward across all 10 steps. We are on step 4. 

Task Assignment:
---
You are faced with a 3-armed bandit problem.  Each action corresponds to pulling a specific arm. Each arm is associated with a Gaussian distribution with a fixed but unknown mean. At each time step, you will select a field and receive a reward drawn from the associated distribution. Your goal is to select which arm to pull in order to maximize your reward across all of your turns.
---

Available Actions:
---

- Arm Name: disobedient horrified untrained 

- Arm Name: deserving beeswax intercom 

- Arm Name: special heyday perceptible 

---
When selecting an action, include only the name of the action. Do not include the dashes used to indicate the list here.

History:
---


- {'state': {}, 'action_taken': 'disobedient horrified untrained', 'reward': 75.0}

- {'state': {}, 'action_taken': 'deserving beeswax intercom', 'reward': 50.0}

- {'state': {}, 'action_taken': 'special heyday perceptible', 'reward': 25.0}

- {'state': {}, 'action_taken': 'disobedient horrified untrained', 'reward': 75.0}


---

Please select an action from the list of action options in order to maximize the reward for your task.
When selecting an action, put the exact name of the action between action tags like: <action> action_name </action>.

Your thinking budget is 150 tokens. If you exceed this limit, you will be forced to provide an immediate answer.
Your overall generation limit is 200 tokens.
2026-01-20 23:58:24,514 - src.driver - INFO - GENERATED CONTENT: <action>  disobedient horrified untrained </action> 
 PARSED ACTION: disobedient horrified untrained
2026-01-20 23:58:24,514 - src.driver - INFO - You will be assigned a task. 
You will receive the actions you have available, followed by the action history. 
Your goal is to maximize the total reward across all 10 steps. We are on step 5. 

Task Assignment:
---
You are faced with a 3-armed bandit problem.  Each action corresponds to pulling a specific arm. Each arm is associated with a Gaussian distribution with a fixed but unknown mean. At each time step, you will select a field and receive a reward drawn from the associated distribution. Your goal is to select which arm to pull in order to maximize your reward across all of your turns.
---

Available Actions:
---

- Arm Name: disobedient horrified untrained 

- Arm Name: deserving beeswax intercom 

- Arm Name: special heyday perceptible 

---
When selecting an action, include only the name of the action. Do not include the dashes used to indicate the list here.

History:
---


- {'state': {}, 'action_taken': 'disobedient horrified untrained', 'reward': 75.0}

- {'state': {}, 'action_taken': 'deserving beeswax intercom', 'reward': 50.0}

- {'state': {}, 'action_taken': 'special heyday perceptible', 'reward': 25.0}

- {'state': {}, 'action_taken': 'disobedient horrified untrained', 'reward': 75.0}

- {'state': {}, 'action_taken': 'disobedient horrified untrained', 'reward': 75.0}


---

Please select an action from the list of action options in order to maximize the reward for your task.
When selecting an action, put the exact name of the action between action tags like: <action> action_name </action>.

Your thinking budget is 150 tokens. If you exceed this limit, you will be forced to provide an immediate answer.
Your overall generation limit is 200 tokens.
2026-01-20 23:58:40,442 - src.driver - INFO - GENERATED CONTENT: <action>  disobedient horrified untrained </action> 
 PARSED ACTION: disobedient horrified untrained
2026-01-20 23:58:40,442 - src.driver - INFO - You will be assigned a task. 
You will receive the actions you have available, followed by the action history. 
Your goal is to maximize the total reward across all 10 steps. We are on step 6. 

Task Assignment:
---
You are faced with a 3-armed bandit problem.  Each action corresponds to pulling a specific arm. Each arm is associated with a Gaussian distribution with a fixed but unknown mean. At each time step, you will select a field and receive a reward drawn from the associated distribution. Your goal is to select which arm to pull in order to maximize your reward across all of your turns.
---

Available Actions:
---

- Arm Name: disobedient horrified untrained 

- Arm Name: deserving beeswax intercom 

- Arm Name: special heyday perceptible 

---
When selecting an action, include only the name of the action. Do not include the dashes used to indicate the list here.

History:
---


- {'state': {}, 'action_taken': 'disobedient horrified untrained', 'reward': 75.0}

- {'state': {}, 'action_taken': 'deserving beeswax intercom', 'reward': 50.0}

- {'state': {}, 'action_taken': 'special heyday perceptible', 'reward': 25.0}

- {'state': {}, 'action_taken': 'disobedient horrified untrained', 'reward': 75.0}

- {'state': {}, 'action_taken': 'disobedient horrified untrained', 'reward': 75.0}

- {'state': {}, 'action_taken': 'disobedient horrified untrained', 'reward': 75.0}


---

Please select an action from the list of action options in order to maximize the reward for your task.
When selecting an action, put the exact name of the action between action tags like: <action> action_name </action>.

Your thinking budget is 150 tokens. If you exceed this limit, you will be forced to provide an immediate answer.
Your overall generation limit is 200 tokens.
2026-01-20 23:58:56,625 - src.driver - INFO - GENERATED CONTENT: <action>  disobedient horrified untrained </action> 
 PARSED ACTION: disobedient horrified untrained
2026-01-20 23:58:56,625 - src.driver - INFO - You will be assigned a task. 
You will receive the actions you have available, followed by the action history. 
Your goal is to maximize the total reward across all 10 steps. We are on step 7. 

Task Assignment:
---
You are faced with a 3-armed bandit problem.  Each action corresponds to pulling a specific arm. Each arm is associated with a Gaussian distribution with a fixed but unknown mean. At each time step, you will select a field and receive a reward drawn from the associated distribution. Your goal is to select which arm to pull in order to maximize your reward across all of your turns.
---

Available Actions:
---

- Arm Name: disobedient horrified untrained 

- Arm Name: deserving beeswax intercom 

- Arm Name: special heyday perceptible 

---
When selecting an action, include only the name of the action. Do not include the dashes used to indicate the list here.

History:
---


- {'state': {}, 'action_taken': 'disobedient horrified untrained', 'reward': 75.0}

- {'state': {}, 'action_taken': 'deserving beeswax intercom', 'reward': 50.0}

- {'state': {}, 'action_taken': 'special heyday perceptible', 'reward': 25.0}

- {'state': {}, 'action_taken': 'disobedient horrified untrained', 'reward': 75.0}

- {'state': {}, 'action_taken': 'disobedient horrified untrained', 'reward': 75.0}

- {'state': {}, 'action_taken': 'disobedient horrified untrained', 'reward': 75.0}

- {'state': {}, 'action_taken': 'disobedient horrified untrained', 'reward': 75.0}


---

Please select an action from the list of action options in order to maximize the reward for your task.
When selecting an action, put the exact name of the action between action tags like: <action> action_name </action>.

Your thinking budget is 150 tokens. If you exceed this limit, you will be forced to provide an immediate answer.
Your overall generation limit is 200 tokens.
2026-01-20 23:59:13,146 - src.driver - INFO - GENERATED CONTENT: <action>  disobedient horrified untrained </action> 
 PARSED ACTION: disobedient horrified untrained
2026-01-20 23:59:13,147 - src.driver - INFO - You will be assigned a task. 
You will receive the actions you have available, followed by the action history. 
Your goal is to maximize the total reward across all 10 steps. We are on step 8. 

Task Assignment:
---
You are faced with a 3-armed bandit problem.  Each action corresponds to pulling a specific arm. Each arm is associated with a Gaussian distribution with a fixed but unknown mean. At each time step, you will select a field and receive a reward drawn from the associated distribution. Your goal is to select which arm to pull in order to maximize your reward across all of your turns.
---

Available Actions:
---

- Arm Name: disobedient horrified untrained 

- Arm Name: deserving beeswax intercom 

- Arm Name: special heyday perceptible 

---
When selecting an action, include only the name of the action. Do not include the dashes used to indicate the list here.

History:
---


- {'state': {}, 'action_taken': 'disobedient horrified untrained', 'reward': 75.0}

- {'state': {}, 'action_taken': 'deserving beeswax intercom', 'reward': 50.0}

- {'state': {}, 'action_taken': 'special heyday perceptible', 'reward': 25.0}

- {'state': {}, 'action_taken': 'disobedient horrified untrained', 'reward': 75.0}

- {'state': {}, 'action_taken': 'disobedient horrified untrained', 'reward': 75.0}

- {'state': {}, 'action_taken': 'disobedient horrified untrained', 'reward': 75.0}

- {'state': {}, 'action_taken': 'disobedient horrified untrained', 'reward': 75.0}

- {'state': {}, 'action_taken': 'disobedient horrified untrained', 'reward': 75.0}


---

Please select an action from the list of action options in order to maximize the reward for your task.
When selecting an action, put the exact name of the action between action tags like: <action> action_name </action>.

Your thinking budget is 150 tokens. If you exceed this limit, you will be forced to provide an immediate answer.
Your overall generation limit is 200 tokens.
2026-01-20 23:59:29,716 - src.driver - INFO - GENERATED CONTENT: <action>  disobedient horrified untrained </action> 
 PARSED ACTION: disobedient horrified untrained
2026-01-20 23:59:29,716 - src.driver - INFO - You will be assigned a task. 
You will receive the actions you have available, followed by the action history. 
Your goal is to maximize the total reward across all 10 steps. We are on step 9. 

Task Assignment:
---
You are faced with a 3-armed bandit problem.  Each action corresponds to pulling a specific arm. Each arm is associated with a Gaussian distribution with a fixed but unknown mean. At each time step, you will select a field and receive a reward drawn from the associated distribution. Your goal is to select which arm to pull in order to maximize your reward across all of your turns.
---

Available Actions:
---

- Arm Name: disobedient horrified untrained 

- Arm Name: deserving beeswax intercom 

- Arm Name: special heyday perceptible 

---
When selecting an action, include only the name of the action. Do not include the dashes used to indicate the list here.

History:
---


- {'state': {}, 'action_taken': 'disobedient horrified untrained', 'reward': 75.0}

- {'state': {}, 'action_taken': 'deserving beeswax intercom', 'reward': 50.0}

- {'state': {}, 'action_taken': 'special heyday perceptible', 'reward': 25.0}

- {'state': {}, 'action_taken': 'disobedient horrified untrained', 'reward': 75.0}

- {'state': {}, 'action_taken': 'disobedient horrified untrained', 'reward': 75.0}

- {'state': {}, 'action_taken': 'disobedient horrified untrained', 'reward': 75.0}

- {'state': {}, 'action_taken': 'disobedient horrified untrained', 'reward': 75.0}

- {'state': {}, 'action_taken': 'disobedient horrified untrained', 'reward': 75.0}

- {'state': {}, 'action_taken': 'disobedient horrified untrained', 'reward': 75.0}


---

Please select an action from the list of action options in order to maximize the reward for your task.
When selecting an action, put the exact name of the action between action tags like: <action> action_name </action>.

Your thinking budget is 150 tokens. If you exceed this limit, you will be forced to provide an immediate answer.
Your overall generation limit is 200 tokens.
2026-01-20 23:59:46,723 - src.driver - INFO - GENERATED CONTENT: <action>  disobedient horrified untrained </action> 
 PARSED ACTION: disobedient horrified untrained
