2026-01-20 22:34:18,240 - src.driver - INFO - You will be assigned a task. 
You will receive the actions you have available, followed by the action history. 
Your goal is to maximize the total reward across all 10 steps. We are on step 0. 

Task Assignment:
---
You are faced with a 3-armed bandit problem.  Each action corresponds to pulling a specific arm. Each arm is associated with a Gaussian distribution with a fixed but unknown mean. At each time step, you will select a field and receive a reward drawn from the associated distribution. Your goal is to select which arm to pull in order to maximize your reward across all of your turns.
---

Available Actions:
---

- Arm Name: clientele ratification character - This action has been selected 0 time(s) for an observed mean of Unknown

- Arm Name: deficiency whine overdue - This action has been selected 0 time(s) for an observed mean of Unknown

- Arm Name: manly chocolate wits - This action has been selected 0 time(s) for an observed mean of Unknown

---
When selecting an action, include only the name of the action. Do not include the dashes used to indicate the list here.

Please select an action from the list of action options in order to maximize the reward for your task.
When selecting an action, put the exact name of the action between action tags like: <action> action_name </action>.

Your thinking budget is 150 tokens. If you exceed this limit, you will be forced to provide an immediate answer.
Your overall generation limit is 200 tokens.
2026-01-20 22:34:33,404 - src.driver - INFO - GENERATED CONTENT: <action>  clientele ratification character </action> 
 PARSED ACTION: clientele ratification character
2026-01-20 22:34:33,405 - src.driver - INFO - You will be assigned a task. 
You will receive the actions you have available, followed by the action history. 
Your goal is to maximize the total reward across all 10 steps. We are on step 1. 

Task Assignment:
---
You are faced with a 3-armed bandit problem.  Each action corresponds to pulling a specific arm. Each arm is associated with a Gaussian distribution with a fixed but unknown mean. At each time step, you will select a field and receive a reward drawn from the associated distribution. Your goal is to select which arm to pull in order to maximize your reward across all of your turns.
---

Available Actions:
---

- Arm Name: clientele ratification character - This action has been selected 1 time(s) for an observed mean of -0.5

- Arm Name: deficiency whine overdue - This action has been selected 0 time(s) for an observed mean of Unknown

- Arm Name: manly chocolate wits - This action has been selected 0 time(s) for an observed mean of Unknown

---
When selecting an action, include only the name of the action. Do not include the dashes used to indicate the list here.

Please select an action from the list of action options in order to maximize the reward for your task.
When selecting an action, put the exact name of the action between action tags like: <action> action_name </action>.

Your thinking budget is 150 tokens. If you exceed this limit, you will be forced to provide an immediate answer.
Your overall generation limit is 200 tokens.
2026-01-20 22:34:48,633 - src.driver - INFO - GENERATED CONTENT: <action>  deficiency whine overdue </action> 
 PARSED ACTION: deficiency whine overdue
2026-01-20 22:34:48,634 - src.driver - INFO - You will be assigned a task. 
You will receive the actions you have available, followed by the action history. 
Your goal is to maximize the total reward across all 10 steps. We are on step 2. 

Task Assignment:
---
You are faced with a 3-armed bandit problem.  Each action corresponds to pulling a specific arm. Each arm is associated with a Gaussian distribution with a fixed but unknown mean. At each time step, you will select a field and receive a reward drawn from the associated distribution. Your goal is to select which arm to pull in order to maximize your reward across all of your turns.
---

Available Actions:
---

- Arm Name: clientele ratification character - This action has been selected 1 time(s) for an observed mean of -0.5

- Arm Name: deficiency whine overdue - This action has been selected 1 time(s) for an observed mean of -0.25

- Arm Name: manly chocolate wits - This action has been selected 0 time(s) for an observed mean of Unknown

---
When selecting an action, include only the name of the action. Do not include the dashes used to indicate the list here.

Please select an action from the list of action options in order to maximize the reward for your task.
When selecting an action, put the exact name of the action between action tags like: <action> action_name </action>.

Your thinking budget is 150 tokens. If you exceed this limit, you will be forced to provide an immediate answer.
Your overall generation limit is 200 tokens.
2026-01-20 22:35:03,973 - src.driver - INFO - GENERATED CONTENT: <action>  manly chocolate wits </action> 
 PARSED ACTION: manly chocolate wits
2026-01-20 22:35:03,974 - src.driver - INFO - You will be assigned a task. 
You will receive the actions you have available, followed by the action history. 
Your goal is to maximize the total reward across all 10 steps. We are on step 3. 

Task Assignment:
---
You are faced with a 3-armed bandit problem.  Each action corresponds to pulling a specific arm. Each arm is associated with a Gaussian distribution with a fixed but unknown mean. At each time step, you will select a field and receive a reward drawn from the associated distribution. Your goal is to select which arm to pull in order to maximize your reward across all of your turns.
---

Available Actions:
---

- Arm Name: clientele ratification character - This action has been selected 1 time(s) for an observed mean of -0.5

- Arm Name: deficiency whine overdue - This action has been selected 1 time(s) for an observed mean of -0.25

- Arm Name: manly chocolate wits - This action has been selected 1 time(s) for an observed mean of -0.75

---
When selecting an action, include only the name of the action. Do not include the dashes used to indicate the list here.

Please select an action from the list of action options in order to maximize the reward for your task.
When selecting an action, put the exact name of the action between action tags like: <action> action_name </action>.

Your thinking budget is 150 tokens. If you exceed this limit, you will be forced to provide an immediate answer.
Your overall generation limit is 200 tokens.
2026-01-20 22:35:19,277 - src.driver - INFO - GENERATED CONTENT: <action>  deficiency whine overdue </action> 
 PARSED ACTION: deficiency whine overdue
2026-01-20 22:35:19,278 - src.driver - INFO - You will be assigned a task. 
You will receive the actions you have available, followed by the action history. 
Your goal is to maximize the total reward across all 10 steps. We are on step 4. 

Task Assignment:
---
You are faced with a 3-armed bandit problem.  Each action corresponds to pulling a specific arm. Each arm is associated with a Gaussian distribution with a fixed but unknown mean. At each time step, you will select a field and receive a reward drawn from the associated distribution. Your goal is to select which arm to pull in order to maximize your reward across all of your turns.
---

Available Actions:
---

- Arm Name: clientele ratification character - This action has been selected 1 time(s) for an observed mean of -0.5

- Arm Name: deficiency whine overdue - This action has been selected 2 time(s) for an observed mean of -0.25

- Arm Name: manly chocolate wits - This action has been selected 1 time(s) for an observed mean of -0.75

---
When selecting an action, include only the name of the action. Do not include the dashes used to indicate the list here.

Please select an action from the list of action options in order to maximize the reward for your task.
When selecting an action, put the exact name of the action between action tags like: <action> action_name </action>.

Your thinking budget is 150 tokens. If you exceed this limit, you will be forced to provide an immediate answer.
Your overall generation limit is 200 tokens.
2026-01-20 22:35:34,543 - src.driver - INFO - GENERATED CONTENT: <action>  deficiency whine overdue </action> 
 PARSED ACTION: deficiency whine overdue
2026-01-20 22:35:34,544 - src.driver - INFO - You will be assigned a task. 
You will receive the actions you have available, followed by the action history. 
Your goal is to maximize the total reward across all 10 steps. We are on step 5. 

Task Assignment:
---
You are faced with a 3-armed bandit problem.  Each action corresponds to pulling a specific arm. Each arm is associated with a Gaussian distribution with a fixed but unknown mean. At each time step, you will select a field and receive a reward drawn from the associated distribution. Your goal is to select which arm to pull in order to maximize your reward across all of your turns.
---

Available Actions:
---

- Arm Name: clientele ratification character - This action has been selected 1 time(s) for an observed mean of -0.5

- Arm Name: deficiency whine overdue - This action has been selected 3 time(s) for an observed mean of -0.25

- Arm Name: manly chocolate wits - This action has been selected 1 time(s) for an observed mean of -0.75

---
When selecting an action, include only the name of the action. Do not include the dashes used to indicate the list here.

Please select an action from the list of action options in order to maximize the reward for your task.
When selecting an action, put the exact name of the action between action tags like: <action> action_name </action>.

Your thinking budget is 150 tokens. If you exceed this limit, you will be forced to provide an immediate answer.
Your overall generation limit is 200 tokens.
2026-01-20 22:35:49,858 - src.driver - INFO - GENERATED CONTENT: <action>  deficiency whine overdue </action> 
 PARSED ACTION: deficiency whine overdue
2026-01-20 22:35:49,858 - src.driver - INFO - You will be assigned a task. 
You will receive the actions you have available, followed by the action history. 
Your goal is to maximize the total reward across all 10 steps. We are on step 6. 

Task Assignment:
---
You are faced with a 3-armed bandit problem.  Each action corresponds to pulling a specific arm. Each arm is associated with a Gaussian distribution with a fixed but unknown mean. At each time step, you will select a field and receive a reward drawn from the associated distribution. Your goal is to select which arm to pull in order to maximize your reward across all of your turns.
---

Available Actions:
---

- Arm Name: clientele ratification character - This action has been selected 1 time(s) for an observed mean of -0.5

- Arm Name: deficiency whine overdue - This action has been selected 4 time(s) for an observed mean of -0.25

- Arm Name: manly chocolate wits - This action has been selected 1 time(s) for an observed mean of -0.75

---
When selecting an action, include only the name of the action. Do not include the dashes used to indicate the list here.

Please select an action from the list of action options in order to maximize the reward for your task.
When selecting an action, put the exact name of the action between action tags like: <action> action_name </action>.

Your thinking budget is 150 tokens. If you exceed this limit, you will be forced to provide an immediate answer.
Your overall generation limit is 200 tokens.
2026-01-20 22:36:05,144 - src.driver - INFO - GENERATED CONTENT: <action>  deficiency whine overdue </action> 
 PARSED ACTION: deficiency whine overdue
2026-01-20 22:36:05,145 - src.driver - INFO - You will be assigned a task. 
You will receive the actions you have available, followed by the action history. 
Your goal is to maximize the total reward across all 10 steps. We are on step 7. 

Task Assignment:
---
You are faced with a 3-armed bandit problem.  Each action corresponds to pulling a specific arm. Each arm is associated with a Gaussian distribution with a fixed but unknown mean. At each time step, you will select a field and receive a reward drawn from the associated distribution. Your goal is to select which arm to pull in order to maximize your reward across all of your turns.
---

Available Actions:
---

- Arm Name: clientele ratification character - This action has been selected 1 time(s) for an observed mean of -0.5

- Arm Name: deficiency whine overdue - This action has been selected 5 time(s) for an observed mean of -0.25

- Arm Name: manly chocolate wits - This action has been selected 1 time(s) for an observed mean of -0.75

---
When selecting an action, include only the name of the action. Do not include the dashes used to indicate the list here.

Please select an action from the list of action options in order to maximize the reward for your task.
When selecting an action, put the exact name of the action between action tags like: <action> action_name </action>.

Your thinking budget is 150 tokens. If you exceed this limit, you will be forced to provide an immediate answer.
Your overall generation limit is 200 tokens.
2026-01-20 22:36:20,451 - src.driver - INFO - GENERATED CONTENT: <action>  deficiency whine overdue </action> 
 PARSED ACTION: deficiency whine overdue
2026-01-20 22:36:20,452 - src.driver - INFO - You will be assigned a task. 
You will receive the actions you have available, followed by the action history. 
Your goal is to maximize the total reward across all 10 steps. We are on step 8. 

Task Assignment:
---
You are faced with a 3-armed bandit problem.  Each action corresponds to pulling a specific arm. Each arm is associated with a Gaussian distribution with a fixed but unknown mean. At each time step, you will select a field and receive a reward drawn from the associated distribution. Your goal is to select which arm to pull in order to maximize your reward across all of your turns.
---

Available Actions:
---

- Arm Name: clientele ratification character - This action has been selected 1 time(s) for an observed mean of -0.5

- Arm Name: deficiency whine overdue - This action has been selected 6 time(s) for an observed mean of -0.25

- Arm Name: manly chocolate wits - This action has been selected 1 time(s) for an observed mean of -0.75

---
When selecting an action, include only the name of the action. Do not include the dashes used to indicate the list here.

Please select an action from the list of action options in order to maximize the reward for your task.
When selecting an action, put the exact name of the action between action tags like: <action> action_name </action>.

Your thinking budget is 150 tokens. If you exceed this limit, you will be forced to provide an immediate answer.
Your overall generation limit is 200 tokens.
2026-01-20 22:36:35,723 - src.driver - INFO - GENERATED CONTENT: <action>  clientele ratification character </action> 
 PARSED ACTION: clientele ratification character
2026-01-20 22:36:35,724 - src.driver - INFO - You will be assigned a task. 
You will receive the actions you have available, followed by the action history. 
Your goal is to maximize the total reward across all 10 steps. We are on step 9. 

Task Assignment:
---
You are faced with a 3-armed bandit problem.  Each action corresponds to pulling a specific arm. Each arm is associated with a Gaussian distribution with a fixed but unknown mean. At each time step, you will select a field and receive a reward drawn from the associated distribution. Your goal is to select which arm to pull in order to maximize your reward across all of your turns.
---

Available Actions:
---

- Arm Name: clientele ratification character - This action has been selected 2 time(s) for an observed mean of -0.5

- Arm Name: deficiency whine overdue - This action has been selected 6 time(s) for an observed mean of -0.25

- Arm Name: manly chocolate wits - This action has been selected 1 time(s) for an observed mean of -0.75

---
When selecting an action, include only the name of the action. Do not include the dashes used to indicate the list here.

Please select an action from the list of action options in order to maximize the reward for your task.
When selecting an action, put the exact name of the action between action tags like: <action> action_name </action>.

Your thinking budget is 150 tokens. If you exceed this limit, you will be forced to provide an immediate answer.
Your overall generation limit is 200 tokens.
2026-01-20 22:36:51,002 - src.driver - INFO - GENERATED CONTENT: <action>  deficiency whine overdue </action> 
 PARSED ACTION: deficiency whine overdue
2026-01-20 22:36:51,018 - src.driver - INFO - You will be assigned a task. 
You will receive the actions you have available, followed by the action history. 
Your goal is to maximize the total reward across all 10 steps. We are on step 0. 

Task Assignment:
---
You are faced with a 3-armed bandit problem.  Each action corresponds to pulling a specific arm. Each arm is associated with a Gaussian distribution with a fixed but unknown mean. At each time step, you will select a field and receive a reward drawn from the associated distribution. Your goal is to select which arm to pull in order to maximize your reward across all of your turns.
---

Available Actions:
---

- Arm Name: desolation meddle stranded - This action has been selected 0 time(s) for an observed mean of Unknown

- Arm Name: defender pleasurable enablement - This action has been selected 0 time(s) for an observed mean of Unknown

- Arm Name: simultaneous crow matriculation - This action has been selected 0 time(s) for an observed mean of Unknown

---
When selecting an action, include only the name of the action. Do not include the dashes used to indicate the list here.

Please select an action from the list of action options in order to maximize the reward for your task.
When selecting an action, put the exact name of the action between action tags like: <action> action_name </action>.

Your thinking budget is 150 tokens. If you exceed this limit, you will be forced to provide an immediate answer.
Your overall generation limit is 200 tokens.
2026-01-20 22:37:06,331 - src.driver - INFO - GENERATED CONTENT: <action>  desolation meddle stranded </action> 
 PARSED ACTION: desolation meddle stranded
2026-01-20 22:37:06,332 - src.driver - INFO - You will be assigned a task. 
You will receive the actions you have available, followed by the action history. 
Your goal is to maximize the total reward across all 10 steps. We are on step 1. 

Task Assignment:
---
You are faced with a 3-armed bandit problem.  Each action corresponds to pulling a specific arm. Each arm is associated with a Gaussian distribution with a fixed but unknown mean. At each time step, you will select a field and receive a reward drawn from the associated distribution. Your goal is to select which arm to pull in order to maximize your reward across all of your turns.
---

Available Actions:
---

- Arm Name: desolation meddle stranded - This action has been selected 1 time(s) for an observed mean of -0.25

- Arm Name: defender pleasurable enablement - This action has been selected 0 time(s) for an observed mean of Unknown

- Arm Name: simultaneous crow matriculation - This action has been selected 0 time(s) for an observed mean of Unknown

---
When selecting an action, include only the name of the action. Do not include the dashes used to indicate the list here.

Please select an action from the list of action options in order to maximize the reward for your task.
When selecting an action, put the exact name of the action between action tags like: <action> action_name </action>.

Your thinking budget is 150 tokens. If you exceed this limit, you will be forced to provide an immediate answer.
Your overall generation limit is 200 tokens.
2026-01-20 22:37:21,694 - src.driver - INFO - GENERATED CONTENT: <action>  defender pleasurable enablement </action> 
 PARSED ACTION: defender pleasurable enablement
2026-01-20 22:37:21,694 - src.driver - INFO - You will be assigned a task. 
You will receive the actions you have available, followed by the action history. 
Your goal is to maximize the total reward across all 10 steps. We are on step 2. 

Task Assignment:
---
You are faced with a 3-armed bandit problem.  Each action corresponds to pulling a specific arm. Each arm is associated with a Gaussian distribution with a fixed but unknown mean. At each time step, you will select a field and receive a reward drawn from the associated distribution. Your goal is to select which arm to pull in order to maximize your reward across all of your turns.
---

Available Actions:
---

- Arm Name: desolation meddle stranded - This action has been selected 1 time(s) for an observed mean of -0.25

- Arm Name: defender pleasurable enablement - This action has been selected 1 time(s) for an observed mean of -0.75

- Arm Name: simultaneous crow matriculation - This action has been selected 0 time(s) for an observed mean of Unknown

---
When selecting an action, include only the name of the action. Do not include the dashes used to indicate the list here.

Please select an action from the list of action options in order to maximize the reward for your task.
When selecting an action, put the exact name of the action between action tags like: <action> action_name </action>.

Your thinking budget is 150 tokens. If you exceed this limit, you will be forced to provide an immediate answer.
Your overall generation limit is 200 tokens.
2026-01-20 22:37:37,008 - src.driver - INFO - GENERATED CONTENT: <action>  simultaneous crow matriculation </action> 
 PARSED ACTION: simultaneous crow matriculation
2026-01-20 22:37:37,009 - src.driver - INFO - You will be assigned a task. 
You will receive the actions you have available, followed by the action history. 
Your goal is to maximize the total reward across all 10 steps. We are on step 3. 

Task Assignment:
---
You are faced with a 3-armed bandit problem.  Each action corresponds to pulling a specific arm. Each arm is associated with a Gaussian distribution with a fixed but unknown mean. At each time step, you will select a field and receive a reward drawn from the associated distribution. Your goal is to select which arm to pull in order to maximize your reward across all of your turns.
---

Available Actions:
---

- Arm Name: desolation meddle stranded - This action has been selected 1 time(s) for an observed mean of -0.25

- Arm Name: defender pleasurable enablement - This action has been selected 1 time(s) for an observed mean of -0.75

- Arm Name: simultaneous crow matriculation - This action has been selected 1 time(s) for an observed mean of -0.5

---
When selecting an action, include only the name of the action. Do not include the dashes used to indicate the list here.

Please select an action from the list of action options in order to maximize the reward for your task.
When selecting an action, put the exact name of the action between action tags like: <action> action_name </action>.

Your thinking budget is 150 tokens. If you exceed this limit, you will be forced to provide an immediate answer.
Your overall generation limit is 200 tokens.
2026-01-20 22:37:52,388 - src.driver - INFO - GENERATED CONTENT: <action>  desolation meddle stranded </action> 
 PARSED ACTION: desolation meddle stranded
2026-01-20 22:37:52,388 - src.driver - INFO - You will be assigned a task. 
You will receive the actions you have available, followed by the action history. 
Your goal is to maximize the total reward across all 10 steps. We are on step 4. 

Task Assignment:
---
You are faced with a 3-armed bandit problem.  Each action corresponds to pulling a specific arm. Each arm is associated with a Gaussian distribution with a fixed but unknown mean. At each time step, you will select a field and receive a reward drawn from the associated distribution. Your goal is to select which arm to pull in order to maximize your reward across all of your turns.
---

Available Actions:
---

- Arm Name: desolation meddle stranded - This action has been selected 2 time(s) for an observed mean of -0.25

- Arm Name: defender pleasurable enablement - This action has been selected 1 time(s) for an observed mean of -0.75

- Arm Name: simultaneous crow matriculation - This action has been selected 1 time(s) for an observed mean of -0.5

---
When selecting an action, include only the name of the action. Do not include the dashes used to indicate the list here.

Please select an action from the list of action options in order to maximize the reward for your task.
When selecting an action, put the exact name of the action between action tags like: <action> action_name </action>.

Your thinking budget is 150 tokens. If you exceed this limit, you will be forced to provide an immediate answer.
Your overall generation limit is 200 tokens.
2026-01-20 22:38:07,781 - src.driver - INFO - GENERATED CONTENT: <action>  desolation meddle stranded </action> 
 PARSED ACTION: desolation meddle stranded
2026-01-20 22:38:07,782 - src.driver - INFO - You will be assigned a task. 
You will receive the actions you have available, followed by the action history. 
Your goal is to maximize the total reward across all 10 steps. We are on step 5. 

Task Assignment:
---
You are faced with a 3-armed bandit problem.  Each action corresponds to pulling a specific arm. Each arm is associated with a Gaussian distribution with a fixed but unknown mean. At each time step, you will select a field and receive a reward drawn from the associated distribution. Your goal is to select which arm to pull in order to maximize your reward across all of your turns.
---

Available Actions:
---

- Arm Name: desolation meddle stranded - This action has been selected 3 time(s) for an observed mean of -0.25

- Arm Name: defender pleasurable enablement - This action has been selected 1 time(s) for an observed mean of -0.75

- Arm Name: simultaneous crow matriculation - This action has been selected 1 time(s) for an observed mean of -0.5

---
When selecting an action, include only the name of the action. Do not include the dashes used to indicate the list here.

Please select an action from the list of action options in order to maximize the reward for your task.
When selecting an action, put the exact name of the action between action tags like: <action> action_name </action>.

Your thinking budget is 150 tokens. If you exceed this limit, you will be forced to provide an immediate answer.
Your overall generation limit is 200 tokens.
2026-01-20 22:38:23,112 - src.driver - INFO - GENERATED CONTENT: <action>  desolation meddle stranded </action> 
 PARSED ACTION: desolation meddle stranded
2026-01-20 22:38:23,113 - src.driver - INFO - You will be assigned a task. 
You will receive the actions you have available, followed by the action history. 
Your goal is to maximize the total reward across all 10 steps. We are on step 6. 

Task Assignment:
---
You are faced with a 3-armed bandit problem.  Each action corresponds to pulling a specific arm. Each arm is associated with a Gaussian distribution with a fixed but unknown mean. At each time step, you will select a field and receive a reward drawn from the associated distribution. Your goal is to select which arm to pull in order to maximize your reward across all of your turns.
---

Available Actions:
---

- Arm Name: desolation meddle stranded - This action has been selected 4 time(s) for an observed mean of -0.25

- Arm Name: defender pleasurable enablement - This action has been selected 1 time(s) for an observed mean of -0.75

- Arm Name: simultaneous crow matriculation - This action has been selected 1 time(s) for an observed mean of -0.5

---
When selecting an action, include only the name of the action. Do not include the dashes used to indicate the list here.

Please select an action from the list of action options in order to maximize the reward for your task.
When selecting an action, put the exact name of the action between action tags like: <action> action_name </action>.

Your thinking budget is 150 tokens. If you exceed this limit, you will be forced to provide an immediate answer.
Your overall generation limit is 200 tokens.
2026-01-20 22:38:38,460 - src.driver - INFO - GENERATED CONTENT: <action>  desolation meddle stranded </action> 
 PARSED ACTION: desolation meddle stranded
2026-01-20 22:38:38,460 - src.driver - INFO - You will be assigned a task. 
You will receive the actions you have available, followed by the action history. 
Your goal is to maximize the total reward across all 10 steps. We are on step 7. 

Task Assignment:
---
You are faced with a 3-armed bandit problem.  Each action corresponds to pulling a specific arm. Each arm is associated with a Gaussian distribution with a fixed but unknown mean. At each time step, you will select a field and receive a reward drawn from the associated distribution. Your goal is to select which arm to pull in order to maximize your reward across all of your turns.
---

Available Actions:
---

- Arm Name: desolation meddle stranded - This action has been selected 5 time(s) for an observed mean of -0.25

- Arm Name: defender pleasurable enablement - This action has been selected 1 time(s) for an observed mean of -0.75

- Arm Name: simultaneous crow matriculation - This action has been selected 1 time(s) for an observed mean of -0.5

---
When selecting an action, include only the name of the action. Do not include the dashes used to indicate the list here.

Please select an action from the list of action options in order to maximize the reward for your task.
When selecting an action, put the exact name of the action between action tags like: <action> action_name </action>.

Your thinking budget is 150 tokens. If you exceed this limit, you will be forced to provide an immediate answer.
Your overall generation limit is 200 tokens.
2026-01-20 22:38:53,822 - src.driver - INFO - GENERATED CONTENT: <action>  desolation meddle stranded </action> 
 PARSED ACTION: desolation meddle stranded
2026-01-20 22:38:53,823 - src.driver - INFO - You will be assigned a task. 
You will receive the actions you have available, followed by the action history. 
Your goal is to maximize the total reward across all 10 steps. We are on step 8. 

Task Assignment:
---
You are faced with a 3-armed bandit problem.  Each action corresponds to pulling a specific arm. Each arm is associated with a Gaussian distribution with a fixed but unknown mean. At each time step, you will select a field and receive a reward drawn from the associated distribution. Your goal is to select which arm to pull in order to maximize your reward across all of your turns.
---

Available Actions:
---

- Arm Name: desolation meddle stranded - This action has been selected 6 time(s) for an observed mean of -0.25

- Arm Name: defender pleasurable enablement - This action has been selected 1 time(s) for an observed mean of -0.75

- Arm Name: simultaneous crow matriculation - This action has been selected 1 time(s) for an observed mean of -0.5

---
When selecting an action, include only the name of the action. Do not include the dashes used to indicate the list here.

Please select an action from the list of action options in order to maximize the reward for your task.
When selecting an action, put the exact name of the action between action tags like: <action> action_name </action>.

Your thinking budget is 150 tokens. If you exceed this limit, you will be forced to provide an immediate answer.
Your overall generation limit is 200 tokens.
2026-01-20 22:39:09,166 - src.driver - INFO - GENERATED CONTENT: <action>  desolation meddle stranded </action> 
 PARSED ACTION: desolation meddle stranded
2026-01-20 22:39:09,167 - src.driver - INFO - You will be assigned a task. 
You will receive the actions you have available, followed by the action history. 
Your goal is to maximize the total reward across all 10 steps. We are on step 9. 

Task Assignment:
---
You are faced with a 3-armed bandit problem.  Each action corresponds to pulling a specific arm. Each arm is associated with a Gaussian distribution with a fixed but unknown mean. At each time step, you will select a field and receive a reward drawn from the associated distribution. Your goal is to select which arm to pull in order to maximize your reward across all of your turns.
---

Available Actions:
---

- Arm Name: desolation meddle stranded - This action has been selected 7 time(s) for an observed mean of -0.25

- Arm Name: defender pleasurable enablement - This action has been selected 1 time(s) for an observed mean of -0.75

- Arm Name: simultaneous crow matriculation - This action has been selected 1 time(s) for an observed mean of -0.5

---
When selecting an action, include only the name of the action. Do not include the dashes used to indicate the list here.

Please select an action from the list of action options in order to maximize the reward for your task.
When selecting an action, put the exact name of the action between action tags like: <action> action_name </action>.

Your thinking budget is 150 tokens. If you exceed this limit, you will be forced to provide an immediate answer.
Your overall generation limit is 200 tokens.
2026-01-20 22:39:24,478 - src.driver - INFO - GENERATED CONTENT: <action>  desolation meddle stranded </action> 
 PARSED ACTION: desolation meddle stranded
2026-01-20 22:39:24,494 - src.driver - INFO - You will be assigned a task. 
You will receive the actions you have available, followed by the action history. 
Your goal is to maximize the total reward across all 10 steps. We are on step 0. 

Task Assignment:
---
You are faced with a 3-armed bandit problem.  Each action corresponds to pulling a specific arm. Each arm is associated with a Gaussian distribution with a fixed but unknown mean. At each time step, you will select a field and receive a reward drawn from the associated distribution. Your goal is to select which arm to pull in order to maximize your reward across all of your turns.
---

Available Actions:
---

- Arm Name: hobo upheaval ruin - This action has been selected 0 time(s) for an observed mean of Unknown

- Arm Name: delegate jam resources - This action has been selected 0 time(s) for an observed mean of Unknown

- Arm Name: spotty tacky spellbound - This action has been selected 0 time(s) for an observed mean of Unknown

---
When selecting an action, include only the name of the action. Do not include the dashes used to indicate the list here.

Please select an action from the list of action options in order to maximize the reward for your task.
When selecting an action, put the exact name of the action between action tags like: <action> action_name </action>.

Your thinking budget is 150 tokens. If you exceed this limit, you will be forced to provide an immediate answer.
Your overall generation limit is 200 tokens.
2026-01-20 22:39:39,775 - src.driver - INFO - GENERATED CONTENT: <action>  hobo upheaval ruin </action> 
 PARSED ACTION: hobo upheaval ruin
2026-01-20 22:39:39,776 - src.driver - INFO - You will be assigned a task. 
You will receive the actions you have available, followed by the action history. 
Your goal is to maximize the total reward across all 10 steps. We are on step 1. 

Task Assignment:
---
You are faced with a 3-armed bandit problem.  Each action corresponds to pulling a specific arm. Each arm is associated with a Gaussian distribution with a fixed but unknown mean. At each time step, you will select a field and receive a reward drawn from the associated distribution. Your goal is to select which arm to pull in order to maximize your reward across all of your turns.
---

Available Actions:
---

- Arm Name: hobo upheaval ruin - This action has been selected 1 time(s) for an observed mean of -0.25

- Arm Name: delegate jam resources - This action has been selected 0 time(s) for an observed mean of Unknown

- Arm Name: spotty tacky spellbound - This action has been selected 0 time(s) for an observed mean of Unknown

---
When selecting an action, include only the name of the action. Do not include the dashes used to indicate the list here.

Please select an action from the list of action options in order to maximize the reward for your task.
When selecting an action, put the exact name of the action between action tags like: <action> action_name </action>.

Your thinking budget is 150 tokens. If you exceed this limit, you will be forced to provide an immediate answer.
Your overall generation limit is 200 tokens.
2026-01-20 22:39:54,898 - src.driver - INFO - GENERATED CONTENT: <action>  delegate jam resources </action> 
 PARSED ACTION: delegate jam resources
2026-01-20 22:39:54,899 - src.driver - INFO - You will be assigned a task. 
You will receive the actions you have available, followed by the action history. 
Your goal is to maximize the total reward across all 10 steps. We are on step 2. 

Task Assignment:
---
You are faced with a 3-armed bandit problem.  Each action corresponds to pulling a specific arm. Each arm is associated with a Gaussian distribution with a fixed but unknown mean. At each time step, you will select a field and receive a reward drawn from the associated distribution. Your goal is to select which arm to pull in order to maximize your reward across all of your turns.
---

Available Actions:
---

- Arm Name: hobo upheaval ruin - This action has been selected 1 time(s) for an observed mean of -0.25

- Arm Name: delegate jam resources - This action has been selected 1 time(s) for an observed mean of -0.75

- Arm Name: spotty tacky spellbound - This action has been selected 0 time(s) for an observed mean of Unknown

---
When selecting an action, include only the name of the action. Do not include the dashes used to indicate the list here.

Please select an action from the list of action options in order to maximize the reward for your task.
When selecting an action, put the exact name of the action between action tags like: <action> action_name </action>.

Your thinking budget is 150 tokens. If you exceed this limit, you will be forced to provide an immediate answer.
Your overall generation limit is 200 tokens.
2026-01-20 22:40:10,199 - src.driver - INFO - GENERATED CONTENT: <action>  spotty tacky spellbound </action> 
 PARSED ACTION: spotty tacky spellbound
2026-01-20 22:40:10,200 - src.driver - INFO - You will be assigned a task. 
You will receive the actions you have available, followed by the action history. 
Your goal is to maximize the total reward across all 10 steps. We are on step 3. 

Task Assignment:
---
You are faced with a 3-armed bandit problem.  Each action corresponds to pulling a specific arm. Each arm is associated with a Gaussian distribution with a fixed but unknown mean. At each time step, you will select a field and receive a reward drawn from the associated distribution. Your goal is to select which arm to pull in order to maximize your reward across all of your turns.
---

Available Actions:
---

- Arm Name: hobo upheaval ruin - This action has been selected 1 time(s) for an observed mean of -0.25

- Arm Name: delegate jam resources - This action has been selected 1 time(s) for an observed mean of -0.75

- Arm Name: spotty tacky spellbound - This action has been selected 1 time(s) for an observed mean of -0.5

---
When selecting an action, include only the name of the action. Do not include the dashes used to indicate the list here.

Please select an action from the list of action options in order to maximize the reward for your task.
When selecting an action, put the exact name of the action between action tags like: <action> action_name </action>.

Your thinking budget is 150 tokens. If you exceed this limit, you will be forced to provide an immediate answer.
Your overall generation limit is 200 tokens.
2026-01-20 22:40:25,579 - src.driver - INFO - GENERATED CONTENT: <action>  hobo upheaval ruin </action> 
 PARSED ACTION: hobo upheaval ruin
2026-01-20 22:40:25,580 - src.driver - INFO - You will be assigned a task. 
You will receive the actions you have available, followed by the action history. 
Your goal is to maximize the total reward across all 10 steps. We are on step 4. 

Task Assignment:
---
You are faced with a 3-armed bandit problem.  Each action corresponds to pulling a specific arm. Each arm is associated with a Gaussian distribution with a fixed but unknown mean. At each time step, you will select a field and receive a reward drawn from the associated distribution. Your goal is to select which arm to pull in order to maximize your reward across all of your turns.
---

Available Actions:
---

- Arm Name: hobo upheaval ruin - This action has been selected 2 time(s) for an observed mean of -0.25

- Arm Name: delegate jam resources - This action has been selected 1 time(s) for an observed mean of -0.75

- Arm Name: spotty tacky spellbound - This action has been selected 1 time(s) for an observed mean of -0.5

---
When selecting an action, include only the name of the action. Do not include the dashes used to indicate the list here.

Please select an action from the list of action options in order to maximize the reward for your task.
When selecting an action, put the exact name of the action between action tags like: <action> action_name </action>.

Your thinking budget is 150 tokens. If you exceed this limit, you will be forced to provide an immediate answer.
Your overall generation limit is 200 tokens.
2026-01-20 22:40:40,920 - src.driver - INFO - GENERATED CONTENT: <action>  hobo upheaval ruin </action> 
 PARSED ACTION: hobo upheaval ruin
2026-01-20 22:40:40,921 - src.driver - INFO - You will be assigned a task. 
You will receive the actions you have available, followed by the action history. 
Your goal is to maximize the total reward across all 10 steps. We are on step 5. 

Task Assignment:
---
You are faced with a 3-armed bandit problem.  Each action corresponds to pulling a specific arm. Each arm is associated with a Gaussian distribution with a fixed but unknown mean. At each time step, you will select a field and receive a reward drawn from the associated distribution. Your goal is to select which arm to pull in order to maximize your reward across all of your turns.
---

Available Actions:
---

- Arm Name: hobo upheaval ruin - This action has been selected 3 time(s) for an observed mean of -0.25

- Arm Name: delegate jam resources - This action has been selected 1 time(s) for an observed mean of -0.75

- Arm Name: spotty tacky spellbound - This action has been selected 1 time(s) for an observed mean of -0.5

---
When selecting an action, include only the name of the action. Do not include the dashes used to indicate the list here.

Please select an action from the list of action options in order to maximize the reward for your task.
When selecting an action, put the exact name of the action between action tags like: <action> action_name </action>.

Your thinking budget is 150 tokens. If you exceed this limit, you will be forced to provide an immediate answer.
Your overall generation limit is 200 tokens.
2026-01-20 22:40:56,221 - src.driver - INFO - GENERATED CONTENT: <action>  hobo upheaval ruin </action> 
 PARSED ACTION: hobo upheaval ruin
2026-01-20 22:40:56,222 - src.driver - INFO - You will be assigned a task. 
You will receive the actions you have available, followed by the action history. 
Your goal is to maximize the total reward across all 10 steps. We are on step 6. 

Task Assignment:
---
You are faced with a 3-armed bandit problem.  Each action corresponds to pulling a specific arm. Each arm is associated with a Gaussian distribution with a fixed but unknown mean. At each time step, you will select a field and receive a reward drawn from the associated distribution. Your goal is to select which arm to pull in order to maximize your reward across all of your turns.
---

Available Actions:
---

- Arm Name: hobo upheaval ruin - This action has been selected 4 time(s) for an observed mean of -0.25

- Arm Name: delegate jam resources - This action has been selected 1 time(s) for an observed mean of -0.75

- Arm Name: spotty tacky spellbound - This action has been selected 1 time(s) for an observed mean of -0.5

---
When selecting an action, include only the name of the action. Do not include the dashes used to indicate the list here.

Please select an action from the list of action options in order to maximize the reward for your task.
When selecting an action, put the exact name of the action between action tags like: <action> action_name </action>.

Your thinking budget is 150 tokens. If you exceed this limit, you will be forced to provide an immediate answer.
Your overall generation limit is 200 tokens.
2026-01-20 22:41:11,524 - src.driver - INFO - GENERATED CONTENT: <action>  hobo upheaval ruin </action> 
 PARSED ACTION: hobo upheaval ruin
2026-01-20 22:41:11,525 - src.driver - INFO - You will be assigned a task. 
You will receive the actions you have available, followed by the action history. 
Your goal is to maximize the total reward across all 10 steps. We are on step 7. 

Task Assignment:
---
You are faced with a 3-armed bandit problem.  Each action corresponds to pulling a specific arm. Each arm is associated with a Gaussian distribution with a fixed but unknown mean. At each time step, you will select a field and receive a reward drawn from the associated distribution. Your goal is to select which arm to pull in order to maximize your reward across all of your turns.
---

Available Actions:
---

- Arm Name: hobo upheaval ruin - This action has been selected 5 time(s) for an observed mean of -0.25

- Arm Name: delegate jam resources - This action has been selected 1 time(s) for an observed mean of -0.75

- Arm Name: spotty tacky spellbound - This action has been selected 1 time(s) for an observed mean of -0.5

---
When selecting an action, include only the name of the action. Do not include the dashes used to indicate the list here.

Please select an action from the list of action options in order to maximize the reward for your task.
When selecting an action, put the exact name of the action between action tags like: <action> action_name </action>.

Your thinking budget is 150 tokens. If you exceed this limit, you will be forced to provide an immediate answer.
Your overall generation limit is 200 tokens.
2026-01-20 22:41:26,822 - src.driver - INFO - GENERATED CONTENT: <action>  hobo upheaval ruin </action> 
 PARSED ACTION: hobo upheaval ruin
2026-01-20 22:41:26,822 - src.driver - INFO - You will be assigned a task. 
You will receive the actions you have available, followed by the action history. 
Your goal is to maximize the total reward across all 10 steps. We are on step 8. 

Task Assignment:
---
You are faced with a 3-armed bandit problem.  Each action corresponds to pulling a specific arm. Each arm is associated with a Gaussian distribution with a fixed but unknown mean. At each time step, you will select a field and receive a reward drawn from the associated distribution. Your goal is to select which arm to pull in order to maximize your reward across all of your turns.
---

Available Actions:
---

- Arm Name: hobo upheaval ruin - This action has been selected 6 time(s) for an observed mean of -0.25

- Arm Name: delegate jam resources - This action has been selected 1 time(s) for an observed mean of -0.75

- Arm Name: spotty tacky spellbound - This action has been selected 1 time(s) for an observed mean of -0.5

---
When selecting an action, include only the name of the action. Do not include the dashes used to indicate the list here.

Please select an action from the list of action options in order to maximize the reward for your task.
When selecting an action, put the exact name of the action between action tags like: <action> action_name </action>.

Your thinking budget is 150 tokens. If you exceed this limit, you will be forced to provide an immediate answer.
Your overall generation limit is 200 tokens.
2026-01-20 22:41:42,089 - src.driver - INFO - GENERATED CONTENT: <action>  hobo upheaval ruin </action> 
 PARSED ACTION: hobo upheaval ruin
2026-01-20 22:41:42,090 - src.driver - INFO - You will be assigned a task. 
You will receive the actions you have available, followed by the action history. 
Your goal is to maximize the total reward across all 10 steps. We are on step 9. 

Task Assignment:
---
You are faced with a 3-armed bandit problem.  Each action corresponds to pulling a specific arm. Each arm is associated with a Gaussian distribution with a fixed but unknown mean. At each time step, you will select a field and receive a reward drawn from the associated distribution. Your goal is to select which arm to pull in order to maximize your reward across all of your turns.
---

Available Actions:
---

- Arm Name: hobo upheaval ruin - This action has been selected 7 time(s) for an observed mean of -0.25

- Arm Name: delegate jam resources - This action has been selected 1 time(s) for an observed mean of -0.75

- Arm Name: spotty tacky spellbound - This action has been selected 1 time(s) for an observed mean of -0.5

---
When selecting an action, include only the name of the action. Do not include the dashes used to indicate the list here.

Please select an action from the list of action options in order to maximize the reward for your task.
When selecting an action, put the exact name of the action between action tags like: <action> action_name </action>.

Your thinking budget is 150 tokens. If you exceed this limit, you will be forced to provide an immediate answer.
Your overall generation limit is 200 tokens.
2026-01-20 22:41:57,384 - src.driver - INFO - GENERATED CONTENT: <action>  hobo upheaval ruin </action> 
 PARSED ACTION: hobo upheaval ruin
2026-01-20 22:41:57,401 - src.driver - INFO - You will be assigned a task. 
You will receive the actions you have available, followed by the action history. 
Your goal is to maximize the total reward across all 10 steps. We are on step 0. 

Task Assignment:
---
You are faced with a 3-armed bandit problem.  Each action corresponds to pulling a specific arm. Each arm is associated with a Gaussian distribution with a fixed but unknown mean. At each time step, you will select a field and receive a reward drawn from the associated distribution. Your goal is to select which arm to pull in order to maximize your reward across all of your turns.
---

Available Actions:
---

- Arm Name: footprint environs nod - This action has been selected 0 time(s) for an observed mean of Unknown

- Arm Name: buoy script assembly - This action has been selected 0 time(s) for an observed mean of Unknown

- Arm Name: delirious discards formless - This action has been selected 0 time(s) for an observed mean of Unknown

---
When selecting an action, include only the name of the action. Do not include the dashes used to indicate the list here.

Please select an action from the list of action options in order to maximize the reward for your task.
When selecting an action, put the exact name of the action between action tags like: <action> action_name </action>.

Your thinking budget is 150 tokens. If you exceed this limit, you will be forced to provide an immediate answer.
Your overall generation limit is 200 tokens.
2026-01-20 22:42:12,675 - src.driver - INFO - GENERATED CONTENT: <action>  footprint environs nod </action> 
 PARSED ACTION: footprint environs nod
2026-01-20 22:42:12,676 - src.driver - INFO - You will be assigned a task. 
You will receive the actions you have available, followed by the action history. 
Your goal is to maximize the total reward across all 10 steps. We are on step 1. 

Task Assignment:
---
You are faced with a 3-armed bandit problem.  Each action corresponds to pulling a specific arm. Each arm is associated with a Gaussian distribution with a fixed but unknown mean. At each time step, you will select a field and receive a reward drawn from the associated distribution. Your goal is to select which arm to pull in order to maximize your reward across all of your turns.
---

Available Actions:
---

- Arm Name: footprint environs nod - This action has been selected 1 time(s) for an observed mean of -0.5

- Arm Name: buoy script assembly - This action has been selected 0 time(s) for an observed mean of Unknown

- Arm Name: delirious discards formless - This action has been selected 0 time(s) for an observed mean of Unknown

---
When selecting an action, include only the name of the action. Do not include the dashes used to indicate the list here.

Please select an action from the list of action options in order to maximize the reward for your task.
When selecting an action, put the exact name of the action between action tags like: <action> action_name </action>.

Your thinking budget is 150 tokens. If you exceed this limit, you will be forced to provide an immediate answer.
Your overall generation limit is 200 tokens.
2026-01-20 22:42:27,813 - src.driver - INFO - GENERATED CONTENT: <action>  buoy script assembly </action> 
 PARSED ACTION: buoy script assembly
2026-01-20 22:42:27,814 - src.driver - INFO - You will be assigned a task. 
You will receive the actions you have available, followed by the action history. 
Your goal is to maximize the total reward across all 10 steps. We are on step 2. 

Task Assignment:
---
You are faced with a 3-armed bandit problem.  Each action corresponds to pulling a specific arm. Each arm is associated with a Gaussian distribution with a fixed but unknown mean. At each time step, you will select a field and receive a reward drawn from the associated distribution. Your goal is to select which arm to pull in order to maximize your reward across all of your turns.
---

Available Actions:
---

- Arm Name: footprint environs nod - This action has been selected 1 time(s) for an observed mean of -0.5

- Arm Name: buoy script assembly - This action has been selected 1 time(s) for an observed mean of -0.75

- Arm Name: delirious discards formless - This action has been selected 0 time(s) for an observed mean of Unknown

---
When selecting an action, include only the name of the action. Do not include the dashes used to indicate the list here.

Please select an action from the list of action options in order to maximize the reward for your task.
When selecting an action, put the exact name of the action between action tags like: <action> action_name </action>.

Your thinking budget is 150 tokens. If you exceed this limit, you will be forced to provide an immediate answer.
Your overall generation limit is 200 tokens.
2026-01-20 22:42:43,312 - src.driver - INFO - GENERATED CONTENT: <action>  delirious discards formless </action> 
 PARSED ACTION: delirious discards formless
2026-01-20 22:42:43,312 - src.driver - INFO - You will be assigned a task. 
You will receive the actions you have available, followed by the action history. 
Your goal is to maximize the total reward across all 10 steps. We are on step 3. 

Task Assignment:
---
You are faced with a 3-armed bandit problem.  Each action corresponds to pulling a specific arm. Each arm is associated with a Gaussian distribution with a fixed but unknown mean. At each time step, you will select a field and receive a reward drawn from the associated distribution. Your goal is to select which arm to pull in order to maximize your reward across all of your turns.
---

Available Actions:
---

- Arm Name: footprint environs nod - This action has been selected 1 time(s) for an observed mean of -0.5

- Arm Name: buoy script assembly - This action has been selected 1 time(s) for an observed mean of -0.75

- Arm Name: delirious discards formless - This action has been selected 1 time(s) for an observed mean of -0.25

---
When selecting an action, include only the name of the action. Do not include the dashes used to indicate the list here.

Please select an action from the list of action options in order to maximize the reward for your task.
When selecting an action, put the exact name of the action between action tags like: <action> action_name </action>.

Your thinking budget is 150 tokens. If you exceed this limit, you will be forced to provide an immediate answer.
Your overall generation limit is 200 tokens.
2026-01-20 22:42:58,870 - src.driver - INFO - GENERATED CONTENT: <action>  delirious discards formless </action> 
 PARSED ACTION: delirious discards formless
2026-01-20 22:42:58,871 - src.driver - INFO - You will be assigned a task. 
You will receive the actions you have available, followed by the action history. 
Your goal is to maximize the total reward across all 10 steps. We are on step 4. 

Task Assignment:
---
You are faced with a 3-armed bandit problem.  Each action corresponds to pulling a specific arm. Each arm is associated with a Gaussian distribution with a fixed but unknown mean. At each time step, you will select a field and receive a reward drawn from the associated distribution. Your goal is to select which arm to pull in order to maximize your reward across all of your turns.
---

Available Actions:
---

- Arm Name: footprint environs nod - This action has been selected 1 time(s) for an observed mean of -0.5

- Arm Name: buoy script assembly - This action has been selected 1 time(s) for an observed mean of -0.75

- Arm Name: delirious discards formless - This action has been selected 2 time(s) for an observed mean of -0.25

---
When selecting an action, include only the name of the action. Do not include the dashes used to indicate the list here.

Please select an action from the list of action options in order to maximize the reward for your task.
When selecting an action, put the exact name of the action between action tags like: <action> action_name </action>.

Your thinking budget is 150 tokens. If you exceed this limit, you will be forced to provide an immediate answer.
Your overall generation limit is 200 tokens.
2026-01-20 22:43:14,380 - src.driver - INFO - GENERATED CONTENT: <action>  delirious discards formless </action> 
 PARSED ACTION: delirious discards formless
2026-01-20 22:43:14,389 - src.driver - INFO - You will be assigned a task. 
You will receive the actions you have available, followed by the action history. 
Your goal is to maximize the total reward across all 10 steps. We are on step 5. 

Task Assignment:
---
You are faced with a 3-armed bandit problem.  Each action corresponds to pulling a specific arm. Each arm is associated with a Gaussian distribution with a fixed but unknown mean. At each time step, you will select a field and receive a reward drawn from the associated distribution. Your goal is to select which arm to pull in order to maximize your reward across all of your turns.
---

Available Actions:
---

- Arm Name: footprint environs nod - This action has been selected 1 time(s) for an observed mean of -0.5

- Arm Name: buoy script assembly - This action has been selected 1 time(s) for an observed mean of -0.75

- Arm Name: delirious discards formless - This action has been selected 3 time(s) for an observed mean of -0.25

---
When selecting an action, include only the name of the action. Do not include the dashes used to indicate the list here.

Please select an action from the list of action options in order to maximize the reward for your task.
When selecting an action, put the exact name of the action between action tags like: <action> action_name </action>.

Your thinking budget is 150 tokens. If you exceed this limit, you will be forced to provide an immediate answer.
Your overall generation limit is 200 tokens.
2026-01-20 22:43:31,160 - src.driver - INFO - GENERATED CONTENT: <action>  delirious discards formless </action> has the highest observed mean (-0.25) among the three arms, so it 
 PARSED ACTION: delirious discards formless
2026-01-20 22:43:31,161 - src.driver - INFO - You will be assigned a task. 
You will receive the actions you have available, followed by the action history. 
Your goal is to maximize the total reward across all 10 steps. We are on step 6. 

Task Assignment:
---
You are faced with a 3-armed bandit problem.  Each action corresponds to pulling a specific arm. Each arm is associated with a Gaussian distribution with a fixed but unknown mean. At each time step, you will select a field and receive a reward drawn from the associated distribution. Your goal is to select which arm to pull in order to maximize your reward across all of your turns.
---

Available Actions:
---

- Arm Name: footprint environs nod - This action has been selected 1 time(s) for an observed mean of -0.5

- Arm Name: buoy script assembly - This action has been selected 1 time(s) for an observed mean of -0.75

- Arm Name: delirious discards formless - This action has been selected 4 time(s) for an observed mean of -0.25

---
When selecting an action, include only the name of the action. Do not include the dashes used to indicate the list here.

Please select an action from the list of action options in order to maximize the reward for your task.
When selecting an action, put the exact name of the action between action tags like: <action> action_name </action>.

Your thinking budget is 150 tokens. If you exceed this limit, you will be forced to provide an immediate answer.
Your overall generation limit is 200 tokens.
2026-01-20 22:43:47,853 - src.driver - INFO - GENERATED CONTENT: <action>  delirious discards formless </action> has the highest observed mean (-0.25) compared to the other arms, so 
 PARSED ACTION: delirious discards formless
2026-01-20 22:43:47,854 - src.driver - INFO - You will be assigned a task. 
You will receive the actions you have available, followed by the action history. 
Your goal is to maximize the total reward across all 10 steps. We are on step 7. 

Task Assignment:
---
You are faced with a 3-armed bandit problem.  Each action corresponds to pulling a specific arm. Each arm is associated with a Gaussian distribution with a fixed but unknown mean. At each time step, you will select a field and receive a reward drawn from the associated distribution. Your goal is to select which arm to pull in order to maximize your reward across all of your turns.
---

Available Actions:
---

- Arm Name: footprint environs nod - This action has been selected 1 time(s) for an observed mean of -0.5

- Arm Name: buoy script assembly - This action has been selected 1 time(s) for an observed mean of -0.75

- Arm Name: delirious discards formless - This action has been selected 5 time(s) for an observed mean of -0.25

---
When selecting an action, include only the name of the action. Do not include the dashes used to indicate the list here.

Please select an action from the list of action options in order to maximize the reward for your task.
When selecting an action, put the exact name of the action between action tags like: <action> action_name </action>.

Your thinking budget is 150 tokens. If you exceed this limit, you will be forced to provide an immediate answer.
Your overall generation limit is 200 tokens.
2026-01-20 22:44:03,268 - src.driver - INFO - GENERATED CONTENT: <action>  delirious discards formless </action> 
 PARSED ACTION: delirious discards formless
2026-01-20 22:44:03,269 - src.driver - INFO - You will be assigned a task. 
You will receive the actions you have available, followed by the action history. 
Your goal is to maximize the total reward across all 10 steps. We are on step 8. 

Task Assignment:
---
You are faced with a 3-armed bandit problem.  Each action corresponds to pulling a specific arm. Each arm is associated with a Gaussian distribution with a fixed but unknown mean. At each time step, you will select a field and receive a reward drawn from the associated distribution. Your goal is to select which arm to pull in order to maximize your reward across all of your turns.
---

Available Actions:
---

- Arm Name: footprint environs nod - This action has been selected 1 time(s) for an observed mean of -0.5

- Arm Name: buoy script assembly - This action has been selected 1 time(s) for an observed mean of -0.75

- Arm Name: delirious discards formless - This action has been selected 6 time(s) for an observed mean of -0.25

---
When selecting an action, include only the name of the action. Do not include the dashes used to indicate the list here.

Please select an action from the list of action options in order to maximize the reward for your task.
When selecting an action, put the exact name of the action between action tags like: <action> action_name </action>.

Your thinking budget is 150 tokens. If you exceed this limit, you will be forced to provide an immediate answer.
Your overall generation limit is 200 tokens.
2026-01-20 22:44:18,785 - src.driver - INFO - GENERATED CONTENT: <action>  delirious discards formless </action> 
 PARSED ACTION: delirious discards formless
2026-01-20 22:44:18,785 - src.driver - INFO - You will be assigned a task. 
You will receive the actions you have available, followed by the action history. 
Your goal is to maximize the total reward across all 10 steps. We are on step 9. 

Task Assignment:
---
You are faced with a 3-armed bandit problem.  Each action corresponds to pulling a specific arm. Each arm is associated with a Gaussian distribution with a fixed but unknown mean. At each time step, you will select a field and receive a reward drawn from the associated distribution. Your goal is to select which arm to pull in order to maximize your reward across all of your turns.
---

Available Actions:
---

- Arm Name: footprint environs nod - This action has been selected 1 time(s) for an observed mean of -0.5

- Arm Name: buoy script assembly - This action has been selected 1 time(s) for an observed mean of -0.75

- Arm Name: delirious discards formless - This action has been selected 7 time(s) for an observed mean of -0.25

---
When selecting an action, include only the name of the action. Do not include the dashes used to indicate the list here.

Please select an action from the list of action options in order to maximize the reward for your task.
When selecting an action, put the exact name of the action between action tags like: <action> action_name </action>.

Your thinking budget is 150 tokens. If you exceed this limit, you will be forced to provide an immediate answer.
Your overall generation limit is 200 tokens.
2026-01-20 22:44:34,276 - src.driver - INFO - GENERATED CONTENT: <action>  delirious discards formless </action> 
 PARSED ACTION: delirious discards formless
2026-01-20 22:44:34,292 - src.driver - INFO - You will be assigned a task. 
You will receive the actions you have available, followed by the action history. 
Your goal is to maximize the total reward across all 10 steps. We are on step 0. 

Task Assignment:
---
You are faced with a 3-armed bandit problem.  Each action corresponds to pulling a specific arm. Each arm is associated with a Gaussian distribution with a fixed but unknown mean. At each time step, you will select a field and receive a reward drawn from the associated distribution. Your goal is to select which arm to pull in order to maximize your reward across all of your turns.
---

Available Actions:
---

- Arm Name: unconscious incrimination withered - This action has been selected 0 time(s) for an observed mean of Unknown

- Arm Name: quiet proposition word - This action has been selected 0 time(s) for an observed mean of Unknown

- Arm Name: clientele ratification character - This action has been selected 0 time(s) for an observed mean of Unknown

---
When selecting an action, include only the name of the action. Do not include the dashes used to indicate the list here.

Please select an action from the list of action options in order to maximize the reward for your task.
When selecting an action, put the exact name of the action between action tags like: <action> action_name </action>.

Your thinking budget is 150 tokens. If you exceed this limit, you will be forced to provide an immediate answer.
Your overall generation limit is 200 tokens.
2026-01-20 22:44:49,698 - src.driver - INFO - GENERATED CONTENT: <action>  unconscious incrimination withered </action> 
 PARSED ACTION: unconscious incrimination withered
2026-01-20 22:44:49,699 - src.driver - INFO - You will be assigned a task. 
You will receive the actions you have available, followed by the action history. 
Your goal is to maximize the total reward across all 10 steps. We are on step 1. 

Task Assignment:
---
You are faced with a 3-armed bandit problem.  Each action corresponds to pulling a specific arm. Each arm is associated with a Gaussian distribution with a fixed but unknown mean. At each time step, you will select a field and receive a reward drawn from the associated distribution. Your goal is to select which arm to pull in order to maximize your reward across all of your turns.
---

Available Actions:
---

- Arm Name: unconscious incrimination withered - This action has been selected 1 time(s) for an observed mean of -0.25

- Arm Name: quiet proposition word - This action has been selected 0 time(s) for an observed mean of Unknown

- Arm Name: clientele ratification character - This action has been selected 0 time(s) for an observed mean of Unknown

---
When selecting an action, include only the name of the action. Do not include the dashes used to indicate the list here.

Please select an action from the list of action options in order to maximize the reward for your task.
When selecting an action, put the exact name of the action between action tags like: <action> action_name </action>.

Your thinking budget is 150 tokens. If you exceed this limit, you will be forced to provide an immediate answer.
Your overall generation limit is 200 tokens.
2026-01-20 22:45:04,909 - src.driver - INFO - GENERATED CONTENT: <action>  quiet proposition word </action> 
 PARSED ACTION: quiet proposition word
2026-01-20 22:45:04,910 - src.driver - INFO - You will be assigned a task. 
You will receive the actions you have available, followed by the action history. 
Your goal is to maximize the total reward across all 10 steps. We are on step 2. 

Task Assignment:
---
You are faced with a 3-armed bandit problem.  Each action corresponds to pulling a specific arm. Each arm is associated with a Gaussian distribution with a fixed but unknown mean. At each time step, you will select a field and receive a reward drawn from the associated distribution. Your goal is to select which arm to pull in order to maximize your reward across all of your turns.
---

Available Actions:
---

- Arm Name: unconscious incrimination withered - This action has been selected 1 time(s) for an observed mean of -0.25

- Arm Name: quiet proposition word - This action has been selected 1 time(s) for an observed mean of -0.75

- Arm Name: clientele ratification character - This action has been selected 0 time(s) for an observed mean of Unknown

---
When selecting an action, include only the name of the action. Do not include the dashes used to indicate the list here.

Please select an action from the list of action options in order to maximize the reward for your task.
When selecting an action, put the exact name of the action between action tags like: <action> action_name </action>.

Your thinking budget is 150 tokens. If you exceed this limit, you will be forced to provide an immediate answer.
Your overall generation limit is 200 tokens.
2026-01-20 22:45:20,122 - src.driver - INFO - GENERATED CONTENT: <action>  clientele ratification character </action> 
 PARSED ACTION: clientele ratification character
2026-01-20 22:45:20,123 - src.driver - INFO - You will be assigned a task. 
You will receive the actions you have available, followed by the action history. 
Your goal is to maximize the total reward across all 10 steps. We are on step 3. 

Task Assignment:
---
You are faced with a 3-armed bandit problem.  Each action corresponds to pulling a specific arm. Each arm is associated with a Gaussian distribution with a fixed but unknown mean. At each time step, you will select a field and receive a reward drawn from the associated distribution. Your goal is to select which arm to pull in order to maximize your reward across all of your turns.
---

Available Actions:
---

- Arm Name: unconscious incrimination withered - This action has been selected 1 time(s) for an observed mean of -0.25

- Arm Name: quiet proposition word - This action has been selected 1 time(s) for an observed mean of -0.75

- Arm Name: clientele ratification character - This action has been selected 1 time(s) for an observed mean of -0.5

---
When selecting an action, include only the name of the action. Do not include the dashes used to indicate the list here.

Please select an action from the list of action options in order to maximize the reward for your task.
When selecting an action, put the exact name of the action between action tags like: <action> action_name </action>.

Your thinking budget is 150 tokens. If you exceed this limit, you will be forced to provide an immediate answer.
Your overall generation limit is 200 tokens.
2026-01-20 22:45:35,579 - src.driver - INFO - GENERATED CONTENT: <action>  unconscious incrimination withered </action> 
 PARSED ACTION: unconscious incrimination withered
2026-01-20 22:45:35,579 - src.driver - INFO - You will be assigned a task. 
You will receive the actions you have available, followed by the action history. 
Your goal is to maximize the total reward across all 10 steps. We are on step 4. 

Task Assignment:
---
You are faced with a 3-armed bandit problem.  Each action corresponds to pulling a specific arm. Each arm is associated with a Gaussian distribution with a fixed but unknown mean. At each time step, you will select a field and receive a reward drawn from the associated distribution. Your goal is to select which arm to pull in order to maximize your reward across all of your turns.
---

Available Actions:
---

- Arm Name: unconscious incrimination withered - This action has been selected 2 time(s) for an observed mean of -0.25

- Arm Name: quiet proposition word - This action has been selected 1 time(s) for an observed mean of -0.75

- Arm Name: clientele ratification character - This action has been selected 1 time(s) for an observed mean of -0.5

---
When selecting an action, include only the name of the action. Do not include the dashes used to indicate the list here.

Please select an action from the list of action options in order to maximize the reward for your task.
When selecting an action, put the exact name of the action between action tags like: <action> action_name </action>.

Your thinking budget is 150 tokens. If you exceed this limit, you will be forced to provide an immediate answer.
Your overall generation limit is 200 tokens.
2026-01-20 22:45:50,998 - src.driver - INFO - GENERATED CONTENT: <action>  unconscious incrimination withered </action> 
 PARSED ACTION: unconscious incrimination withered
2026-01-20 22:45:50,998 - src.driver - INFO - You will be assigned a task. 
You will receive the actions you have available, followed by the action history. 
Your goal is to maximize the total reward across all 10 steps. We are on step 5. 

Task Assignment:
---
You are faced with a 3-armed bandit problem.  Each action corresponds to pulling a specific arm. Each arm is associated with a Gaussian distribution with a fixed but unknown mean. At each time step, you will select a field and receive a reward drawn from the associated distribution. Your goal is to select which arm to pull in order to maximize your reward across all of your turns.
---

Available Actions:
---

- Arm Name: unconscious incrimination withered - This action has been selected 3 time(s) for an observed mean of -0.25

- Arm Name: quiet proposition word - This action has been selected 1 time(s) for an observed mean of -0.75

- Arm Name: clientele ratification character - This action has been selected 1 time(s) for an observed mean of -0.5

---
When selecting an action, include only the name of the action. Do not include the dashes used to indicate the list here.

Please select an action from the list of action options in order to maximize the reward for your task.
When selecting an action, put the exact name of the action between action tags like: <action> action_name </action>.

Your thinking budget is 150 tokens. If you exceed this limit, you will be forced to provide an immediate answer.
Your overall generation limit is 200 tokens.
2026-01-20 22:46:06,433 - src.driver - INFO - GENERATED CONTENT: <action>  unconscious incrimination withered </action> 
 PARSED ACTION: unconscious incrimination withered
2026-01-20 22:46:06,434 - src.driver - INFO - You will be assigned a task. 
You will receive the actions you have available, followed by the action history. 
Your goal is to maximize the total reward across all 10 steps. We are on step 6. 

Task Assignment:
---
You are faced with a 3-armed bandit problem.  Each action corresponds to pulling a specific arm. Each arm is associated with a Gaussian distribution with a fixed but unknown mean. At each time step, you will select a field and receive a reward drawn from the associated distribution. Your goal is to select which arm to pull in order to maximize your reward across all of your turns.
---

Available Actions:
---

- Arm Name: unconscious incrimination withered - This action has been selected 4 time(s) for an observed mean of -0.25

- Arm Name: quiet proposition word - This action has been selected 1 time(s) for an observed mean of -0.75

- Arm Name: clientele ratification character - This action has been selected 1 time(s) for an observed mean of -0.5

---
When selecting an action, include only the name of the action. Do not include the dashes used to indicate the list here.

Please select an action from the list of action options in order to maximize the reward for your task.
When selecting an action, put the exact name of the action between action tags like: <action> action_name </action>.

Your thinking budget is 150 tokens. If you exceed this limit, you will be forced to provide an immediate answer.
Your overall generation limit is 200 tokens.
2026-01-20 22:46:21,878 - src.driver - INFO - GENERATED CONTENT: <action>  unconscious incrimination withered </action> 
 PARSED ACTION: unconscious incrimination withered
2026-01-20 22:46:21,879 - src.driver - INFO - You will be assigned a task. 
You will receive the actions you have available, followed by the action history. 
Your goal is to maximize the total reward across all 10 steps. We are on step 7. 

Task Assignment:
---
You are faced with a 3-armed bandit problem.  Each action corresponds to pulling a specific arm. Each arm is associated with a Gaussian distribution with a fixed but unknown mean. At each time step, you will select a field and receive a reward drawn from the associated distribution. Your goal is to select which arm to pull in order to maximize your reward across all of your turns.
---

Available Actions:
---

- Arm Name: unconscious incrimination withered - This action has been selected 5 time(s) for an observed mean of -0.25

- Arm Name: quiet proposition word - This action has been selected 1 time(s) for an observed mean of -0.75

- Arm Name: clientele ratification character - This action has been selected 1 time(s) for an observed mean of -0.5

---
When selecting an action, include only the name of the action. Do not include the dashes used to indicate the list here.

Please select an action from the list of action options in order to maximize the reward for your task.
When selecting an action, put the exact name of the action between action tags like: <action> action_name </action>.

Your thinking budget is 150 tokens. If you exceed this limit, you will be forced to provide an immediate answer.
Your overall generation limit is 200 tokens.
2026-01-20 22:46:37,279 - src.driver - INFO - GENERATED CONTENT: <action>  unconscious incrimination withered </action> 
 PARSED ACTION: unconscious incrimination withered
2026-01-20 22:46:37,280 - src.driver - INFO - You will be assigned a task. 
You will receive the actions you have available, followed by the action history. 
Your goal is to maximize the total reward across all 10 steps. We are on step 8. 

Task Assignment:
---
You are faced with a 3-armed bandit problem.  Each action corresponds to pulling a specific arm. Each arm is associated with a Gaussian distribution with a fixed but unknown mean. At each time step, you will select a field and receive a reward drawn from the associated distribution. Your goal is to select which arm to pull in order to maximize your reward across all of your turns.
---

Available Actions:
---

- Arm Name: unconscious incrimination withered - This action has been selected 6 time(s) for an observed mean of -0.25

- Arm Name: quiet proposition word - This action has been selected 1 time(s) for an observed mean of -0.75

- Arm Name: clientele ratification character - This action has been selected 1 time(s) for an observed mean of -0.5

---
When selecting an action, include only the name of the action. Do not include the dashes used to indicate the list here.

Please select an action from the list of action options in order to maximize the reward for your task.
When selecting an action, put the exact name of the action between action tags like: <action> action_name </action>.

Your thinking budget is 150 tokens. If you exceed this limit, you will be forced to provide an immediate answer.
Your overall generation limit is 200 tokens.
2026-01-20 22:46:52,726 - src.driver - INFO - GENERATED CONTENT: <action>  unconscious incrimination withered </action> 
 PARSED ACTION: unconscious incrimination withered
2026-01-20 22:46:52,727 - src.driver - INFO - You will be assigned a task. 
You will receive the actions you have available, followed by the action history. 
Your goal is to maximize the total reward across all 10 steps. We are on step 9. 

Task Assignment:
---
You are faced with a 3-armed bandit problem.  Each action corresponds to pulling a specific arm. Each arm is associated with a Gaussian distribution with a fixed but unknown mean. At each time step, you will select a field and receive a reward drawn from the associated distribution. Your goal is to select which arm to pull in order to maximize your reward across all of your turns.
---

Available Actions:
---

- Arm Name: unconscious incrimination withered - This action has been selected 7 time(s) for an observed mean of -0.25

- Arm Name: quiet proposition word - This action has been selected 1 time(s) for an observed mean of -0.75

- Arm Name: clientele ratification character - This action has been selected 1 time(s) for an observed mean of -0.5

---
When selecting an action, include only the name of the action. Do not include the dashes used to indicate the list here.

Please select an action from the list of action options in order to maximize the reward for your task.
When selecting an action, put the exact name of the action between action tags like: <action> action_name </action>.

Your thinking budget is 150 tokens. If you exceed this limit, you will be forced to provide an immediate answer.
Your overall generation limit is 200 tokens.
2026-01-20 22:47:09,518 - src.driver - INFO - GENERATED CONTENT: <action>  unconscious incrimination withered </action> is the best choice as it has the highest observed mean of -0.25. 
 PARSED ACTION: unconscious incrimination withered
2026-01-20 22:47:09,533 - src.driver - INFO - You will be assigned a task. 
You will receive the actions you have available, followed by the action history. 
Your goal is to maximize the total reward across all 10 steps. We are on step 0. 

Task Assignment:
---
You are faced with a 3-armed bandit problem.  Each action corresponds to pulling a specific arm. Each arm is associated with a Gaussian distribution with a fixed but unknown mean. At each time step, you will select a field and receive a reward drawn from the associated distribution. Your goal is to select which arm to pull in order to maximize your reward across all of your turns.
---

Available Actions:
---

- Arm Name: special heyday perceptible - This action has been selected 0 time(s) for an observed mean of Unknown

- Arm Name: clientele ratification character - This action has been selected 0 time(s) for an observed mean of Unknown

- Arm Name: lying stupor negro - This action has been selected 0 time(s) for an observed mean of Unknown

---
When selecting an action, include only the name of the action. Do not include the dashes used to indicate the list here.

Please select an action from the list of action options in order to maximize the reward for your task.
When selecting an action, put the exact name of the action between action tags like: <action> action_name </action>.

Your thinking budget is 150 tokens. If you exceed this limit, you will be forced to provide an immediate answer.
Your overall generation limit is 200 tokens.
2026-01-20 22:47:24,792 - src.driver - INFO - GENERATED CONTENT: <action>  special heyday perceptible </action> 
 PARSED ACTION: special heyday perceptible
2026-01-20 22:47:24,793 - src.driver - INFO - You will be assigned a task. 
You will receive the actions you have available, followed by the action history. 
Your goal is to maximize the total reward across all 10 steps. We are on step 1. 

Task Assignment:
---
You are faced with a 3-armed bandit problem.  Each action corresponds to pulling a specific arm. Each arm is associated with a Gaussian distribution with a fixed but unknown mean. At each time step, you will select a field and receive a reward drawn from the associated distribution. Your goal is to select which arm to pull in order to maximize your reward across all of your turns.
---

Available Actions:
---

- Arm Name: special heyday perceptible - This action has been selected 1 time(s) for an observed mean of -0.75

- Arm Name: clientele ratification character - This action has been selected 0 time(s) for an observed mean of Unknown

- Arm Name: lying stupor negro - This action has been selected 0 time(s) for an observed mean of Unknown

---
When selecting an action, include only the name of the action. Do not include the dashes used to indicate the list here.

Please select an action from the list of action options in order to maximize the reward for your task.
When selecting an action, put the exact name of the action between action tags like: <action> action_name </action>.

Your thinking budget is 150 tokens. If you exceed this limit, you will be forced to provide an immediate answer.
Your overall generation limit is 200 tokens.
2026-01-20 22:47:39,983 - src.driver - INFO - GENERATED CONTENT: <action>  clientele ratification character </action> 
 PARSED ACTION: clientele ratification character
2026-01-20 22:47:39,983 - src.driver - INFO - You will be assigned a task. 
You will receive the actions you have available, followed by the action history. 
Your goal is to maximize the total reward across all 10 steps. We are on step 2. 

Task Assignment:
---
You are faced with a 3-armed bandit problem.  Each action corresponds to pulling a specific arm. Each arm is associated with a Gaussian distribution with a fixed but unknown mean. At each time step, you will select a field and receive a reward drawn from the associated distribution. Your goal is to select which arm to pull in order to maximize your reward across all of your turns.
---

Available Actions:
---

- Arm Name: special heyday perceptible - This action has been selected 1 time(s) for an observed mean of -0.75

- Arm Name: clientele ratification character - This action has been selected 1 time(s) for an observed mean of -0.5

- Arm Name: lying stupor negro - This action has been selected 0 time(s) for an observed mean of Unknown

---
When selecting an action, include only the name of the action. Do not include the dashes used to indicate the list here.

Please select an action from the list of action options in order to maximize the reward for your task.
When selecting an action, put the exact name of the action between action tags like: <action> action_name </action>.

Your thinking budget is 150 tokens. If you exceed this limit, you will be forced to provide an immediate answer.
Your overall generation limit is 200 tokens.
2026-01-20 22:47:55,188 - src.driver - INFO - GENERATED CONTENT: <action>  lying stupor negro </action> 
 PARSED ACTION: lying stupor negro
2026-01-20 22:47:55,189 - src.driver - INFO - You will be assigned a task. 
You will receive the actions you have available, followed by the action history. 
Your goal is to maximize the total reward across all 10 steps. We are on step 3. 

Task Assignment:
---
You are faced with a 3-armed bandit problem.  Each action corresponds to pulling a specific arm. Each arm is associated with a Gaussian distribution with a fixed but unknown mean. At each time step, you will select a field and receive a reward drawn from the associated distribution. Your goal is to select which arm to pull in order to maximize your reward across all of your turns.
---

Available Actions:
---

- Arm Name: special heyday perceptible - This action has been selected 1 time(s) for an observed mean of -0.75

- Arm Name: clientele ratification character - This action has been selected 1 time(s) for an observed mean of -0.5

- Arm Name: lying stupor negro - This action has been selected 1 time(s) for an observed mean of -0.25

---
When selecting an action, include only the name of the action. Do not include the dashes used to indicate the list here.

Please select an action from the list of action options in order to maximize the reward for your task.
When selecting an action, put the exact name of the action between action tags like: <action> action_name </action>.

Your thinking budget is 150 tokens. If you exceed this limit, you will be forced to provide an immediate answer.
Your overall generation limit is 200 tokens.
2026-01-20 22:48:10,396 - src.driver - INFO - GENERATED CONTENT: <action>  lying stupor negro </action> 
 PARSED ACTION: lying stupor negro
2026-01-20 22:48:10,397 - src.driver - INFO - You will be assigned a task. 
You will receive the actions you have available, followed by the action history. 
Your goal is to maximize the total reward across all 10 steps. We are on step 4. 

Task Assignment:
---
You are faced with a 3-armed bandit problem.  Each action corresponds to pulling a specific arm. Each arm is associated with a Gaussian distribution with a fixed but unknown mean. At each time step, you will select a field and receive a reward drawn from the associated distribution. Your goal is to select which arm to pull in order to maximize your reward across all of your turns.
---

Available Actions:
---

- Arm Name: special heyday perceptible - This action has been selected 1 time(s) for an observed mean of -0.75

- Arm Name: clientele ratification character - This action has been selected 1 time(s) for an observed mean of -0.5

- Arm Name: lying stupor negro - This action has been selected 2 time(s) for an observed mean of -0.25

---
When selecting an action, include only the name of the action. Do not include the dashes used to indicate the list here.

Please select an action from the list of action options in order to maximize the reward for your task.
When selecting an action, put the exact name of the action between action tags like: <action> action_name </action>.

Your thinking budget is 150 tokens. If you exceed this limit, you will be forced to provide an immediate answer.
Your overall generation limit is 200 tokens.
2026-01-20 22:48:25,584 - src.driver - INFO - GENERATED CONTENT: <action>  lying stupor negro </action> 
 PARSED ACTION: lying stupor negro
2026-01-20 22:48:25,584 - src.driver - INFO - You will be assigned a task. 
You will receive the actions you have available, followed by the action history. 
Your goal is to maximize the total reward across all 10 steps. We are on step 5. 

Task Assignment:
---
You are faced with a 3-armed bandit problem.  Each action corresponds to pulling a specific arm. Each arm is associated with a Gaussian distribution with a fixed but unknown mean. At each time step, you will select a field and receive a reward drawn from the associated distribution. Your goal is to select which arm to pull in order to maximize your reward across all of your turns.
---

Available Actions:
---

- Arm Name: special heyday perceptible - This action has been selected 1 time(s) for an observed mean of -0.75

- Arm Name: clientele ratification character - This action has been selected 1 time(s) for an observed mean of -0.5

- Arm Name: lying stupor negro - This action has been selected 3 time(s) for an observed mean of -0.25

---
When selecting an action, include only the name of the action. Do not include the dashes used to indicate the list here.

Please select an action from the list of action options in order to maximize the reward for your task.
When selecting an action, put the exact name of the action between action tags like: <action> action_name </action>.

Your thinking budget is 150 tokens. If you exceed this limit, you will be forced to provide an immediate answer.
Your overall generation limit is 200 tokens.
2026-01-20 22:48:40,773 - src.driver - INFO - GENERATED CONTENT: <action>  lying stupor negro </action> 
 PARSED ACTION: lying stupor negro
2026-01-20 22:48:40,774 - src.driver - INFO - You will be assigned a task. 
You will receive the actions you have available, followed by the action history. 
Your goal is to maximize the total reward across all 10 steps. We are on step 6. 

Task Assignment:
---
You are faced with a 3-armed bandit problem.  Each action corresponds to pulling a specific arm. Each arm is associated with a Gaussian distribution with a fixed but unknown mean. At each time step, you will select a field and receive a reward drawn from the associated distribution. Your goal is to select which arm to pull in order to maximize your reward across all of your turns.
---

Available Actions:
---

- Arm Name: special heyday perceptible - This action has been selected 1 time(s) for an observed mean of -0.75

- Arm Name: clientele ratification character - This action has been selected 1 time(s) for an observed mean of -0.5

- Arm Name: lying stupor negro - This action has been selected 4 time(s) for an observed mean of -0.25

---
When selecting an action, include only the name of the action. Do not include the dashes used to indicate the list here.

Please select an action from the list of action options in order to maximize the reward for your task.
When selecting an action, put the exact name of the action between action tags like: <action> action_name </action>.

Your thinking budget is 150 tokens. If you exceed this limit, you will be forced to provide an immediate answer.
Your overall generation limit is 200 tokens.
2026-01-20 22:48:56,047 - src.driver - INFO - GENERATED CONTENT: <action>  lying stupor negro </action> 
 PARSED ACTION: lying stupor negro
2026-01-20 22:48:56,048 - src.driver - INFO - You will be assigned a task. 
You will receive the actions you have available, followed by the action history. 
Your goal is to maximize the total reward across all 10 steps. We are on step 7. 

Task Assignment:
---
You are faced with a 3-armed bandit problem.  Each action corresponds to pulling a specific arm. Each arm is associated with a Gaussian distribution with a fixed but unknown mean. At each time step, you will select a field and receive a reward drawn from the associated distribution. Your goal is to select which arm to pull in order to maximize your reward across all of your turns.
---

Available Actions:
---

- Arm Name: special heyday perceptible - This action has been selected 1 time(s) for an observed mean of -0.75

- Arm Name: clientele ratification character - This action has been selected 1 time(s) for an observed mean of -0.5

- Arm Name: lying stupor negro - This action has been selected 5 time(s) for an observed mean of -0.25

---
When selecting an action, include only the name of the action. Do not include the dashes used to indicate the list here.

Please select an action from the list of action options in order to maximize the reward for your task.
When selecting an action, put the exact name of the action between action tags like: <action> action_name </action>.

Your thinking budget is 150 tokens. If you exceed this limit, you will be forced to provide an immediate answer.
Your overall generation limit is 200 tokens.
2026-01-20 22:49:11,341 - src.driver - INFO - GENERATED CONTENT: <action>  lying stupor negro </action> 
 PARSED ACTION: lying stupor negro
2026-01-20 22:49:11,342 - src.driver - INFO - You will be assigned a task. 
You will receive the actions you have available, followed by the action history. 
Your goal is to maximize the total reward across all 10 steps. We are on step 8. 

Task Assignment:
---
You are faced with a 3-armed bandit problem.  Each action corresponds to pulling a specific arm. Each arm is associated with a Gaussian distribution with a fixed but unknown mean. At each time step, you will select a field and receive a reward drawn from the associated distribution. Your goal is to select which arm to pull in order to maximize your reward across all of your turns.
---

Available Actions:
---

- Arm Name: special heyday perceptible - This action has been selected 1 time(s) for an observed mean of -0.75

- Arm Name: clientele ratification character - This action has been selected 1 time(s) for an observed mean of -0.5

- Arm Name: lying stupor negro - This action has been selected 6 time(s) for an observed mean of -0.25

---
When selecting an action, include only the name of the action. Do not include the dashes used to indicate the list here.

Please select an action from the list of action options in order to maximize the reward for your task.
When selecting an action, put the exact name of the action between action tags like: <action> action_name </action>.

Your thinking budget is 150 tokens. If you exceed this limit, you will be forced to provide an immediate answer.
Your overall generation limit is 200 tokens.
2026-01-20 22:49:26,645 - src.driver - INFO - GENERATED CONTENT: <action>  lying stupor negro </action> 
 PARSED ACTION: lying stupor negro
2026-01-20 22:49:26,645 - src.driver - INFO - You will be assigned a task. 
You will receive the actions you have available, followed by the action history. 
Your goal is to maximize the total reward across all 10 steps. We are on step 9. 

Task Assignment:
---
You are faced with a 3-armed bandit problem.  Each action corresponds to pulling a specific arm. Each arm is associated with a Gaussian distribution with a fixed but unknown mean. At each time step, you will select a field and receive a reward drawn from the associated distribution. Your goal is to select which arm to pull in order to maximize your reward across all of your turns.
---

Available Actions:
---

- Arm Name: special heyday perceptible - This action has been selected 1 time(s) for an observed mean of -0.75

- Arm Name: clientele ratification character - This action has been selected 1 time(s) for an observed mean of -0.5

- Arm Name: lying stupor negro - This action has been selected 7 time(s) for an observed mean of -0.25

---
When selecting an action, include only the name of the action. Do not include the dashes used to indicate the list here.

Please select an action from the list of action options in order to maximize the reward for your task.
When selecting an action, put the exact name of the action between action tags like: <action> action_name </action>.

Your thinking budget is 150 tokens. If you exceed this limit, you will be forced to provide an immediate answer.
Your overall generation limit is 200 tokens.
2026-01-20 22:49:43,406 - src.driver - INFO - GENERATED CONTENT: <action>  lying stupor negro </action> has the highest observed mean (-0.25) and has been sampled more frequently, making it the 
 PARSED ACTION: lying stupor negro
2026-01-20 22:49:43,422 - src.driver - INFO - You will be assigned a task. 
You will receive the actions you have available, followed by the action history. 
Your goal is to maximize the total reward across all 10 steps. We are on step 0. 

Task Assignment:
---
You are faced with a 3-armed bandit problem.  Each action corresponds to pulling a specific arm. Each arm is associated with a Gaussian distribution with a fixed but unknown mean. At each time step, you will select a field and receive a reward drawn from the associated distribution. Your goal is to select which arm to pull in order to maximize your reward across all of your turns.
---

Available Actions:
---

- Arm Name: disobedient horrified untrained - This action has been selected 0 time(s) for an observed mean of Unknown

- Arm Name: deserving beeswax intercom - This action has been selected 0 time(s) for an observed mean of Unknown

- Arm Name: special heyday perceptible - This action has been selected 0 time(s) for an observed mean of Unknown

---
When selecting an action, include only the name of the action. Do not include the dashes used to indicate the list here.

Please select an action from the list of action options in order to maximize the reward for your task.
When selecting an action, put the exact name of the action between action tags like: <action> action_name </action>.

Your thinking budget is 150 tokens. If you exceed this limit, you will be forced to provide an immediate answer.
Your overall generation limit is 200 tokens.
2026-01-20 22:49:58,668 - src.driver - INFO - GENERATED CONTENT: <action>  disobedient horrified untrained </action> 
 PARSED ACTION: disobedient horrified untrained
2026-01-20 22:49:58,669 - src.driver - INFO - You will be assigned a task. 
You will receive the actions you have available, followed by the action history. 
Your goal is to maximize the total reward across all 10 steps. We are on step 1. 

Task Assignment:
---
You are faced with a 3-armed bandit problem.  Each action corresponds to pulling a specific arm. Each arm is associated with a Gaussian distribution with a fixed but unknown mean. At each time step, you will select a field and receive a reward drawn from the associated distribution. Your goal is to select which arm to pull in order to maximize your reward across all of your turns.
---

Available Actions:
---

- Arm Name: disobedient horrified untrained - This action has been selected 1 time(s) for an observed mean of -0.25

- Arm Name: deserving beeswax intercom - This action has been selected 0 time(s) for an observed mean of Unknown

- Arm Name: special heyday perceptible - This action has been selected 0 time(s) for an observed mean of Unknown

---
When selecting an action, include only the name of the action. Do not include the dashes used to indicate the list here.

Please select an action from the list of action options in order to maximize the reward for your task.
When selecting an action, put the exact name of the action between action tags like: <action> action_name </action>.

Your thinking budget is 150 tokens. If you exceed this limit, you will be forced to provide an immediate answer.
Your overall generation limit is 200 tokens.
2026-01-20 22:50:14,084 - src.driver - INFO - GENERATED CONTENT: <action>  deserving beeswax intercom </action> 
 PARSED ACTION: deserving beeswax intercom
2026-01-20 22:50:14,085 - src.driver - INFO - You will be assigned a task. 
You will receive the actions you have available, followed by the action history. 
Your goal is to maximize the total reward across all 10 steps. We are on step 2. 

Task Assignment:
---
You are faced with a 3-armed bandit problem.  Each action corresponds to pulling a specific arm. Each arm is associated with a Gaussian distribution with a fixed but unknown mean. At each time step, you will select a field and receive a reward drawn from the associated distribution. Your goal is to select which arm to pull in order to maximize your reward across all of your turns.
---

Available Actions:
---

- Arm Name: disobedient horrified untrained - This action has been selected 1 time(s) for an observed mean of -0.25

- Arm Name: deserving beeswax intercom - This action has been selected 1 time(s) for an observed mean of -0.5

- Arm Name: special heyday perceptible - This action has been selected 0 time(s) for an observed mean of Unknown

---
When selecting an action, include only the name of the action. Do not include the dashes used to indicate the list here.

Please select an action from the list of action options in order to maximize the reward for your task.
When selecting an action, put the exact name of the action between action tags like: <action> action_name </action>.

Your thinking budget is 150 tokens. If you exceed this limit, you will be forced to provide an immediate answer.
Your overall generation limit is 200 tokens.
2026-01-20 22:50:29,458 - src.driver - INFO - GENERATED CONTENT: <action>  special heyday perceptible </action> 
 PARSED ACTION: special heyday perceptible
2026-01-20 22:50:29,458 - src.driver - INFO - You will be assigned a task. 
You will receive the actions you have available, followed by the action history. 
Your goal is to maximize the total reward across all 10 steps. We are on step 3. 

Task Assignment:
---
You are faced with a 3-armed bandit problem.  Each action corresponds to pulling a specific arm. Each arm is associated with a Gaussian distribution with a fixed but unknown mean. At each time step, you will select a field and receive a reward drawn from the associated distribution. Your goal is to select which arm to pull in order to maximize your reward across all of your turns.
---

Available Actions:
---

- Arm Name: disobedient horrified untrained - This action has been selected 1 time(s) for an observed mean of -0.25

- Arm Name: deserving beeswax intercom - This action has been selected 1 time(s) for an observed mean of -0.5

- Arm Name: special heyday perceptible - This action has been selected 1 time(s) for an observed mean of -0.75

---
When selecting an action, include only the name of the action. Do not include the dashes used to indicate the list here.

Please select an action from the list of action options in order to maximize the reward for your task.
When selecting an action, put the exact name of the action between action tags like: <action> action_name </action>.

Your thinking budget is 150 tokens. If you exceed this limit, you will be forced to provide an immediate answer.
Your overall generation limit is 200 tokens.
2026-01-20 22:50:44,763 - src.driver - INFO - GENERATED CONTENT: <action>  disobedient horrified untrained </action> 
 PARSED ACTION: disobedient horrified untrained
2026-01-20 22:50:44,763 - src.driver - INFO - You will be assigned a task. 
You will receive the actions you have available, followed by the action history. 
Your goal is to maximize the total reward across all 10 steps. We are on step 4. 

Task Assignment:
---
You are faced with a 3-armed bandit problem.  Each action corresponds to pulling a specific arm. Each arm is associated with a Gaussian distribution with a fixed but unknown mean. At each time step, you will select a field and receive a reward drawn from the associated distribution. Your goal is to select which arm to pull in order to maximize your reward across all of your turns.
---

Available Actions:
---

- Arm Name: disobedient horrified untrained - This action has been selected 2 time(s) for an observed mean of -0.25

- Arm Name: deserving beeswax intercom - This action has been selected 1 time(s) for an observed mean of -0.5

- Arm Name: special heyday perceptible - This action has been selected 1 time(s) for an observed mean of -0.75

---
When selecting an action, include only the name of the action. Do not include the dashes used to indicate the list here.

Please select an action from the list of action options in order to maximize the reward for your task.
When selecting an action, put the exact name of the action between action tags like: <action> action_name </action>.

Your thinking budget is 150 tokens. If you exceed this limit, you will be forced to provide an immediate answer.
Your overall generation limit is 200 tokens.
2026-01-20 22:51:00,107 - src.driver - INFO - GENERATED CONTENT: <action>  disobedient horrified untrained </action> 
 PARSED ACTION: disobedient horrified untrained
2026-01-20 22:51:00,108 - src.driver - INFO - You will be assigned a task. 
You will receive the actions you have available, followed by the action history. 
Your goal is to maximize the total reward across all 10 steps. We are on step 5. 

Task Assignment:
---
You are faced with a 3-armed bandit problem.  Each action corresponds to pulling a specific arm. Each arm is associated with a Gaussian distribution with a fixed but unknown mean. At each time step, you will select a field and receive a reward drawn from the associated distribution. Your goal is to select which arm to pull in order to maximize your reward across all of your turns.
---

Available Actions:
---

- Arm Name: disobedient horrified untrained - This action has been selected 3 time(s) for an observed mean of -0.25

- Arm Name: deserving beeswax intercom - This action has been selected 1 time(s) for an observed mean of -0.5

- Arm Name: special heyday perceptible - This action has been selected 1 time(s) for an observed mean of -0.75

---
When selecting an action, include only the name of the action. Do not include the dashes used to indicate the list here.

Please select an action from the list of action options in order to maximize the reward for your task.
When selecting an action, put the exact name of the action between action tags like: <action> action_name </action>.

Your thinking budget is 150 tokens. If you exceed this limit, you will be forced to provide an immediate answer.
Your overall generation limit is 200 tokens.
2026-01-20 22:51:15,399 - src.driver - INFO - GENERATED CONTENT: <action>  disobedient horrified untrained </action> 
 PARSED ACTION: disobedient horrified untrained
2026-01-20 22:51:15,400 - src.driver - INFO - You will be assigned a task. 
You will receive the actions you have available, followed by the action history. 
Your goal is to maximize the total reward across all 10 steps. We are on step 6. 

Task Assignment:
---
You are faced with a 3-armed bandit problem.  Each action corresponds to pulling a specific arm. Each arm is associated with a Gaussian distribution with a fixed but unknown mean. At each time step, you will select a field and receive a reward drawn from the associated distribution. Your goal is to select which arm to pull in order to maximize your reward across all of your turns.
---

Available Actions:
---

- Arm Name: disobedient horrified untrained - This action has been selected 4 time(s) for an observed mean of -0.25

- Arm Name: deserving beeswax intercom - This action has been selected 1 time(s) for an observed mean of -0.5

- Arm Name: special heyday perceptible - This action has been selected 1 time(s) for an observed mean of -0.75

---
When selecting an action, include only the name of the action. Do not include the dashes used to indicate the list here.

Please select an action from the list of action options in order to maximize the reward for your task.
When selecting an action, put the exact name of the action between action tags like: <action> action_name </action>.

Your thinking budget is 150 tokens. If you exceed this limit, you will be forced to provide an immediate answer.
Your overall generation limit is 200 tokens.
2026-01-20 22:51:30,745 - src.driver - INFO - GENERATED CONTENT: <action>  disobedient horrified untrained </action> 
 PARSED ACTION: disobedient horrified untrained
2026-01-20 22:51:30,746 - src.driver - INFO - You will be assigned a task. 
You will receive the actions you have available, followed by the action history. 
Your goal is to maximize the total reward across all 10 steps. We are on step 7. 

Task Assignment:
---
You are faced with a 3-armed bandit problem.  Each action corresponds to pulling a specific arm. Each arm is associated with a Gaussian distribution with a fixed but unknown mean. At each time step, you will select a field and receive a reward drawn from the associated distribution. Your goal is to select which arm to pull in order to maximize your reward across all of your turns.
---

Available Actions:
---

- Arm Name: disobedient horrified untrained - This action has been selected 5 time(s) for an observed mean of -0.25

- Arm Name: deserving beeswax intercom - This action has been selected 1 time(s) for an observed mean of -0.5

- Arm Name: special heyday perceptible - This action has been selected 1 time(s) for an observed mean of -0.75

---
When selecting an action, include only the name of the action. Do not include the dashes used to indicate the list here.

Please select an action from the list of action options in order to maximize the reward for your task.
When selecting an action, put the exact name of the action between action tags like: <action> action_name </action>.

Your thinking budget is 150 tokens. If you exceed this limit, you will be forced to provide an immediate answer.
Your overall generation limit is 200 tokens.
2026-01-20 22:51:46,136 - src.driver - INFO - GENERATED CONTENT: <action>  disobedient horrified untrained </action> 
 PARSED ACTION: disobedient horrified untrained
2026-01-20 22:51:46,136 - src.driver - INFO - You will be assigned a task. 
You will receive the actions you have available, followed by the action history. 
Your goal is to maximize the total reward across all 10 steps. We are on step 8. 

Task Assignment:
---
You are faced with a 3-armed bandit problem.  Each action corresponds to pulling a specific arm. Each arm is associated with a Gaussian distribution with a fixed but unknown mean. At each time step, you will select a field and receive a reward drawn from the associated distribution. Your goal is to select which arm to pull in order to maximize your reward across all of your turns.
---

Available Actions:
---

- Arm Name: disobedient horrified untrained - This action has been selected 6 time(s) for an observed mean of -0.25

- Arm Name: deserving beeswax intercom - This action has been selected 1 time(s) for an observed mean of -0.5

- Arm Name: special heyday perceptible - This action has been selected 1 time(s) for an observed mean of -0.75

---
When selecting an action, include only the name of the action. Do not include the dashes used to indicate the list here.

Please select an action from the list of action options in order to maximize the reward for your task.
When selecting an action, put the exact name of the action between action tags like: <action> action_name </action>.

Your thinking budget is 150 tokens. If you exceed this limit, you will be forced to provide an immediate answer.
Your overall generation limit is 200 tokens.
2026-01-20 22:52:01,476 - src.driver - INFO - GENERATED CONTENT: <action>  disobedient horrified untrained </action> 
 PARSED ACTION: disobedient horrified untrained
2026-01-20 22:52:01,477 - src.driver - INFO - You will be assigned a task. 
You will receive the actions you have available, followed by the action history. 
Your goal is to maximize the total reward across all 10 steps. We are on step 9. 

Task Assignment:
---
You are faced with a 3-armed bandit problem.  Each action corresponds to pulling a specific arm. Each arm is associated with a Gaussian distribution with a fixed but unknown mean. At each time step, you will select a field and receive a reward drawn from the associated distribution. Your goal is to select which arm to pull in order to maximize your reward across all of your turns.
---

Available Actions:
---

- Arm Name: disobedient horrified untrained - This action has been selected 7 time(s) for an observed mean of -0.25

- Arm Name: deserving beeswax intercom - This action has been selected 1 time(s) for an observed mean of -0.5

- Arm Name: special heyday perceptible - This action has been selected 1 time(s) for an observed mean of -0.75

---
When selecting an action, include only the name of the action. Do not include the dashes used to indicate the list here.

Please select an action from the list of action options in order to maximize the reward for your task.
When selecting an action, put the exact name of the action between action tags like: <action> action_name </action>.

Your thinking budget is 150 tokens. If you exceed this limit, you will be forced to provide an immediate answer.
Your overall generation limit is 200 tokens.
2026-01-20 22:52:16,752 - src.driver - INFO - GENERATED CONTENT: <action>  disobedient horrified untrained </action> 
 PARSED ACTION: disobedient horrified untrained
