2026-01-24 18:46:37,441 - src.driver - INFO - You will be assigned a task. 
You will receive the actions you have available, followed by the action history. 
Your goal is to maximize the total reward across all 10 steps. We are on step 0. 

Task Assignment:
---
You are a farmer who owns 3 fields. Each action corresponds to planting your crop in a different field. Each field is associated with a Gaussian distribution with a fixed but unknown mean. At each time step, you will select a field and receive a reward drawn from the associated distribution. Your goal is to maximize your reward across all of your turns.
---

Available Actions:
---

- Field Name: top generosity clever - This action has been selected 0 time(s) for an observed mean of Unknown

- Field Name: bitch obligor slaughtering - This action has been selected 0 time(s) for an observed mean of Unknown

- Field Name: simultaneous crow matriculation - This action has been selected 0 time(s) for an observed mean of Unknown

---
When selecting an action, include only the name of the action. Do not include the dashes used to indicate the list here.

Please select an action from the list of action options in order to maximize the reward for your task.
When selecting an action, put the exact name of the action between action tags like: <action> action_name </action>.

Your thinking budget is 150 tokens. If you exceed this limit, you will be forced to provide an immediate answer.
Your overall generation limit is 200 tokens.
2026-01-24 18:46:52,369 - src.driver - INFO - GENERATED CONTENT: <action>  top generosity clever </action> 
 PARSED ACTION: top generosity clever
2026-01-24 18:46:52,370 - src.driver - INFO - You will be assigned a task. 
You will receive the actions you have available, followed by the action history. 
Your goal is to maximize the total reward across all 10 steps. We are on step 1. 

Task Assignment:
---
You are a farmer who owns 3 fields. Each action corresponds to planting your crop in a different field. Each field is associated with a Gaussian distribution with a fixed but unknown mean. At each time step, you will select a field and receive a reward drawn from the associated distribution. Your goal is to maximize your reward across all of your turns.
---

Available Actions:
---

- Field Name: top generosity clever - This action has been selected 1 time(s) for an observed mean of 69.75690951603148

- Field Name: bitch obligor slaughtering - This action has been selected 0 time(s) for an observed mean of Unknown

- Field Name: simultaneous crow matriculation - This action has been selected 0 time(s) for an observed mean of Unknown

---
When selecting an action, include only the name of the action. Do not include the dashes used to indicate the list here.

Please select an action from the list of action options in order to maximize the reward for your task.
When selecting an action, put the exact name of the action between action tags like: <action> action_name </action>.

Your thinking budget is 150 tokens. If you exceed this limit, you will be forced to provide an immediate answer.
Your overall generation limit is 200 tokens.
2026-01-24 18:47:07,419 - src.driver - INFO - GENERATED CONTENT: <action>  top generosity clever </action> 
 PARSED ACTION: top generosity clever
2026-01-24 18:47:07,420 - src.driver - INFO - You will be assigned a task. 
You will receive the actions you have available, followed by the action history. 
Your goal is to maximize the total reward across all 10 steps. We are on step 2. 

Task Assignment:
---
You are a farmer who owns 3 fields. Each action corresponds to planting your crop in a different field. Each field is associated with a Gaussian distribution with a fixed but unknown mean. At each time step, you will select a field and receive a reward drawn from the associated distribution. Your goal is to maximize your reward across all of your turns.
---

Available Actions:
---

- Field Name: top generosity clever - This action has been selected 2 time(s) for an observed mean of 66.51937399060381

- Field Name: bitch obligor slaughtering - This action has been selected 0 time(s) for an observed mean of Unknown

- Field Name: simultaneous crow matriculation - This action has been selected 0 time(s) for an observed mean of Unknown

---
When selecting an action, include only the name of the action. Do not include the dashes used to indicate the list here.

Please select an action from the list of action options in order to maximize the reward for your task.
When selecting an action, put the exact name of the action between action tags like: <action> action_name </action>.

Your thinking budget is 150 tokens. If you exceed this limit, you will be forced to provide an immediate answer.
Your overall generation limit is 200 tokens.
2026-01-24 18:47:22,437 - src.driver - INFO - GENERATED CONTENT: <action>  top generosity clever </action> 
 PARSED ACTION: top generosity clever
2026-01-24 18:47:22,438 - src.driver - INFO - You will be assigned a task. 
You will receive the actions you have available, followed by the action history. 
Your goal is to maximize the total reward across all 10 steps. We are on step 3. 

Task Assignment:
---
You are a farmer who owns 3 fields. Each action corresponds to planting your crop in a different field. Each field is associated with a Gaussian distribution with a fixed but unknown mean. At each time step, you will select a field and receive a reward drawn from the associated distribution. Your goal is to maximize your reward across all of your turns.
---

Available Actions:
---

- Field Name: top generosity clever - This action has been selected 3 time(s) for an observed mean of 80.0761776013414

- Field Name: bitch obligor slaughtering - This action has been selected 0 time(s) for an observed mean of Unknown

- Field Name: simultaneous crow matriculation - This action has been selected 0 time(s) for an observed mean of Unknown

---
When selecting an action, include only the name of the action. Do not include the dashes used to indicate the list here.

Please select an action from the list of action options in order to maximize the reward for your task.
When selecting an action, put the exact name of the action between action tags like: <action> action_name </action>.

Your thinking budget is 150 tokens. If you exceed this limit, you will be forced to provide an immediate answer.
Your overall generation limit is 200 tokens.
2026-01-24 18:47:37,459 - src.driver - INFO - GENERATED CONTENT: <action> top generosity clever</action> 
 PARSED ACTION: top generosity clever
2026-01-24 18:47:37,459 - src.driver - INFO - You will be assigned a task. 
You will receive the actions you have available, followed by the action history. 
Your goal is to maximize the total reward across all 10 steps. We are on step 4. 

Task Assignment:
---
You are a farmer who owns 3 fields. Each action corresponds to planting your crop in a different field. Each field is associated with a Gaussian distribution with a fixed but unknown mean. At each time step, you will select a field and receive a reward drawn from the associated distribution. Your goal is to maximize your reward across all of your turns.
---

Available Actions:
---

- Field Name: top generosity clever - This action has been selected 4 time(s) for an observed mean of 84.100685304059

- Field Name: bitch obligor slaughtering - This action has been selected 0 time(s) for an observed mean of Unknown

- Field Name: simultaneous crow matriculation - This action has been selected 0 time(s) for an observed mean of Unknown

---
When selecting an action, include only the name of the action. Do not include the dashes used to indicate the list here.

Please select an action from the list of action options in order to maximize the reward for your task.
When selecting an action, put the exact name of the action between action tags like: <action> action_name </action>.

Your thinking budget is 150 tokens. If you exceed this limit, you will be forced to provide an immediate answer.
Your overall generation limit is 200 tokens.
2026-01-24 18:47:52,512 - src.driver - INFO - GENERATED CONTENT: <action>  top generosity clever </action> 
 PARSED ACTION: top generosity clever
2026-01-24 18:47:52,513 - src.driver - INFO - You will be assigned a task. 
You will receive the actions you have available, followed by the action history. 
Your goal is to maximize the total reward across all 10 steps. We are on step 5. 

Task Assignment:
---
You are a farmer who owns 3 fields. Each action corresponds to planting your crop in a different field. Each field is associated with a Gaussian distribution with a fixed but unknown mean. At each time step, you will select a field and receive a reward drawn from the associated distribution. Your goal is to maximize your reward across all of your turns.
---

Available Actions:
---

- Field Name: top generosity clever - This action has been selected 5 time(s) for an observed mean of 80.82462373556925

- Field Name: bitch obligor slaughtering - This action has been selected 0 time(s) for an observed mean of Unknown

- Field Name: simultaneous crow matriculation - This action has been selected 0 time(s) for an observed mean of Unknown

---
When selecting an action, include only the name of the action. Do not include the dashes used to indicate the list here.

Please select an action from the list of action options in order to maximize the reward for your task.
When selecting an action, put the exact name of the action between action tags like: <action> action_name </action>.

Your thinking budget is 150 tokens. If you exceed this limit, you will be forced to provide an immediate answer.
Your overall generation limit is 200 tokens.
2026-01-24 18:48:07,603 - src.driver - INFO - GENERATED CONTENT: <action>  top generosity clever </action> 
 PARSED ACTION: top generosity clever
2026-01-24 18:48:07,604 - src.driver - INFO - You will be assigned a task. 
You will receive the actions you have available, followed by the action history. 
Your goal is to maximize the total reward across all 10 steps. We are on step 6. 

Task Assignment:
---
You are a farmer who owns 3 fields. Each action corresponds to planting your crop in a different field. Each field is associated with a Gaussian distribution with a fixed but unknown mean. At each time step, you will select a field and receive a reward drawn from the associated distribution. Your goal is to maximize your reward across all of your turns.
---

Available Actions:
---

- Field Name: top generosity clever - This action has been selected 6 time(s) for an observed mean of 79.81709496537134

- Field Name: bitch obligor slaughtering - This action has been selected 0 time(s) for an observed mean of Unknown

- Field Name: simultaneous crow matriculation - This action has been selected 0 time(s) for an observed mean of Unknown

---
When selecting an action, include only the name of the action. Do not include the dashes used to indicate the list here.

Please select an action from the list of action options in order to maximize the reward for your task.
When selecting an action, put the exact name of the action between action tags like: <action> action_name </action>.

Your thinking budget is 150 tokens. If you exceed this limit, you will be forced to provide an immediate answer.
Your overall generation limit is 200 tokens.
2026-01-24 18:48:22,594 - src.driver - INFO - GENERATED CONTENT: <action>  top generosity clever </action> 
 PARSED ACTION: top generosity clever
2026-01-24 18:48:22,595 - src.driver - INFO - You will be assigned a task. 
You will receive the actions you have available, followed by the action history. 
Your goal is to maximize the total reward across all 10 steps. We are on step 7. 

Task Assignment:
---
You are a farmer who owns 3 fields. Each action corresponds to planting your crop in a different field. Each field is associated with a Gaussian distribution with a fixed but unknown mean. At each time step, you will select a field and receive a reward drawn from the associated distribution. Your goal is to maximize your reward across all of your turns.
---

Available Actions:
---

- Field Name: top generosity clever - This action has been selected 7 time(s) for an observed mean of 76.0158381229065

- Field Name: bitch obligor slaughtering - This action has been selected 0 time(s) for an observed mean of Unknown

- Field Name: simultaneous crow matriculation - This action has been selected 0 time(s) for an observed mean of Unknown

---
When selecting an action, include only the name of the action. Do not include the dashes used to indicate the list here.

Please select an action from the list of action options in order to maximize the reward for your task.
When selecting an action, put the exact name of the action between action tags like: <action> action_name </action>.

Your thinking budget is 150 tokens. If you exceed this limit, you will be forced to provide an immediate answer.
Your overall generation limit is 200 tokens.
2026-01-24 18:48:37,625 - src.driver - INFO - GENERATED CONTENT: <action>  top generosity clever </action> 
 PARSED ACTION: top generosity clever
2026-01-24 18:48:37,626 - src.driver - INFO - You will be assigned a task. 
You will receive the actions you have available, followed by the action history. 
Your goal is to maximize the total reward across all 10 steps. We are on step 8. 

Task Assignment:
---
You are a farmer who owns 3 fields. Each action corresponds to planting your crop in a different field. Each field is associated with a Gaussian distribution with a fixed but unknown mean. At each time step, you will select a field and receive a reward drawn from the associated distribution. Your goal is to maximize your reward across all of your turns.
---

Available Actions:
---

- Field Name: top generosity clever - This action has been selected 8 time(s) for an observed mean of 78.10358201176399

- Field Name: bitch obligor slaughtering - This action has been selected 0 time(s) for an observed mean of Unknown

- Field Name: simultaneous crow matriculation - This action has been selected 0 time(s) for an observed mean of Unknown

---
When selecting an action, include only the name of the action. Do not include the dashes used to indicate the list here.

Please select an action from the list of action options in order to maximize the reward for your task.
When selecting an action, put the exact name of the action between action tags like: <action> action_name </action>.

Your thinking budget is 150 tokens. If you exceed this limit, you will be forced to provide an immediate answer.
Your overall generation limit is 200 tokens.
2026-01-24 18:48:52,677 - src.driver - INFO - GENERATED CONTENT: <action> top generosity clever</action> 
 PARSED ACTION: top generosity clever
2026-01-24 18:48:52,678 - src.driver - INFO - You will be assigned a task. 
You will receive the actions you have available, followed by the action history. 
Your goal is to maximize the total reward across all 10 steps. We are on step 9. 

Task Assignment:
---
You are a farmer who owns 3 fields. Each action corresponds to planting your crop in a different field. Each field is associated with a Gaussian distribution with a fixed but unknown mean. At each time step, you will select a field and receive a reward drawn from the associated distribution. Your goal is to maximize your reward across all of your turns.
---

Available Actions:
---

- Field Name: top generosity clever - This action has been selected 9 time(s) for an observed mean of 78.08767196304625

- Field Name: bitch obligor slaughtering - This action has been selected 0 time(s) for an observed mean of Unknown

- Field Name: simultaneous crow matriculation - This action has been selected 0 time(s) for an observed mean of Unknown

---
When selecting an action, include only the name of the action. Do not include the dashes used to indicate the list here.

Please select an action from the list of action options in order to maximize the reward for your task.
When selecting an action, put the exact name of the action between action tags like: <action> action_name </action>.

Your thinking budget is 150 tokens. If you exceed this limit, you will be forced to provide an immediate answer.
Your overall generation limit is 200 tokens.
2026-01-24 18:49:07,672 - src.driver - INFO - GENERATED CONTENT: <action>  top generosity clever </action> 
 PARSED ACTION: top generosity clever
2026-01-24 18:49:07,688 - src.driver - INFO - You will be assigned a task. 
You will receive the actions you have available, followed by the action history. 
Your goal is to maximize the total reward across all 10 steps. We are on step 0. 

Task Assignment:
---
You are a farmer who owns 3 fields. Each action corresponds to planting your crop in a different field. Each field is associated with a Gaussian distribution with a fixed but unknown mean. At each time step, you will select a field and receive a reward drawn from the associated distribution. Your goal is to maximize your reward across all of your turns.
---

Available Actions:
---

- Field Name: diplomatic hail major - This action has been selected 0 time(s) for an observed mean of Unknown

- Field Name: tired prison frustration - This action has been selected 0 time(s) for an observed mean of Unknown

- Field Name: spotty tacky spellbound - This action has been selected 0 time(s) for an observed mean of Unknown

---
When selecting an action, include only the name of the action. Do not include the dashes used to indicate the list here.

Please select an action from the list of action options in order to maximize the reward for your task.
When selecting an action, put the exact name of the action between action tags like: <action> action_name </action>.

Your thinking budget is 150 tokens. If you exceed this limit, you will be forced to provide an immediate answer.
Your overall generation limit is 200 tokens.
2026-01-24 18:49:22,532 - src.driver - INFO - GENERATED CONTENT: <action>  diplomatic hail major </action> 
 PARSED ACTION: diplomatic hail major
2026-01-24 18:49:22,532 - src.driver - INFO - You will be assigned a task. 
You will receive the actions you have available, followed by the action history. 
Your goal is to maximize the total reward across all 10 steps. We are on step 1. 

Task Assignment:
---
You are a farmer who owns 3 fields. Each action corresponds to planting your crop in a different field. Each field is associated with a Gaussian distribution with a fixed but unknown mean. At each time step, you will select a field and receive a reward drawn from the associated distribution. Your goal is to maximize your reward across all of your turns.
---

Available Actions:
---

- Field Name: diplomatic hail major - This action has been selected 1 time(s) for an observed mean of 80.12005763345167

- Field Name: tired prison frustration - This action has been selected 0 time(s) for an observed mean of Unknown

- Field Name: spotty tacky spellbound - This action has been selected 0 time(s) for an observed mean of Unknown

---
When selecting an action, include only the name of the action. Do not include the dashes used to indicate the list here.

Please select an action from the list of action options in order to maximize the reward for your task.
When selecting an action, put the exact name of the action between action tags like: <action> action_name </action>.

Your thinking budget is 150 tokens. If you exceed this limit, you will be forced to provide an immediate answer.
Your overall generation limit is 200 tokens.
2026-01-24 18:49:37,574 - src.driver - INFO - GENERATED CONTENT: <action>  diplomatic hail major </action> 
 PARSED ACTION: diplomatic hail major
2026-01-24 18:49:37,575 - src.driver - INFO - You will be assigned a task. 
You will receive the actions you have available, followed by the action history. 
Your goal is to maximize the total reward across all 10 steps. We are on step 2. 

Task Assignment:
---
You are a farmer who owns 3 fields. Each action corresponds to planting your crop in a different field. Each field is associated with a Gaussian distribution with a fixed but unknown mean. At each time step, you will select a field and receive a reward drawn from the associated distribution. Your goal is to maximize your reward across all of your turns.
---

Available Actions:
---

- Field Name: diplomatic hail major - This action has been selected 2 time(s) for an observed mean of 77.79881866307193

- Field Name: tired prison frustration - This action has been selected 0 time(s) for an observed mean of Unknown

- Field Name: spotty tacky spellbound - This action has been selected 0 time(s) for an observed mean of Unknown

---
When selecting an action, include only the name of the action. Do not include the dashes used to indicate the list here.

Please select an action from the list of action options in order to maximize the reward for your task.
When selecting an action, put the exact name of the action between action tags like: <action> action_name </action>.

Your thinking budget is 150 tokens. If you exceed this limit, you will be forced to provide an immediate answer.
Your overall generation limit is 200 tokens.
2026-01-24 18:49:52,560 - src.driver - INFO - GENERATED CONTENT: <action>  tired prison frustration </action> 
 PARSED ACTION: tired prison frustration
2026-01-24 18:49:52,561 - src.driver - INFO - You will be assigned a task. 
You will receive the actions you have available, followed by the action history. 
Your goal is to maximize the total reward across all 10 steps. We are on step 3. 

Task Assignment:
---
You are a farmer who owns 3 fields. Each action corresponds to planting your crop in a different field. Each field is associated with a Gaussian distribution with a fixed but unknown mean. At each time step, you will select a field and receive a reward drawn from the associated distribution. Your goal is to maximize your reward across all of your turns.
---

Available Actions:
---

- Field Name: diplomatic hail major - This action has been selected 2 time(s) for an observed mean of 77.79881866307193

- Field Name: tired prison frustration - This action has been selected 1 time(s) for an observed mean of 43.869111035126494

- Field Name: spotty tacky spellbound - This action has been selected 0 time(s) for an observed mean of Unknown

---
When selecting an action, include only the name of the action. Do not include the dashes used to indicate the list here.

Please select an action from the list of action options in order to maximize the reward for your task.
When selecting an action, put the exact name of the action between action tags like: <action> action_name </action>.

Your thinking budget is 150 tokens. If you exceed this limit, you will be forced to provide an immediate answer.
Your overall generation limit is 200 tokens.
2026-01-24 18:50:07,651 - src.driver - INFO - GENERATED CONTENT: <action>  diplomatic hail major </action> 
 PARSED ACTION: diplomatic hail major
2026-01-24 18:50:07,652 - src.driver - INFO - You will be assigned a task. 
You will receive the actions you have available, followed by the action history. 
Your goal is to maximize the total reward across all 10 steps. We are on step 4. 

Task Assignment:
---
You are a farmer who owns 3 fields. Each action corresponds to planting your crop in a different field. Each field is associated with a Gaussian distribution with a fixed but unknown mean. At each time step, you will select a field and receive a reward drawn from the associated distribution. Your goal is to maximize your reward across all of your turns.
---

Available Actions:
---

- Field Name: diplomatic hail major - This action has been selected 3 time(s) for an observed mean of 82.68801633031516

- Field Name: tired prison frustration - This action has been selected 1 time(s) for an observed mean of 43.869111035126494

- Field Name: spotty tacky spellbound - This action has been selected 0 time(s) for an observed mean of Unknown

---
When selecting an action, include only the name of the action. Do not include the dashes used to indicate the list here.

Please select an action from the list of action options in order to maximize the reward for your task.
When selecting an action, put the exact name of the action between action tags like: <action> action_name </action>.

Your thinking budget is 150 tokens. If you exceed this limit, you will be forced to provide an immediate answer.
Your overall generation limit is 200 tokens.
2026-01-24 18:50:22,961 - src.driver - INFO - GENERATED CONTENT: <action>  spotty tacky spellbound </action> 
 PARSED ACTION: spotty tacky spellbound
2026-01-24 18:50:22,961 - src.driver - INFO - You will be assigned a task. 
You will receive the actions you have available, followed by the action history. 
Your goal is to maximize the total reward across all 10 steps. We are on step 5. 

Task Assignment:
---
You are a farmer who owns 3 fields. Each action corresponds to planting your crop in a different field. Each field is associated with a Gaussian distribution with a fixed but unknown mean. At each time step, you will select a field and receive a reward drawn from the associated distribution. Your goal is to maximize your reward across all of your turns.
---

Available Actions:
---

- Field Name: diplomatic hail major - This action has been selected 3 time(s) for an observed mean of 82.68801633031516

- Field Name: tired prison frustration - This action has been selected 1 time(s) for an observed mean of 43.869111035126494

- Field Name: spotty tacky spellbound - This action has been selected 1 time(s) for an observed mean of 66.57962898975987

---
When selecting an action, include only the name of the action. Do not include the dashes used to indicate the list here.

Please select an action from the list of action options in order to maximize the reward for your task.
When selecting an action, put the exact name of the action between action tags like: <action> action_name </action>.

Your thinking budget is 150 tokens. If you exceed this limit, you will be forced to provide an immediate answer.
Your overall generation limit is 200 tokens.
2026-01-24 18:50:38,128 - src.driver - INFO - GENERATED CONTENT: <action>  diplomatic hail major </action> 
 PARSED ACTION: diplomatic hail major
2026-01-24 18:50:38,129 - src.driver - INFO - You will be assigned a task. 
You will receive the actions you have available, followed by the action history. 
Your goal is to maximize the total reward across all 10 steps. We are on step 6. 

Task Assignment:
---
You are a farmer who owns 3 fields. Each action corresponds to planting your crop in a different field. Each field is associated with a Gaussian distribution with a fixed but unknown mean. At each time step, you will select a field and receive a reward drawn from the associated distribution. Your goal is to maximize your reward across all of your turns.
---

Available Actions:
---

- Field Name: diplomatic hail major - This action has been selected 4 time(s) for an observed mean of 84.48381692210414

- Field Name: tired prison frustration - This action has been selected 1 time(s) for an observed mean of 43.869111035126494

- Field Name: spotty tacky spellbound - This action has been selected 1 time(s) for an observed mean of 66.57962898975987

---
When selecting an action, include only the name of the action. Do not include the dashes used to indicate the list here.

Please select an action from the list of action options in order to maximize the reward for your task.
When selecting an action, put the exact name of the action between action tags like: <action> action_name </action>.

Your thinking budget is 150 tokens. If you exceed this limit, you will be forced to provide an immediate answer.
Your overall generation limit is 200 tokens.
2026-01-24 18:50:53,217 - src.driver - INFO - GENERATED CONTENT: <action>  diplomatic hail major </action> 
 PARSED ACTION: diplomatic hail major
2026-01-24 18:50:53,218 - src.driver - INFO - You will be assigned a task. 
You will receive the actions you have available, followed by the action history. 
Your goal is to maximize the total reward across all 10 steps. We are on step 7. 

Task Assignment:
---
You are a farmer who owns 3 fields. Each action corresponds to planting your crop in a different field. Each field is associated with a Gaussian distribution with a fixed but unknown mean. At each time step, you will select a field and receive a reward drawn from the associated distribution. Your goal is to maximize your reward across all of your turns.
---

Available Actions:
---

- Field Name: diplomatic hail major - This action has been selected 5 time(s) for an observed mean of 78.29852725819438

- Field Name: tired prison frustration - This action has been selected 1 time(s) for an observed mean of 43.869111035126494

- Field Name: spotty tacky spellbound - This action has been selected 1 time(s) for an observed mean of 66.57962898975987

---
When selecting an action, include only the name of the action. Do not include the dashes used to indicate the list here.

Please select an action from the list of action options in order to maximize the reward for your task.
When selecting an action, put the exact name of the action between action tags like: <action> action_name </action>.

Your thinking budget is 150 tokens. If you exceed this limit, you will be forced to provide an immediate answer.
Your overall generation limit is 200 tokens.
2026-01-24 18:51:08,327 - src.driver - INFO - GENERATED CONTENT: <action>  diplomatic hail major </action> 
 PARSED ACTION: diplomatic hail major
2026-01-24 18:51:08,328 - src.driver - INFO - You will be assigned a task. 
You will receive the actions you have available, followed by the action history. 
Your goal is to maximize the total reward across all 10 steps. We are on step 8. 

Task Assignment:
---
You are a farmer who owns 3 fields. Each action corresponds to planting your crop in a different field. Each field is associated with a Gaussian distribution with a fixed but unknown mean. At each time step, you will select a field and receive a reward drawn from the associated distribution. Your goal is to maximize your reward across all of your turns.
---

Available Actions:
---

- Field Name: diplomatic hail major - This action has been selected 6 time(s) for an observed mean of 75.09384911452388

- Field Name: tired prison frustration - This action has been selected 1 time(s) for an observed mean of 43.869111035126494

- Field Name: spotty tacky spellbound - This action has been selected 1 time(s) for an observed mean of 66.57962898975987

---
When selecting an action, include only the name of the action. Do not include the dashes used to indicate the list here.

Please select an action from the list of action options in order to maximize the reward for your task.
When selecting an action, put the exact name of the action between action tags like: <action> action_name </action>.

Your thinking budget is 150 tokens. If you exceed this limit, you will be forced to provide an immediate answer.
Your overall generation limit is 200 tokens.
2026-01-24 18:51:23,404 - src.driver - INFO - GENERATED CONTENT: <action>  diplomatic hail major </action> 
 PARSED ACTION: diplomatic hail major
2026-01-24 18:51:23,405 - src.driver - INFO - You will be assigned a task. 
You will receive the actions you have available, followed by the action history. 
Your goal is to maximize the total reward across all 10 steps. We are on step 9. 

Task Assignment:
---
You are a farmer who owns 3 fields. Each action corresponds to planting your crop in a different field. Each field is associated with a Gaussian distribution with a fixed but unknown mean. At each time step, you will select a field and receive a reward drawn from the associated distribution. Your goal is to maximize your reward across all of your turns.
---

Available Actions:
---

- Field Name: diplomatic hail major - This action has been selected 7 time(s) for an observed mean of 74.12446229146761

- Field Name: tired prison frustration - This action has been selected 1 time(s) for an observed mean of 43.869111035126494

- Field Name: spotty tacky spellbound - This action has been selected 1 time(s) for an observed mean of 66.57962898975987

---
When selecting an action, include only the name of the action. Do not include the dashes used to indicate the list here.

Please select an action from the list of action options in order to maximize the reward for your task.
When selecting an action, put the exact name of the action between action tags like: <action> action_name </action>.

Your thinking budget is 150 tokens. If you exceed this limit, you will be forced to provide an immediate answer.
Your overall generation limit is 200 tokens.
2026-01-24 18:51:38,507 - src.driver - INFO - GENERATED CONTENT: <action>  diplomatic hail major </action> 
 PARSED ACTION: diplomatic hail major
2026-01-24 18:51:38,523 - src.driver - INFO - You will be assigned a task. 
You will receive the actions you have available, followed by the action history. 
Your goal is to maximize the total reward across all 10 steps. We are on step 0. 

Task Assignment:
---
You are a farmer who owns 3 fields. Each action corresponds to planting your crop in a different field. Each field is associated with a Gaussian distribution with a fixed but unknown mean. At each time step, you will select a field and receive a reward drawn from the associated distribution. Your goal is to maximize your reward across all of your turns.
---

Available Actions:
---

- Field Name: footprint environs nod - This action has been selected 0 time(s) for an observed mean of Unknown

- Field Name: unhealthy unholy anguish - This action has been selected 0 time(s) for an observed mean of Unknown

- Field Name: holy worth antidote - This action has been selected 0 time(s) for an observed mean of Unknown

---
When selecting an action, include only the name of the action. Do not include the dashes used to indicate the list here.

Please select an action from the list of action options in order to maximize the reward for your task.
When selecting an action, put the exact name of the action between action tags like: <action> action_name </action>.

Your thinking budget is 150 tokens. If you exceed this limit, you will be forced to provide an immediate answer.
Your overall generation limit is 200 tokens.
2026-01-24 18:51:53,517 - src.driver - INFO - GENERATED CONTENT: <action>  footprint environs nod </action> 
 PARSED ACTION: footprint environs nod
2026-01-24 18:51:53,518 - src.driver - INFO - You will be assigned a task. 
You will receive the actions you have available, followed by the action history. 
Your goal is to maximize the total reward across all 10 steps. We are on step 1. 

Task Assignment:
---
You are a farmer who owns 3 fields. Each action corresponds to planting your crop in a different field. Each field is associated with a Gaussian distribution with a fixed but unknown mean. At each time step, you will select a field and receive a reward drawn from the associated distribution. Your goal is to maximize your reward across all of your turns.
---

Available Actions:
---

- Field Name: footprint environs nod - This action has been selected 1 time(s) for an observed mean of 39.518607813569865

- Field Name: unhealthy unholy anguish - This action has been selected 0 time(s) for an observed mean of Unknown

- Field Name: holy worth antidote - This action has been selected 0 time(s) for an observed mean of Unknown

---
When selecting an action, include only the name of the action. Do not include the dashes used to indicate the list here.

Please select an action from the list of action options in order to maximize the reward for your task.
When selecting an action, put the exact name of the action between action tags like: <action> action_name </action>.

Your thinking budget is 150 tokens. If you exceed this limit, you will be forced to provide an immediate answer.
Your overall generation limit is 200 tokens.
2026-01-24 18:52:08,684 - src.driver - INFO - GENERATED CONTENT: <action>  holy worth antidote </action> 
 PARSED ACTION: holy worth antidote
2026-01-24 18:52:08,685 - src.driver - INFO - You will be assigned a task. 
You will receive the actions you have available, followed by the action history. 
Your goal is to maximize the total reward across all 10 steps. We are on step 2. 

Task Assignment:
---
You are a farmer who owns 3 fields. Each action corresponds to planting your crop in a different field. Each field is associated with a Gaussian distribution with a fixed but unknown mean. At each time step, you will select a field and receive a reward drawn from the associated distribution. Your goal is to maximize your reward across all of your turns.
---

Available Actions:
---

- Field Name: footprint environs nod - This action has been selected 1 time(s) for an observed mean of 39.518607813569865

- Field Name: unhealthy unholy anguish - This action has been selected 0 time(s) for an observed mean of Unknown

- Field Name: holy worth antidote - This action has been selected 1 time(s) for an observed mean of 60.49174206861494

---
When selecting an action, include only the name of the action. Do not include the dashes used to indicate the list here.

Please select an action from the list of action options in order to maximize the reward for your task.
When selecting an action, put the exact name of the action between action tags like: <action> action_name </action>.

Your thinking budget is 150 tokens. If you exceed this limit, you will be forced to provide an immediate answer.
Your overall generation limit is 200 tokens.
2026-01-24 18:52:23,820 - src.driver - INFO - GENERATED CONTENT: <action>  holy worth antidote </action> 
 PARSED ACTION: holy worth antidote
2026-01-24 18:52:23,820 - src.driver - INFO - You will be assigned a task. 
You will receive the actions you have available, followed by the action history. 
Your goal is to maximize the total reward across all 10 steps. We are on step 3. 

Task Assignment:
---
You are a farmer who owns 3 fields. Each action corresponds to planting your crop in a different field. Each field is associated with a Gaussian distribution with a fixed but unknown mean. At each time step, you will select a field and receive a reward drawn from the associated distribution. Your goal is to maximize your reward across all of your turns.
---

Available Actions:
---

- Field Name: footprint environs nod - This action has been selected 1 time(s) for an observed mean of 39.518607813569865

- Field Name: unhealthy unholy anguish - This action has been selected 0 time(s) for an observed mean of Unknown

- Field Name: holy worth antidote - This action has been selected 2 time(s) for an observed mean of 61.94988301591657

---
When selecting an action, include only the name of the action. Do not include the dashes used to indicate the list here.

Please select an action from the list of action options in order to maximize the reward for your task.
When selecting an action, put the exact name of the action between action tags like: <action> action_name </action>.

Your thinking budget is 150 tokens. If you exceed this limit, you will be forced to provide an immediate answer.
Your overall generation limit is 200 tokens.
2026-01-24 18:52:38,962 - src.driver - INFO - GENERATED CONTENT: <action>  holy worth antidote </action> 
 PARSED ACTION: holy worth antidote
2026-01-24 18:52:38,963 - src.driver - INFO - You will be assigned a task. 
You will receive the actions you have available, followed by the action history. 
Your goal is to maximize the total reward across all 10 steps. We are on step 4. 

Task Assignment:
---
You are a farmer who owns 3 fields. Each action corresponds to planting your crop in a different field. Each field is associated with a Gaussian distribution with a fixed but unknown mean. At each time step, you will select a field and receive a reward drawn from the associated distribution. Your goal is to maximize your reward across all of your turns.
---

Available Actions:
---

- Field Name: footprint environs nod - This action has been selected 1 time(s) for an observed mean of 39.518607813569865

- Field Name: unhealthy unholy anguish - This action has been selected 0 time(s) for an observed mean of Unknown

- Field Name: holy worth antidote - This action has been selected 3 time(s) for an observed mean of 59.98822139208412

---
When selecting an action, include only the name of the action. Do not include the dashes used to indicate the list here.

Please select an action from the list of action options in order to maximize the reward for your task.
When selecting an action, put the exact name of the action between action tags like: <action> action_name </action>.

Your thinking budget is 150 tokens. If you exceed this limit, you will be forced to provide an immediate answer.
Your overall generation limit is 200 tokens.
2026-01-24 18:52:54,192 - src.driver - INFO - GENERATED CONTENT: <action>  holy worth antidote </action> 
 PARSED ACTION: holy worth antidote
2026-01-24 18:52:54,193 - src.driver - INFO - You will be assigned a task. 
You will receive the actions you have available, followed by the action history. 
Your goal is to maximize the total reward across all 10 steps. We are on step 5. 

Task Assignment:
---
You are a farmer who owns 3 fields. Each action corresponds to planting your crop in a different field. Each field is associated with a Gaussian distribution with a fixed but unknown mean. At each time step, you will select a field and receive a reward drawn from the associated distribution. Your goal is to maximize your reward across all of your turns.
---

Available Actions:
---

- Field Name: footprint environs nod - This action has been selected 1 time(s) for an observed mean of 39.518607813569865

- Field Name: unhealthy unholy anguish - This action has been selected 0 time(s) for an observed mean of Unknown

- Field Name: holy worth antidote - This action has been selected 4 time(s) for an observed mean of 66.06425878226922

---
When selecting an action, include only the name of the action. Do not include the dashes used to indicate the list here.

Please select an action from the list of action options in order to maximize the reward for your task.
When selecting an action, put the exact name of the action between action tags like: <action> action_name </action>.

Your thinking budget is 150 tokens. If you exceed this limit, you will be forced to provide an immediate answer.
Your overall generation limit is 200 tokens.
2026-01-24 18:53:09,350 - src.driver - INFO - GENERATED CONTENT: <action>  holy worth antidote </action> 
 PARSED ACTION: holy worth antidote
2026-01-24 18:53:09,350 - src.driver - INFO - You will be assigned a task. 
You will receive the actions you have available, followed by the action history. 
Your goal is to maximize the total reward across all 10 steps. We are on step 6. 

Task Assignment:
---
You are a farmer who owns 3 fields. Each action corresponds to planting your crop in a different field. Each field is associated with a Gaussian distribution with a fixed but unknown mean. At each time step, you will select a field and receive a reward drawn from the associated distribution. Your goal is to maximize your reward across all of your turns.
---

Available Actions:
---

- Field Name: footprint environs nod - This action has been selected 1 time(s) for an observed mean of 39.518607813569865

- Field Name: unhealthy unholy anguish - This action has been selected 0 time(s) for an observed mean of Unknown

- Field Name: holy worth antidote - This action has been selected 5 time(s) for an observed mean of 68.24827375905082

---
When selecting an action, include only the name of the action. Do not include the dashes used to indicate the list here.

Please select an action from the list of action options in order to maximize the reward for your task.
When selecting an action, put the exact name of the action between action tags like: <action> action_name </action>.

Your thinking budget is 150 tokens. If you exceed this limit, you will be forced to provide an immediate answer.
Your overall generation limit is 200 tokens.
2026-01-24 18:53:24,528 - src.driver - INFO - GENERATED CONTENT: <action>  holy worth antidote </action> 
 PARSED ACTION: holy worth antidote
2026-01-24 18:53:24,528 - src.driver - INFO - You will be assigned a task. 
You will receive the actions you have available, followed by the action history. 
Your goal is to maximize the total reward across all 10 steps. We are on step 7. 

Task Assignment:
---
You are a farmer who owns 3 fields. Each action corresponds to planting your crop in a different field. Each field is associated with a Gaussian distribution with a fixed but unknown mean. At each time step, you will select a field and receive a reward drawn from the associated distribution. Your goal is to maximize your reward across all of your turns.
---

Available Actions:
---

- Field Name: footprint environs nod - This action has been selected 1 time(s) for an observed mean of 39.518607813569865

- Field Name: unhealthy unholy anguish - This action has been selected 0 time(s) for an observed mean of Unknown

- Field Name: holy worth antidote - This action has been selected 6 time(s) for an observed mean of 70.89252338862197

---
When selecting an action, include only the name of the action. Do not include the dashes used to indicate the list here.

Please select an action from the list of action options in order to maximize the reward for your task.
When selecting an action, put the exact name of the action between action tags like: <action> action_name </action>.

Your thinking budget is 150 tokens. If you exceed this limit, you will be forced to provide an immediate answer.
Your overall generation limit is 200 tokens.
2026-01-24 18:53:39,646 - src.driver - INFO - GENERATED CONTENT: <action>  holy worth antidote </action> 
 PARSED ACTION: holy worth antidote
2026-01-24 18:53:39,647 - src.driver - INFO - You will be assigned a task. 
You will receive the actions you have available, followed by the action history. 
Your goal is to maximize the total reward across all 10 steps. We are on step 8. 

Task Assignment:
---
You are a farmer who owns 3 fields. Each action corresponds to planting your crop in a different field. Each field is associated with a Gaussian distribution with a fixed but unknown mean. At each time step, you will select a field and receive a reward drawn from the associated distribution. Your goal is to maximize your reward across all of your turns.
---

Available Actions:
---

- Field Name: footprint environs nod - This action has been selected 1 time(s) for an observed mean of 39.518607813569865

- Field Name: unhealthy unholy anguish - This action has been selected 0 time(s) for an observed mean of Unknown

- Field Name: holy worth antidote - This action has been selected 7 time(s) for an observed mean of 74.44442014459344

---
When selecting an action, include only the name of the action. Do not include the dashes used to indicate the list here.

Please select an action from the list of action options in order to maximize the reward for your task.
When selecting an action, put the exact name of the action between action tags like: <action> action_name </action>.

Your thinking budget is 150 tokens. If you exceed this limit, you will be forced to provide an immediate answer.
Your overall generation limit is 200 tokens.
2026-01-24 18:53:54,817 - src.driver - INFO - GENERATED CONTENT: <action>  holy worth antidote </action> 
 PARSED ACTION: holy worth antidote
2026-01-24 18:53:54,817 - src.driver - INFO - You will be assigned a task. 
You will receive the actions you have available, followed by the action history. 
Your goal is to maximize the total reward across all 10 steps. We are on step 9. 

Task Assignment:
---
You are a farmer who owns 3 fields. Each action corresponds to planting your crop in a different field. Each field is associated with a Gaussian distribution with a fixed but unknown mean. At each time step, you will select a field and receive a reward drawn from the associated distribution. Your goal is to maximize your reward across all of your turns.
---

Available Actions:
---

- Field Name: footprint environs nod - This action has been selected 1 time(s) for an observed mean of 39.518607813569865

- Field Name: unhealthy unholy anguish - This action has been selected 0 time(s) for an observed mean of Unknown

- Field Name: holy worth antidote - This action has been selected 8 time(s) for an observed mean of 76.39554737735804

---
When selecting an action, include only the name of the action. Do not include the dashes used to indicate the list here.

Please select an action from the list of action options in order to maximize the reward for your task.
When selecting an action, put the exact name of the action between action tags like: <action> action_name </action>.

Your thinking budget is 150 tokens. If you exceed this limit, you will be forced to provide an immediate answer.
Your overall generation limit is 200 tokens.
2026-01-24 18:54:10,010 - src.driver - INFO - GENERATED CONTENT: <action>  holy worth antidote </action> 
 PARSED ACTION: holy worth antidote
2026-01-24 18:54:10,026 - src.driver - INFO - You will be assigned a task. 
You will receive the actions you have available, followed by the action history. 
Your goal is to maximize the total reward across all 10 steps. We are on step 0. 

Task Assignment:
---
You are a farmer who owns 3 fields. Each action corresponds to planting your crop in a different field. Each field is associated with a Gaussian distribution with a fixed but unknown mean. At each time step, you will select a field and receive a reward drawn from the associated distribution. Your goal is to maximize your reward across all of your turns.
---

Available Actions:
---

- Field Name: gracious endure dashing - This action has been selected 0 time(s) for an observed mean of Unknown

- Field Name: grated poisoning incestuous - This action has been selected 0 time(s) for an observed mean of Unknown

- Field Name: clientele ratification character - This action has been selected 0 time(s) for an observed mean of Unknown

---
When selecting an action, include only the name of the action. Do not include the dashes used to indicate the list here.

Please select an action from the list of action options in order to maximize the reward for your task.
When selecting an action, put the exact name of the action between action tags like: <action> action_name </action>.

Your thinking budget is 150 tokens. If you exceed this limit, you will be forced to provide an immediate answer.
Your overall generation limit is 200 tokens.
2026-01-24 18:54:24,929 - src.driver - INFO - GENERATED CONTENT: <action>  gracious endure dashing </action> 
 PARSED ACTION: gracious endure dashing
2026-01-24 18:54:24,930 - src.driver - INFO - You will be assigned a task. 
You will receive the actions you have available, followed by the action history. 
Your goal is to maximize the total reward across all 10 steps. We are on step 1. 

Task Assignment:
---
You are a farmer who owns 3 fields. Each action corresponds to planting your crop in a different field. Each field is associated with a Gaussian distribution with a fixed but unknown mean. At each time step, you will select a field and receive a reward drawn from the associated distribution. Your goal is to maximize your reward across all of your turns.
---

Available Actions:
---

- Field Name: gracious endure dashing - This action has been selected 1 time(s) for an observed mean of 76.12214753044292

- Field Name: grated poisoning incestuous - This action has been selected 0 time(s) for an observed mean of Unknown

- Field Name: clientele ratification character - This action has been selected 0 time(s) for an observed mean of Unknown

---
When selecting an action, include only the name of the action. Do not include the dashes used to indicate the list here.

Please select an action from the list of action options in order to maximize the reward for your task.
When selecting an action, put the exact name of the action between action tags like: <action> action_name </action>.

Your thinking budget is 150 tokens. If you exceed this limit, you will be forced to provide an immediate answer.
Your overall generation limit is 200 tokens.
2026-01-24 18:54:40,038 - src.driver - INFO - GENERATED CONTENT: <action>  gracious endure dashing </action> 
 PARSED ACTION: gracious endure dashing
2026-01-24 18:54:40,039 - src.driver - INFO - You will be assigned a task. 
You will receive the actions you have available, followed by the action history. 
Your goal is to maximize the total reward across all 10 steps. We are on step 2. 

Task Assignment:
---
You are a farmer who owns 3 fields. Each action corresponds to planting your crop in a different field. Each field is associated with a Gaussian distribution with a fixed but unknown mean. At each time step, you will select a field and receive a reward drawn from the associated distribution. Your goal is to maximize your reward across all of your turns.
---

Available Actions:
---

- Field Name: gracious endure dashing - This action has been selected 2 time(s) for an observed mean of 82.4050292797007

- Field Name: grated poisoning incestuous - This action has been selected 0 time(s) for an observed mean of Unknown

- Field Name: clientele ratification character - This action has been selected 0 time(s) for an observed mean of Unknown

---
When selecting an action, include only the name of the action. Do not include the dashes used to indicate the list here.

Please select an action from the list of action options in order to maximize the reward for your task.
When selecting an action, put the exact name of the action between action tags like: <action> action_name </action>.

Your thinking budget is 150 tokens. If you exceed this limit, you will be forced to provide an immediate answer.
Your overall generation limit is 200 tokens.
2026-01-24 18:54:55,139 - src.driver - INFO - GENERATED CONTENT: <action>  gracious endure dashing </action> 
 PARSED ACTION: gracious endure dashing
2026-01-24 18:54:55,140 - src.driver - INFO - You will be assigned a task. 
You will receive the actions you have available, followed by the action history. 
Your goal is to maximize the total reward across all 10 steps. We are on step 3. 

Task Assignment:
---
You are a farmer who owns 3 fields. Each action corresponds to planting your crop in a different field. Each field is associated with a Gaussian distribution with a fixed but unknown mean. At each time step, you will select a field and receive a reward drawn from the associated distribution. Your goal is to maximize your reward across all of your turns.
---

Available Actions:
---

- Field Name: gracious endure dashing - This action has been selected 3 time(s) for an observed mean of 71.09830303535715

- Field Name: grated poisoning incestuous - This action has been selected 0 time(s) for an observed mean of Unknown

- Field Name: clientele ratification character - This action has been selected 0 time(s) for an observed mean of Unknown

---
When selecting an action, include only the name of the action. Do not include the dashes used to indicate the list here.

Please select an action from the list of action options in order to maximize the reward for your task.
When selecting an action, put the exact name of the action between action tags like: <action> action_name </action>.

Your thinking budget is 150 tokens. If you exceed this limit, you will be forced to provide an immediate answer.
Your overall generation limit is 200 tokens.
2026-01-24 18:55:10,241 - src.driver - INFO - GENERATED CONTENT: <action>  grated poisoning incestuous </action> 
 PARSED ACTION: grated poisoning incestuous
2026-01-24 18:55:10,242 - src.driver - INFO - You will be assigned a task. 
You will receive the actions you have available, followed by the action history. 
Your goal is to maximize the total reward across all 10 steps. We are on step 4. 

Task Assignment:
---
You are a farmer who owns 3 fields. Each action corresponds to planting your crop in a different field. Each field is associated with a Gaussian distribution with a fixed but unknown mean. At each time step, you will select a field and receive a reward drawn from the associated distribution. Your goal is to maximize your reward across all of your turns.
---

Available Actions:
---

- Field Name: gracious endure dashing - This action has been selected 3 time(s) for an observed mean of 71.09830303535715

- Field Name: grated poisoning incestuous - This action has been selected 1 time(s) for an observed mean of 38.80832973273774

- Field Name: clientele ratification character - This action has been selected 0 time(s) for an observed mean of Unknown

---
When selecting an action, include only the name of the action. Do not include the dashes used to indicate the list here.

Please select an action from the list of action options in order to maximize the reward for your task.
When selecting an action, put the exact name of the action between action tags like: <action> action_name </action>.

Your thinking budget is 150 tokens. If you exceed this limit, you will be forced to provide an immediate answer.
Your overall generation limit is 200 tokens.
2026-01-24 18:55:25,392 - src.driver - INFO - GENERATED CONTENT: <action>  clientele ratification character </action> 
 PARSED ACTION: clientele ratification character
2026-01-24 18:55:25,392 - src.driver - INFO - You will be assigned a task. 
You will receive the actions you have available, followed by the action history. 
Your goal is to maximize the total reward across all 10 steps. We are on step 5. 

Task Assignment:
---
You are a farmer who owns 3 fields. Each action corresponds to planting your crop in a different field. Each field is associated with a Gaussian distribution with a fixed but unknown mean. At each time step, you will select a field and receive a reward drawn from the associated distribution. Your goal is to maximize your reward across all of your turns.
---

Available Actions:
---

- Field Name: gracious endure dashing - This action has been selected 3 time(s) for an observed mean of 71.09830303535715

- Field Name: grated poisoning incestuous - This action has been selected 1 time(s) for an observed mean of 38.80832973273774

- Field Name: clientele ratification character - This action has been selected 1 time(s) for an observed mean of 43.06862289597801

---
When selecting an action, include only the name of the action. Do not include the dashes used to indicate the list here.

Please select an action from the list of action options in order to maximize the reward for your task.
When selecting an action, put the exact name of the action between action tags like: <action> action_name </action>.

Your thinking budget is 150 tokens. If you exceed this limit, you will be forced to provide an immediate answer.
Your overall generation limit is 200 tokens.
2026-01-24 18:55:40,600 - src.driver - INFO - GENERATED CONTENT: <action>  gracious endure dashing </action> 
 PARSED ACTION: gracious endure dashing
2026-01-24 18:55:40,601 - src.driver - INFO - You will be assigned a task. 
You will receive the actions you have available, followed by the action history. 
Your goal is to maximize the total reward across all 10 steps. We are on step 6. 

Task Assignment:
---
You are a farmer who owns 3 fields. Each action corresponds to planting your crop in a different field. Each field is associated with a Gaussian distribution with a fixed but unknown mean. At each time step, you will select a field and receive a reward drawn from the associated distribution. Your goal is to maximize your reward across all of your turns.
---

Available Actions:
---

- Field Name: gracious endure dashing - This action has been selected 4 time(s) for an observed mean of 72.75344553897028

- Field Name: grated poisoning incestuous - This action has been selected 1 time(s) for an observed mean of 38.80832973273774

- Field Name: clientele ratification character - This action has been selected 1 time(s) for an observed mean of 43.06862289597801

---
When selecting an action, include only the name of the action. Do not include the dashes used to indicate the list here.

Please select an action from the list of action options in order to maximize the reward for your task.
When selecting an action, put the exact name of the action between action tags like: <action> action_name </action>.

Your thinking budget is 150 tokens. If you exceed this limit, you will be forced to provide an immediate answer.
Your overall generation limit is 200 tokens.
2026-01-24 18:55:55,861 - src.driver - INFO - GENERATED CONTENT: <action> gracious endure dashing</action> 
 PARSED ACTION: gracious endure dashing
2026-01-24 18:55:55,861 - src.driver - INFO - You will be assigned a task. 
You will receive the actions you have available, followed by the action history. 
Your goal is to maximize the total reward across all 10 steps. We are on step 7. 

Task Assignment:
---
You are a farmer who owns 3 fields. Each action corresponds to planting your crop in a different field. Each field is associated with a Gaussian distribution with a fixed but unknown mean. At each time step, you will select a field and receive a reward drawn from the associated distribution. Your goal is to maximize your reward across all of your turns.
---

Available Actions:
---

- Field Name: gracious endure dashing - This action has been selected 5 time(s) for an observed mean of 76.40971846336129

- Field Name: grated poisoning incestuous - This action has been selected 1 time(s) for an observed mean of 38.80832973273774

- Field Name: clientele ratification character - This action has been selected 1 time(s) for an observed mean of 43.06862289597801

---
When selecting an action, include only the name of the action. Do not include the dashes used to indicate the list here.

Please select an action from the list of action options in order to maximize the reward for your task.
When selecting an action, put the exact name of the action between action tags like: <action> action_name </action>.

Your thinking budget is 150 tokens. If you exceed this limit, you will be forced to provide an immediate answer.
Your overall generation limit is 200 tokens.
2026-01-24 18:56:11,073 - src.driver - INFO - GENERATED CONTENT: <action>  gracious endure dashing </action> 
 PARSED ACTION: gracious endure dashing
2026-01-24 18:56:11,074 - src.driver - INFO - You will be assigned a task. 
You will receive the actions you have available, followed by the action history. 
Your goal is to maximize the total reward across all 10 steps. We are on step 8. 

Task Assignment:
---
You are a farmer who owns 3 fields. Each action corresponds to planting your crop in a different field. Each field is associated with a Gaussian distribution with a fixed but unknown mean. At each time step, you will select a field and receive a reward drawn from the associated distribution. Your goal is to maximize your reward across all of your turns.
---

Available Actions:
---

- Field Name: gracious endure dashing - This action has been selected 6 time(s) for an observed mean of 73.47560899634173

- Field Name: grated poisoning incestuous - This action has been selected 1 time(s) for an observed mean of 38.80832973273774

- Field Name: clientele ratification character - This action has been selected 1 time(s) for an observed mean of 43.06862289597801

---
When selecting an action, include only the name of the action. Do not include the dashes used to indicate the list here.

Please select an action from the list of action options in order to maximize the reward for your task.
When selecting an action, put the exact name of the action between action tags like: <action> action_name </action>.

Your thinking budget is 150 tokens. If you exceed this limit, you will be forced to provide an immediate answer.
Your overall generation limit is 200 tokens.
2026-01-24 18:56:26,284 - src.driver - INFO - GENERATED CONTENT: <action>  gracious endure dashing </action> 
 PARSED ACTION: gracious endure dashing
2026-01-24 18:56:26,285 - src.driver - INFO - You will be assigned a task. 
You will receive the actions you have available, followed by the action history. 
Your goal is to maximize the total reward across all 10 steps. We are on step 9. 

Task Assignment:
---
You are a farmer who owns 3 fields. Each action corresponds to planting your crop in a different field. Each field is associated with a Gaussian distribution with a fixed but unknown mean. At each time step, you will select a field and receive a reward drawn from the associated distribution. Your goal is to maximize your reward across all of your turns.
---

Available Actions:
---

- Field Name: gracious endure dashing - This action has been selected 7 time(s) for an observed mean of 75.14102540668668

- Field Name: grated poisoning incestuous - This action has been selected 1 time(s) for an observed mean of 38.80832973273774

- Field Name: clientele ratification character - This action has been selected 1 time(s) for an observed mean of 43.06862289597801

---
When selecting an action, include only the name of the action. Do not include the dashes used to indicate the list here.

Please select an action from the list of action options in order to maximize the reward for your task.
When selecting an action, put the exact name of the action between action tags like: <action> action_name </action>.

Your thinking budget is 150 tokens. If you exceed this limit, you will be forced to provide an immediate answer.
Your overall generation limit is 200 tokens.
2026-01-24 18:56:41,433 - src.driver - INFO - GENERATED CONTENT: <action>  gracious endure dashing </action> 
 PARSED ACTION: gracious endure dashing
2026-01-24 18:56:41,449 - src.driver - INFO - You will be assigned a task. 
You will receive the actions you have available, followed by the action history. 
Your goal is to maximize the total reward across all 10 steps. We are on step 0. 

Task Assignment:
---
You are a farmer who owns 3 fields. Each action corresponds to planting your crop in a different field. Each field is associated with a Gaussian distribution with a fixed but unknown mean. At each time step, you will select a field and receive a reward drawn from the associated distribution. Your goal is to maximize your reward across all of your turns.
---

Available Actions:
---

- Field Name: delirium indifference exaggerated - This action has been selected 0 time(s) for an observed mean of Unknown

- Field Name: clientele ratification character - This action has been selected 0 time(s) for an observed mean of Unknown

- Field Name: smile supremely immortal - This action has been selected 0 time(s) for an observed mean of Unknown

---
When selecting an action, include only the name of the action. Do not include the dashes used to indicate the list here.

Please select an action from the list of action options in order to maximize the reward for your task.
When selecting an action, put the exact name of the action between action tags like: <action> action_name </action>.

Your thinking budget is 150 tokens. If you exceed this limit, you will be forced to provide an immediate answer.
Your overall generation limit is 200 tokens.
2026-01-24 18:56:56,476 - src.driver - INFO - GENERATED CONTENT: <action>  delirium indifference exaggerated </action> 
 PARSED ACTION: delirium indifference exaggerated
2026-01-24 18:56:56,477 - src.driver - INFO - You will be assigned a task. 
You will receive the actions you have available, followed by the action history. 
Your goal is to maximize the total reward across all 10 steps. We are on step 1. 

Task Assignment:
---
You are a farmer who owns 3 fields. Each action corresponds to planting your crop in a different field. Each field is associated with a Gaussian distribution with a fixed but unknown mean. At each time step, you will select a field and receive a reward drawn from the associated distribution. Your goal is to maximize your reward across all of your turns.
---

Available Actions:
---

- Field Name: delirium indifference exaggerated - This action has been selected 1 time(s) for an observed mean of 31.53054362764706

- Field Name: clientele ratification character - This action has been selected 0 time(s) for an observed mean of Unknown

- Field Name: smile supremely immortal - This action has been selected 0 time(s) for an observed mean of Unknown

---
When selecting an action, include only the name of the action. Do not include the dashes used to indicate the list here.

Please select an action from the list of action options in order to maximize the reward for your task.
When selecting an action, put the exact name of the action between action tags like: <action> action_name </action>.

Your thinking budget is 150 tokens. If you exceed this limit, you will be forced to provide an immediate answer.
Your overall generation limit is 200 tokens.
2026-01-24 18:57:11,636 - src.driver - INFO - GENERATED CONTENT: <action> delirium indifference exaggerated</action> 
 PARSED ACTION: delirium indifference exaggerated
2026-01-24 18:57:11,637 - src.driver - INFO - You will be assigned a task. 
You will receive the actions you have available, followed by the action history. 
Your goal is to maximize the total reward across all 10 steps. We are on step 2. 

Task Assignment:
---
You are a farmer who owns 3 fields. Each action corresponds to planting your crop in a different field. Each field is associated with a Gaussian distribution with a fixed but unknown mean. At each time step, you will select a field and receive a reward drawn from the associated distribution. Your goal is to maximize your reward across all of your turns.
---

Available Actions:
---

- Field Name: delirium indifference exaggerated - This action has been selected 2 time(s) for an observed mean of 34.81391283622762

- Field Name: clientele ratification character - This action has been selected 0 time(s) for an observed mean of Unknown

- Field Name: smile supremely immortal - This action has been selected 0 time(s) for an observed mean of Unknown

---
When selecting an action, include only the name of the action. Do not include the dashes used to indicate the list here.

Please select an action from the list of action options in order to maximize the reward for your task.
When selecting an action, put the exact name of the action between action tags like: <action> action_name </action>.

Your thinking budget is 150 tokens. If you exceed this limit, you will be forced to provide an immediate answer.
Your overall generation limit is 200 tokens.
2026-01-24 18:57:26,803 - src.driver - INFO - GENERATED CONTENT: <action>  smile supremely immortal </action> 
 PARSED ACTION: smile supremely immortal
2026-01-24 18:57:26,804 - src.driver - INFO - You will be assigned a task. 
You will receive the actions you have available, followed by the action history. 
Your goal is to maximize the total reward across all 10 steps. We are on step 3. 

Task Assignment:
---
You are a farmer who owns 3 fields. Each action corresponds to planting your crop in a different field. Each field is associated with a Gaussian distribution with a fixed but unknown mean. At each time step, you will select a field and receive a reward drawn from the associated distribution. Your goal is to maximize your reward across all of your turns.
---

Available Actions:
---

- Field Name: delirium indifference exaggerated - This action has been selected 2 time(s) for an observed mean of 34.81391283622762

- Field Name: clientele ratification character - This action has been selected 0 time(s) for an observed mean of Unknown

- Field Name: smile supremely immortal - This action has been selected 1 time(s) for an observed mean of 63.486771275694316

---
When selecting an action, include only the name of the action. Do not include the dashes used to indicate the list here.

Please select an action from the list of action options in order to maximize the reward for your task.
When selecting an action, put the exact name of the action between action tags like: <action> action_name </action>.

Your thinking budget is 150 tokens. If you exceed this limit, you will be forced to provide an immediate answer.
Your overall generation limit is 200 tokens.
2026-01-24 18:57:41,942 - src.driver - INFO - GENERATED CONTENT: <action>  smile supremely immortal </action> 
 PARSED ACTION: smile supremely immortal
2026-01-24 18:57:41,942 - src.driver - INFO - You will be assigned a task. 
You will receive the actions you have available, followed by the action history. 
Your goal is to maximize the total reward across all 10 steps. We are on step 4. 

Task Assignment:
---
You are a farmer who owns 3 fields. Each action corresponds to planting your crop in a different field. Each field is associated with a Gaussian distribution with a fixed but unknown mean. At each time step, you will select a field and receive a reward drawn from the associated distribution. Your goal is to maximize your reward across all of your turns.
---

Available Actions:
---

- Field Name: delirium indifference exaggerated - This action has been selected 2 time(s) for an observed mean of 34.81391283622762

- Field Name: clientele ratification character - This action has been selected 0 time(s) for an observed mean of Unknown

- Field Name: smile supremely immortal - This action has been selected 2 time(s) for an observed mean of 63.27076021751274

---
When selecting an action, include only the name of the action. Do not include the dashes used to indicate the list here.

Please select an action from the list of action options in order to maximize the reward for your task.
When selecting an action, put the exact name of the action between action tags like: <action> action_name </action>.

Your thinking budget is 150 tokens. If you exceed this limit, you will be forced to provide an immediate answer.
Your overall generation limit is 200 tokens.
2026-01-24 18:57:57,127 - src.driver - INFO - GENERATED CONTENT: <action>  clientele ratification character </action> 
 PARSED ACTION: clientele ratification character
2026-01-24 18:57:57,128 - src.driver - INFO - You will be assigned a task. 
You will receive the actions you have available, followed by the action history. 
Your goal is to maximize the total reward across all 10 steps. We are on step 5. 

Task Assignment:
---
You are a farmer who owns 3 fields. Each action corresponds to planting your crop in a different field. Each field is associated with a Gaussian distribution with a fixed but unknown mean. At each time step, you will select a field and receive a reward drawn from the associated distribution. Your goal is to maximize your reward across all of your turns.
---

Available Actions:
---

- Field Name: delirium indifference exaggerated - This action has been selected 2 time(s) for an observed mean of 34.81391283622762

- Field Name: clientele ratification character - This action has been selected 1 time(s) for an observed mean of 34.972682716955234

- Field Name: smile supremely immortal - This action has been selected 2 time(s) for an observed mean of 63.27076021751274

---
When selecting an action, include only the name of the action. Do not include the dashes used to indicate the list here.

Please select an action from the list of action options in order to maximize the reward for your task.
When selecting an action, put the exact name of the action between action tags like: <action> action_name </action>.

Your thinking budget is 150 tokens. If you exceed this limit, you will be forced to provide an immediate answer.
Your overall generation limit is 200 tokens.
2026-01-24 18:58:12,320 - src.driver - INFO - GENERATED CONTENT: <action>  smile supremely immortal </action> 
 PARSED ACTION: smile supremely immortal
2026-01-24 18:58:12,320 - src.driver - INFO - You will be assigned a task. 
You will receive the actions you have available, followed by the action history. 
Your goal is to maximize the total reward across all 10 steps. We are on step 6. 

Task Assignment:
---
You are a farmer who owns 3 fields. Each action corresponds to planting your crop in a different field. Each field is associated with a Gaussian distribution with a fixed but unknown mean. At each time step, you will select a field and receive a reward drawn from the associated distribution. Your goal is to maximize your reward across all of your turns.
---

Available Actions:
---

- Field Name: delirium indifference exaggerated - This action has been selected 2 time(s) for an observed mean of 34.81391283622762

- Field Name: clientele ratification character - This action has been selected 1 time(s) for an observed mean of 34.972682716955234

- Field Name: smile supremely immortal - This action has been selected 3 time(s) for an observed mean of 66.95374882667315

---
When selecting an action, include only the name of the action. Do not include the dashes used to indicate the list here.

Please select an action from the list of action options in order to maximize the reward for your task.
When selecting an action, put the exact name of the action between action tags like: <action> action_name </action>.

Your thinking budget is 150 tokens. If you exceed this limit, you will be forced to provide an immediate answer.
Your overall generation limit is 200 tokens.
2026-01-24 18:58:27,554 - src.driver - INFO - GENERATED CONTENT: <action>  smile supremely immortal </action> 
 PARSED ACTION: smile supremely immortal
2026-01-24 18:58:27,555 - src.driver - INFO - You will be assigned a task. 
You will receive the actions you have available, followed by the action history. 
Your goal is to maximize the total reward across all 10 steps. We are on step 7. 

Task Assignment:
---
You are a farmer who owns 3 fields. Each action corresponds to planting your crop in a different field. Each field is associated with a Gaussian distribution with a fixed but unknown mean. At each time step, you will select a field and receive a reward drawn from the associated distribution. Your goal is to maximize your reward across all of your turns.
---

Available Actions:
---

- Field Name: delirium indifference exaggerated - This action has been selected 2 time(s) for an observed mean of 34.81391283622762

- Field Name: clientele ratification character - This action has been selected 1 time(s) for an observed mean of 34.972682716955234

- Field Name: smile supremely immortal - This action has been selected 4 time(s) for an observed mean of 69.88671991113841

---
When selecting an action, include only the name of the action. Do not include the dashes used to indicate the list here.

Please select an action from the list of action options in order to maximize the reward for your task.
When selecting an action, put the exact name of the action between action tags like: <action> action_name </action>.

Your thinking budget is 150 tokens. If you exceed this limit, you will be forced to provide an immediate answer.
Your overall generation limit is 200 tokens.
2026-01-24 18:58:42,732 - src.driver - INFO - GENERATED CONTENT: <action>  smile supremely immortal </action> 
 PARSED ACTION: smile supremely immortal
2026-01-24 18:58:42,733 - src.driver - INFO - You will be assigned a task. 
You will receive the actions you have available, followed by the action history. 
Your goal is to maximize the total reward across all 10 steps. We are on step 8. 

Task Assignment:
---
You are a farmer who owns 3 fields. Each action corresponds to planting your crop in a different field. Each field is associated with a Gaussian distribution with a fixed but unknown mean. At each time step, you will select a field and receive a reward drawn from the associated distribution. Your goal is to maximize your reward across all of your turns.
---

Available Actions:
---

- Field Name: delirium indifference exaggerated - This action has been selected 2 time(s) for an observed mean of 34.81391283622762

- Field Name: clientele ratification character - This action has been selected 1 time(s) for an observed mean of 34.972682716955234

- Field Name: smile supremely immortal - This action has been selected 5 time(s) for an observed mean of 70.93084235520823

---
When selecting an action, include only the name of the action. Do not include the dashes used to indicate the list here.

Please select an action from the list of action options in order to maximize the reward for your task.
When selecting an action, put the exact name of the action between action tags like: <action> action_name </action>.

Your thinking budget is 150 tokens. If you exceed this limit, you will be forced to provide an immediate answer.
Your overall generation limit is 200 tokens.
2026-01-24 18:58:57,973 - src.driver - INFO - GENERATED CONTENT: <action>  smile supremely immortal </action> 
 PARSED ACTION: smile supremely immortal
2026-01-24 18:58:57,974 - src.driver - INFO - You will be assigned a task. 
You will receive the actions you have available, followed by the action history. 
Your goal is to maximize the total reward across all 10 steps. We are on step 9. 

Task Assignment:
---
You are a farmer who owns 3 fields. Each action corresponds to planting your crop in a different field. Each field is associated with a Gaussian distribution with a fixed but unknown mean. At each time step, you will select a field and receive a reward drawn from the associated distribution. Your goal is to maximize your reward across all of your turns.
---

Available Actions:
---

- Field Name: delirium indifference exaggerated - This action has been selected 2 time(s) for an observed mean of 34.81391283622762

- Field Name: clientele ratification character - This action has been selected 1 time(s) for an observed mean of 34.972682716955234

- Field Name: smile supremely immortal - This action has been selected 6 time(s) for an observed mean of 71.82494042575807

---
When selecting an action, include only the name of the action. Do not include the dashes used to indicate the list here.

Please select an action from the list of action options in order to maximize the reward for your task.
When selecting an action, put the exact name of the action between action tags like: <action> action_name </action>.

Your thinking budget is 150 tokens. If you exceed this limit, you will be forced to provide an immediate answer.
Your overall generation limit is 200 tokens.
2026-01-24 18:59:13,127 - src.driver - INFO - GENERATED CONTENT: <action>  smile supremely immortal </action> 
 PARSED ACTION: smile supremely immortal
2026-01-24 18:59:13,142 - src.driver - INFO - You will be assigned a task. 
You will receive the actions you have available, followed by the action history. 
Your goal is to maximize the total reward across all 10 steps. We are on step 0. 

Task Assignment:
---
You are a farmer who owns 3 fields. Each action corresponds to planting your crop in a different field. Each field is associated with a Gaussian distribution with a fixed but unknown mean. At each time step, you will select a field and receive a reward drawn from the associated distribution. Your goal is to maximize your reward across all of your turns.
---

Available Actions:
---

- Field Name: emancipation dictionary granted - This action has been selected 0 time(s) for an observed mean of Unknown

- Field Name: deserving beeswax intercom - This action has been selected 0 time(s) for an observed mean of Unknown

- Field Name: delirium indifference exaggerated - This action has been selected 0 time(s) for an observed mean of Unknown

---
When selecting an action, include only the name of the action. Do not include the dashes used to indicate the list here.

Please select an action from the list of action options in order to maximize the reward for your task.
When selecting an action, put the exact name of the action between action tags like: <action> action_name </action>.

Your thinking budget is 150 tokens. If you exceed this limit, you will be forced to provide an immediate answer.
Your overall generation limit is 200 tokens.
2026-01-24 18:59:28,050 - src.driver - INFO - GENERATED CONTENT: <action>  emancipation dictionary granted </action> 
 PARSED ACTION: emancipation dictionary granted
2026-01-24 18:59:28,050 - src.driver - INFO - You will be assigned a task. 
You will receive the actions you have available, followed by the action history. 
Your goal is to maximize the total reward across all 10 steps. We are on step 1. 

Task Assignment:
---
You are a farmer who owns 3 fields. Each action corresponds to planting your crop in a different field. Each field is associated with a Gaussian distribution with a fixed but unknown mean. At each time step, you will select a field and receive a reward drawn from the associated distribution. Your goal is to maximize your reward across all of your turns.
---

Available Actions:
---

- Field Name: emancipation dictionary granted - This action has been selected 1 time(s) for an observed mean of 70.20598747667849

- Field Name: deserving beeswax intercom - This action has been selected 0 time(s) for an observed mean of Unknown

- Field Name: delirium indifference exaggerated - This action has been selected 0 time(s) for an observed mean of Unknown

---
When selecting an action, include only the name of the action. Do not include the dashes used to indicate the list here.

Please select an action from the list of action options in order to maximize the reward for your task.
When selecting an action, put the exact name of the action between action tags like: <action> action_name </action>.

Your thinking budget is 150 tokens. If you exceed this limit, you will be forced to provide an immediate answer.
Your overall generation limit is 200 tokens.
2026-01-24 18:59:43,245 - src.driver - INFO - GENERATED CONTENT: <action>  deserving beeswax intercom </action> 
 PARSED ACTION: deserving beeswax intercom
2026-01-24 18:59:43,246 - src.driver - INFO - You will be assigned a task. 
You will receive the actions you have available, followed by the action history. 
Your goal is to maximize the total reward across all 10 steps. We are on step 2. 

Task Assignment:
---
You are a farmer who owns 3 fields. Each action corresponds to planting your crop in a different field. Each field is associated with a Gaussian distribution with a fixed but unknown mean. At each time step, you will select a field and receive a reward drawn from the associated distribution. Your goal is to maximize your reward across all of your turns.
---

Available Actions:
---

- Field Name: emancipation dictionary granted - This action has been selected 1 time(s) for an observed mean of 70.20598747667849

- Field Name: deserving beeswax intercom - This action has been selected 1 time(s) for an observed mean of 55.85992962884825

- Field Name: delirium indifference exaggerated - This action has been selected 0 time(s) for an observed mean of Unknown

---
When selecting an action, include only the name of the action. Do not include the dashes used to indicate the list here.

Please select an action from the list of action options in order to maximize the reward for your task.
When selecting an action, put the exact name of the action between action tags like: <action> action_name </action>.

Your thinking budget is 150 tokens. If you exceed this limit, you will be forced to provide an immediate answer.
Your overall generation limit is 200 tokens.
2026-01-24 18:59:58,504 - src.driver - INFO - GENERATED CONTENT: <action>  delirium indifference exaggerated </action> 
 PARSED ACTION: delirium indifference exaggerated
2026-01-24 18:59:58,505 - src.driver - INFO - You will be assigned a task. 
You will receive the actions you have available, followed by the action history. 
Your goal is to maximize the total reward across all 10 steps. We are on step 3. 

Task Assignment:
---
You are a farmer who owns 3 fields. Each action corresponds to planting your crop in a different field. Each field is associated with a Gaussian distribution with a fixed but unknown mean. At each time step, you will select a field and receive a reward drawn from the associated distribution. Your goal is to maximize your reward across all of your turns.
---

Available Actions:
---

- Field Name: emancipation dictionary granted - This action has been selected 1 time(s) for an observed mean of 70.20598747667849

- Field Name: deserving beeswax intercom - This action has been selected 1 time(s) for an observed mean of 55.85992962884825

- Field Name: delirium indifference exaggerated - This action has been selected 1 time(s) for an observed mean of 37.88751309375458

---
When selecting an action, include only the name of the action. Do not include the dashes used to indicate the list here.

Please select an action from the list of action options in order to maximize the reward for your task.
When selecting an action, put the exact name of the action between action tags like: <action> action_name </action>.

Your thinking budget is 150 tokens. If you exceed this limit, you will be forced to provide an immediate answer.
Your overall generation limit is 200 tokens.
2026-01-24 19:00:13,713 - src.driver - INFO - GENERATED CONTENT: <action>  emancipation dictionary granted </action> 
 PARSED ACTION: emancipation dictionary granted
2026-01-24 19:00:13,714 - src.driver - INFO - You will be assigned a task. 
You will receive the actions you have available, followed by the action history. 
Your goal is to maximize the total reward across all 10 steps. We are on step 4. 

Task Assignment:
---
You are a farmer who owns 3 fields. Each action corresponds to planting your crop in a different field. Each field is associated with a Gaussian distribution with a fixed but unknown mean. At each time step, you will select a field and receive a reward drawn from the associated distribution. Your goal is to maximize your reward across all of your turns.
---

Available Actions:
---

- Field Name: emancipation dictionary granted - This action has been selected 2 time(s) for an observed mean of 76.2727244101091

- Field Name: deserving beeswax intercom - This action has been selected 1 time(s) for an observed mean of 55.85992962884825

- Field Name: delirium indifference exaggerated - This action has been selected 1 time(s) for an observed mean of 37.88751309375458

---
When selecting an action, include only the name of the action. Do not include the dashes used to indicate the list here.

Please select an action from the list of action options in order to maximize the reward for your task.
When selecting an action, put the exact name of the action between action tags like: <action> action_name </action>.

Your thinking budget is 150 tokens. If you exceed this limit, you will be forced to provide an immediate answer.
Your overall generation limit is 200 tokens.
2026-01-24 19:00:28,920 - src.driver - INFO - GENERATED CONTENT: <action>  emancipation dictionary granted </action> 
 PARSED ACTION: emancipation dictionary granted
2026-01-24 19:00:28,920 - src.driver - INFO - You will be assigned a task. 
You will receive the actions you have available, followed by the action history. 
Your goal is to maximize the total reward across all 10 steps. We are on step 5. 

Task Assignment:
---
You are a farmer who owns 3 fields. Each action corresponds to planting your crop in a different field. Each field is associated with a Gaussian distribution with a fixed but unknown mean. At each time step, you will select a field and receive a reward drawn from the associated distribution. Your goal is to maximize your reward across all of your turns.
---

Available Actions:
---

- Field Name: emancipation dictionary granted - This action has been selected 3 time(s) for an observed mean of 73.2907878710592

- Field Name: deserving beeswax intercom - This action has been selected 1 time(s) for an observed mean of 55.85992962884825

- Field Name: delirium indifference exaggerated - This action has been selected 1 time(s) for an observed mean of 37.88751309375458

---
When selecting an action, include only the name of the action. Do not include the dashes used to indicate the list here.

Please select an action from the list of action options in order to maximize the reward for your task.
When selecting an action, put the exact name of the action between action tags like: <action> action_name </action>.

Your thinking budget is 150 tokens. If you exceed this limit, you will be forced to provide an immediate answer.
Your overall generation limit is 200 tokens.
2026-01-24 19:00:44,089 - src.driver - INFO - GENERATED CONTENT: <action>  emancipation dictionary granted </action> 
 PARSED ACTION: emancipation dictionary granted
2026-01-24 19:00:44,090 - src.driver - INFO - You will be assigned a task. 
You will receive the actions you have available, followed by the action history. 
Your goal is to maximize the total reward across all 10 steps. We are on step 6. 

Task Assignment:
---
You are a farmer who owns 3 fields. Each action corresponds to planting your crop in a different field. Each field is associated with a Gaussian distribution with a fixed but unknown mean. At each time step, you will select a field and receive a reward drawn from the associated distribution. Your goal is to maximize your reward across all of your turns.
---

Available Actions:
---

- Field Name: emancipation dictionary granted - This action has been selected 4 time(s) for an observed mean of 69.42435089033903

- Field Name: deserving beeswax intercom - This action has been selected 1 time(s) for an observed mean of 55.85992962884825

- Field Name: delirium indifference exaggerated - This action has been selected 1 time(s) for an observed mean of 37.88751309375458

---
When selecting an action, include only the name of the action. Do not include the dashes used to indicate the list here.

Please select an action from the list of action options in order to maximize the reward for your task.
When selecting an action, put the exact name of the action between action tags like: <action> action_name </action>.

Your thinking budget is 150 tokens. If you exceed this limit, you will be forced to provide an immediate answer.
Your overall generation limit is 200 tokens.
2026-01-24 19:00:59,313 - src.driver - INFO - GENERATED CONTENT: <action>  emancipation dictionary granted </action> 
 PARSED ACTION: emancipation dictionary granted
2026-01-24 19:00:59,314 - src.driver - INFO - You will be assigned a task. 
You will receive the actions you have available, followed by the action history. 
Your goal is to maximize the total reward across all 10 steps. We are on step 7. 

Task Assignment:
---
You are a farmer who owns 3 fields. Each action corresponds to planting your crop in a different field. Each field is associated with a Gaussian distribution with a fixed but unknown mean. At each time step, you will select a field and receive a reward drawn from the associated distribution. Your goal is to maximize your reward across all of your turns.
---

Available Actions:
---

- Field Name: emancipation dictionary granted - This action has been selected 5 time(s) for an observed mean of 69.42360034548085

- Field Name: deserving beeswax intercom - This action has been selected 1 time(s) for an observed mean of 55.85992962884825

- Field Name: delirium indifference exaggerated - This action has been selected 1 time(s) for an observed mean of 37.88751309375458

---
When selecting an action, include only the name of the action. Do not include the dashes used to indicate the list here.

Please select an action from the list of action options in order to maximize the reward for your task.
When selecting an action, put the exact name of the action between action tags like: <action> action_name </action>.

Your thinking budget is 150 tokens. If you exceed this limit, you will be forced to provide an immediate answer.
Your overall generation limit is 200 tokens.
2026-01-24 19:01:14,497 - src.driver - INFO - GENERATED CONTENT: <action>  emancipation dictionary granted </action> 
 PARSED ACTION: emancipation dictionary granted
2026-01-24 19:01:14,497 - src.driver - INFO - You will be assigned a task. 
You will receive the actions you have available, followed by the action history. 
Your goal is to maximize the total reward across all 10 steps. We are on step 8. 

Task Assignment:
---
You are a farmer who owns 3 fields. Each action corresponds to planting your crop in a different field. Each field is associated with a Gaussian distribution with a fixed but unknown mean. At each time step, you will select a field and receive a reward drawn from the associated distribution. Your goal is to maximize your reward across all of your turns.
---

Available Actions:
---

- Field Name: emancipation dictionary granted - This action has been selected 6 time(s) for an observed mean of 66.3307498502917

- Field Name: deserving beeswax intercom - This action has been selected 1 time(s) for an observed mean of 55.85992962884825

- Field Name: delirium indifference exaggerated - This action has been selected 1 time(s) for an observed mean of 37.88751309375458

---
When selecting an action, include only the name of the action. Do not include the dashes used to indicate the list here.

Please select an action from the list of action options in order to maximize the reward for your task.
When selecting an action, put the exact name of the action between action tags like: <action> action_name </action>.

Your thinking budget is 150 tokens. If you exceed this limit, you will be forced to provide an immediate answer.
Your overall generation limit is 200 tokens.
2026-01-24 19:01:29,712 - src.driver - INFO - GENERATED CONTENT: <action>  emancipation dictionary granted </action> 
 PARSED ACTION: emancipation dictionary granted
2026-01-24 19:01:29,713 - src.driver - INFO - You will be assigned a task. 
You will receive the actions you have available, followed by the action history. 
Your goal is to maximize the total reward across all 10 steps. We are on step 9. 

Task Assignment:
---
You are a farmer who owns 3 fields. Each action corresponds to planting your crop in a different field. Each field is associated with a Gaussian distribution with a fixed but unknown mean. At each time step, you will select a field and receive a reward drawn from the associated distribution. Your goal is to maximize your reward across all of your turns.
---

Available Actions:
---

- Field Name: emancipation dictionary granted - This action has been selected 7 time(s) for an observed mean of 67.95021449737605

- Field Name: deserving beeswax intercom - This action has been selected 1 time(s) for an observed mean of 55.85992962884825

- Field Name: delirium indifference exaggerated - This action has been selected 1 time(s) for an observed mean of 37.88751309375458

---
When selecting an action, include only the name of the action. Do not include the dashes used to indicate the list here.

Please select an action from the list of action options in order to maximize the reward for your task.
When selecting an action, put the exact name of the action between action tags like: <action> action_name </action>.

Your thinking budget is 150 tokens. If you exceed this limit, you will be forced to provide an immediate answer.
Your overall generation limit is 200 tokens.
2026-01-24 19:01:44,884 - src.driver - INFO - GENERATED CONTENT: <action>  emancipation dictionary granted </action> 
 PARSED ACTION: emancipation dictionary granted
