2026-01-20 22:35:42,813 - src.driver - INFO - You will be assigned a task. 
You will receive the actions you have available, followed by the action history. 
Your goal is to maximize the total reward across all 10 steps. We are on step 0. 

Task Assignment:
---
You are faced with a 3-armed bandit problem.  Each action corresponds to pulling a specific arm. Each arm is associated with a Gaussian distribution with a fixed but unknown mean. At each time step, you will select a field and receive a reward drawn from the associated distribution. Your goal is to select which arm to pull in order to maximize your reward across all of your turns.
---

Available Actions:
---

- Arm Name: f4tjo5 

- Arm Name: 0xk6bg 

- Arm Name: 8rwvet 

---
When selecting an action, include only the name of the action. Do not include the dashes used to indicate the list here.

History:
---

This is the first turn. There is no history.

---

Please select an action from the list of action options in order to maximize the reward for your task.
When selecting an action, put the exact name of the action between action tags like: <action> action_name </action>.

Your thinking budget is 150 tokens. If you exceed this limit, you will be forced to provide an immediate answer.
Your overall generation limit is 200 tokens.
2026-01-20 22:35:58,360 - src.driver - INFO - GENERATED CONTENT: <action>  f4tjo5 </action> 
 PARSED ACTION: f4tjo5
2026-01-20 22:35:58,360 - src.driver - INFO - You will be assigned a task. 
You will receive the actions you have available, followed by the action history. 
Your goal is to maximize the total reward across all 10 steps. We are on step 1. 

Task Assignment:
---
You are faced with a 3-armed bandit problem.  Each action corresponds to pulling a specific arm. Each arm is associated with a Gaussian distribution with a fixed but unknown mean. At each time step, you will select a field and receive a reward drawn from the associated distribution. Your goal is to select which arm to pull in order to maximize your reward across all of your turns.
---

Available Actions:
---

- Arm Name: f4tjo5 

- Arm Name: 0xk6bg 

- Arm Name: 8rwvet 

---
When selecting an action, include only the name of the action. Do not include the dashes used to indicate the list here.

History:
---


- {'state': {}, 'action_taken': 'f4tjo5', 'reward': 50.0}


---

Please select an action from the list of action options in order to maximize the reward for your task.
When selecting an action, put the exact name of the action between action tags like: <action> action_name </action>.

Your thinking budget is 150 tokens. If you exceed this limit, you will be forced to provide an immediate answer.
Your overall generation limit is 200 tokens.
2026-01-20 22:36:13,519 - src.driver - INFO - GENERATED CONTENT: <action>  0xk6bg </action> 
 PARSED ACTION: 0xk6bg
2026-01-20 22:36:13,520 - src.driver - INFO - You will be assigned a task. 
You will receive the actions you have available, followed by the action history. 
Your goal is to maximize the total reward across all 10 steps. We are on step 2. 

Task Assignment:
---
You are faced with a 3-armed bandit problem.  Each action corresponds to pulling a specific arm. Each arm is associated with a Gaussian distribution with a fixed but unknown mean. At each time step, you will select a field and receive a reward drawn from the associated distribution. Your goal is to select which arm to pull in order to maximize your reward across all of your turns.
---

Available Actions:
---

- Arm Name: f4tjo5 

- Arm Name: 0xk6bg 

- Arm Name: 8rwvet 

---
When selecting an action, include only the name of the action. Do not include the dashes used to indicate the list here.

History:
---


- {'state': {}, 'action_taken': 'f4tjo5', 'reward': 50.0}

- {'state': {}, 'action_taken': '0xk6bg', 'reward': 25.0}


---

Please select an action from the list of action options in order to maximize the reward for your task.
When selecting an action, put the exact name of the action between action tags like: <action> action_name </action>.

Your thinking budget is 150 tokens. If you exceed this limit, you will be forced to provide an immediate answer.
Your overall generation limit is 200 tokens.
2026-01-20 22:36:28,785 - src.driver - INFO - GENERATED CONTENT: <action>  f4tjo5 </action> 
 PARSED ACTION: f4tjo5
2026-01-20 22:36:28,786 - src.driver - INFO - You will be assigned a task. 
You will receive the actions you have available, followed by the action history. 
Your goal is to maximize the total reward across all 10 steps. We are on step 3. 

Task Assignment:
---
You are faced with a 3-armed bandit problem.  Each action corresponds to pulling a specific arm. Each arm is associated with a Gaussian distribution with a fixed but unknown mean. At each time step, you will select a field and receive a reward drawn from the associated distribution. Your goal is to select which arm to pull in order to maximize your reward across all of your turns.
---

Available Actions:
---

- Arm Name: f4tjo5 

- Arm Name: 0xk6bg 

- Arm Name: 8rwvet 

---
When selecting an action, include only the name of the action. Do not include the dashes used to indicate the list here.

History:
---


- {'state': {}, 'action_taken': 'f4tjo5', 'reward': 50.0}

- {'state': {}, 'action_taken': '0xk6bg', 'reward': 25.0}

- {'state': {}, 'action_taken': 'f4tjo5', 'reward': 50.0}


---

Please select an action from the list of action options in order to maximize the reward for your task.
When selecting an action, put the exact name of the action between action tags like: <action> action_name </action>.

Your thinking budget is 150 tokens. If you exceed this limit, you will be forced to provide an immediate answer.
Your overall generation limit is 200 tokens.
2026-01-20 22:36:44,090 - src.driver - INFO - GENERATED CONTENT: <action>  f4tjo5 </action> 
 PARSED ACTION: f4tjo5
2026-01-20 22:36:44,091 - src.driver - INFO - You will be assigned a task. 
You will receive the actions you have available, followed by the action history. 
Your goal is to maximize the total reward across all 10 steps. We are on step 4. 

Task Assignment:
---
You are faced with a 3-armed bandit problem.  Each action corresponds to pulling a specific arm. Each arm is associated with a Gaussian distribution with a fixed but unknown mean. At each time step, you will select a field and receive a reward drawn from the associated distribution. Your goal is to select which arm to pull in order to maximize your reward across all of your turns.
---

Available Actions:
---

- Arm Name: f4tjo5 

- Arm Name: 0xk6bg 

- Arm Name: 8rwvet 

---
When selecting an action, include only the name of the action. Do not include the dashes used to indicate the list here.

History:
---


- {'state': {}, 'action_taken': 'f4tjo5', 'reward': 50.0}

- {'state': {}, 'action_taken': '0xk6bg', 'reward': 25.0}

- {'state': {}, 'action_taken': 'f4tjo5', 'reward': 50.0}

- {'state': {}, 'action_taken': 'f4tjo5', 'reward': 50.0}


---

Please select an action from the list of action options in order to maximize the reward for your task.
When selecting an action, put the exact name of the action between action tags like: <action> action_name </action>.

Your thinking budget is 150 tokens. If you exceed this limit, you will be forced to provide an immediate answer.
Your overall generation limit is 200 tokens.
2026-01-20 22:36:59,687 - src.driver - INFO - GENERATED CONTENT: <action>  f4tjo5 </action> 
 PARSED ACTION: f4tjo5
2026-01-20 22:36:59,688 - src.driver - INFO - You will be assigned a task. 
You will receive the actions you have available, followed by the action history. 
Your goal is to maximize the total reward across all 10 steps. We are on step 5. 

Task Assignment:
---
You are faced with a 3-armed bandit problem.  Each action corresponds to pulling a specific arm. Each arm is associated with a Gaussian distribution with a fixed but unknown mean. At each time step, you will select a field and receive a reward drawn from the associated distribution. Your goal is to select which arm to pull in order to maximize your reward across all of your turns.
---

Available Actions:
---

- Arm Name: f4tjo5 

- Arm Name: 0xk6bg 

- Arm Name: 8rwvet 

---
When selecting an action, include only the name of the action. Do not include the dashes used to indicate the list here.

History:
---


- {'state': {}, 'action_taken': 'f4tjo5', 'reward': 50.0}

- {'state': {}, 'action_taken': '0xk6bg', 'reward': 25.0}

- {'state': {}, 'action_taken': 'f4tjo5', 'reward': 50.0}

- {'state': {}, 'action_taken': 'f4tjo5', 'reward': 50.0}

- {'state': {}, 'action_taken': 'f4tjo5', 'reward': 50.0}


---

Please select an action from the list of action options in order to maximize the reward for your task.
When selecting an action, put the exact name of the action between action tags like: <action> action_name </action>.

Your thinking budget is 150 tokens. If you exceed this limit, you will be forced to provide an immediate answer.
Your overall generation limit is 200 tokens.
2026-01-20 22:37:15,605 - src.driver - INFO - GENERATED CONTENT: <action>  f4tjo5 </action> 
 PARSED ACTION: f4tjo5
2026-01-20 22:37:15,606 - src.driver - INFO - You will be assigned a task. 
You will receive the actions you have available, followed by the action history. 
Your goal is to maximize the total reward across all 10 steps. We are on step 6. 

Task Assignment:
---
You are faced with a 3-armed bandit problem.  Each action corresponds to pulling a specific arm. Each arm is associated with a Gaussian distribution with a fixed but unknown mean. At each time step, you will select a field and receive a reward drawn from the associated distribution. Your goal is to select which arm to pull in order to maximize your reward across all of your turns.
---

Available Actions:
---

- Arm Name: f4tjo5 

- Arm Name: 0xk6bg 

- Arm Name: 8rwvet 

---
When selecting an action, include only the name of the action. Do not include the dashes used to indicate the list here.

History:
---


- {'state': {}, 'action_taken': 'f4tjo5', 'reward': 50.0}

- {'state': {}, 'action_taken': '0xk6bg', 'reward': 25.0}

- {'state': {}, 'action_taken': 'f4tjo5', 'reward': 50.0}

- {'state': {}, 'action_taken': 'f4tjo5', 'reward': 50.0}

- {'state': {}, 'action_taken': 'f4tjo5', 'reward': 50.0}

- {'state': {}, 'action_taken': 'f4tjo5', 'reward': 50.0}


---

Please select an action from the list of action options in order to maximize the reward for your task.
When selecting an action, put the exact name of the action between action tags like: <action> action_name </action>.

Your thinking budget is 150 tokens. If you exceed this limit, you will be forced to provide an immediate answer.
Your overall generation limit is 200 tokens.
2026-01-20 22:37:31,596 - src.driver - INFO - GENERATED CONTENT: <action>  f4tjo5 </action> 
 PARSED ACTION: f4tjo5
2026-01-20 22:37:31,597 - src.driver - INFO - You will be assigned a task. 
You will receive the actions you have available, followed by the action history. 
Your goal is to maximize the total reward across all 10 steps. We are on step 7. 

Task Assignment:
---
You are faced with a 3-armed bandit problem.  Each action corresponds to pulling a specific arm. Each arm is associated with a Gaussian distribution with a fixed but unknown mean. At each time step, you will select a field and receive a reward drawn from the associated distribution. Your goal is to select which arm to pull in order to maximize your reward across all of your turns.
---

Available Actions:
---

- Arm Name: f4tjo5 

- Arm Name: 0xk6bg 

- Arm Name: 8rwvet 

---
When selecting an action, include only the name of the action. Do not include the dashes used to indicate the list here.

History:
---


- {'state': {}, 'action_taken': 'f4tjo5', 'reward': 50.0}

- {'state': {}, 'action_taken': '0xk6bg', 'reward': 25.0}

- {'state': {}, 'action_taken': 'f4tjo5', 'reward': 50.0}

- {'state': {}, 'action_taken': 'f4tjo5', 'reward': 50.0}

- {'state': {}, 'action_taken': 'f4tjo5', 'reward': 50.0}

- {'state': {}, 'action_taken': 'f4tjo5', 'reward': 50.0}

- {'state': {}, 'action_taken': 'f4tjo5', 'reward': 50.0}


---

Please select an action from the list of action options in order to maximize the reward for your task.
When selecting an action, put the exact name of the action between action tags like: <action> action_name </action>.

Your thinking budget is 150 tokens. If you exceed this limit, you will be forced to provide an immediate answer.
Your overall generation limit is 200 tokens.
2026-01-20 22:37:48,006 - src.driver - INFO - GENERATED CONTENT: <action>  f4tjo5 </action> 
 PARSED ACTION: f4tjo5
2026-01-20 22:37:48,007 - src.driver - INFO - You will be assigned a task. 
You will receive the actions you have available, followed by the action history. 
Your goal is to maximize the total reward across all 10 steps. We are on step 8. 

Task Assignment:
---
You are faced with a 3-armed bandit problem.  Each action corresponds to pulling a specific arm. Each arm is associated with a Gaussian distribution with a fixed but unknown mean. At each time step, you will select a field and receive a reward drawn from the associated distribution. Your goal is to select which arm to pull in order to maximize your reward across all of your turns.
---

Available Actions:
---

- Arm Name: f4tjo5 

- Arm Name: 0xk6bg 

- Arm Name: 8rwvet 

---
When selecting an action, include only the name of the action. Do not include the dashes used to indicate the list here.

History:
---


- {'state': {}, 'action_taken': 'f4tjo5', 'reward': 50.0}

- {'state': {}, 'action_taken': '0xk6bg', 'reward': 25.0}

- {'state': {}, 'action_taken': 'f4tjo5', 'reward': 50.0}

- {'state': {}, 'action_taken': 'f4tjo5', 'reward': 50.0}

- {'state': {}, 'action_taken': 'f4tjo5', 'reward': 50.0}

- {'state': {}, 'action_taken': 'f4tjo5', 'reward': 50.0}

- {'state': {}, 'action_taken': 'f4tjo5', 'reward': 50.0}

- {'state': {}, 'action_taken': 'f4tjo5', 'reward': 50.0}


---

Please select an action from the list of action options in order to maximize the reward for your task.
When selecting an action, put the exact name of the action between action tags like: <action> action_name </action>.

Your thinking budget is 150 tokens. If you exceed this limit, you will be forced to provide an immediate answer.
Your overall generation limit is 200 tokens.
2026-01-20 22:38:04,476 - src.driver - INFO - GENERATED CONTENT: <action>  f4tjo5 </action> 
 PARSED ACTION: f4tjo5
2026-01-20 22:38:04,476 - src.driver - INFO - You will be assigned a task. 
You will receive the actions you have available, followed by the action history. 
Your goal is to maximize the total reward across all 10 steps. We are on step 9. 

Task Assignment:
---
You are faced with a 3-armed bandit problem.  Each action corresponds to pulling a specific arm. Each arm is associated with a Gaussian distribution with a fixed but unknown mean. At each time step, you will select a field and receive a reward drawn from the associated distribution. Your goal is to select which arm to pull in order to maximize your reward across all of your turns.
---

Available Actions:
---

- Arm Name: f4tjo5 

- Arm Name: 0xk6bg 

- Arm Name: 8rwvet 

---
When selecting an action, include only the name of the action. Do not include the dashes used to indicate the list here.

History:
---


- {'state': {}, 'action_taken': 'f4tjo5', 'reward': 50.0}

- {'state': {}, 'action_taken': '0xk6bg', 'reward': 25.0}

- {'state': {}, 'action_taken': 'f4tjo5', 'reward': 50.0}

- {'state': {}, 'action_taken': 'f4tjo5', 'reward': 50.0}

- {'state': {}, 'action_taken': 'f4tjo5', 'reward': 50.0}

- {'state': {}, 'action_taken': 'f4tjo5', 'reward': 50.0}

- {'state': {}, 'action_taken': 'f4tjo5', 'reward': 50.0}

- {'state': {}, 'action_taken': 'f4tjo5', 'reward': 50.0}

- {'state': {}, 'action_taken': 'f4tjo5', 'reward': 50.0}


---

Please select an action from the list of action options in order to maximize the reward for your task.
When selecting an action, put the exact name of the action between action tags like: <action> action_name </action>.

Your thinking budget is 150 tokens. If you exceed this limit, you will be forced to provide an immediate answer.
Your overall generation limit is 200 tokens.
2026-01-20 22:38:21,245 - src.driver - INFO - GENERATED CONTENT: <action>  f4tjo5 </action> 
 PARSED ACTION: f4tjo5
2026-01-20 22:38:21,261 - src.driver - INFO - You will be assigned a task. 
You will receive the actions you have available, followed by the action history. 
Your goal is to maximize the total reward across all 10 steps. We are on step 0. 

Task Assignment:
---
You are faced with a 3-armed bandit problem.  Each action corresponds to pulling a specific arm. Each arm is associated with a Gaussian distribution with a fixed but unknown mean. At each time step, you will select a field and receive a reward drawn from the associated distribution. Your goal is to select which arm to pull in order to maximize your reward across all of your turns.
---

Available Actions:
---

- Arm Name: f6ecm6 

- Arm Name: uxy1dw 

- Arm Name: 8rwvet 

---
When selecting an action, include only the name of the action. Do not include the dashes used to indicate the list here.

History:
---

This is the first turn. There is no history.

---

Please select an action from the list of action options in order to maximize the reward for your task.
When selecting an action, put the exact name of the action between action tags like: <action> action_name </action>.

Your thinking budget is 150 tokens. If you exceed this limit, you will be forced to provide an immediate answer.
Your overall generation limit is 200 tokens.
2026-01-20 22:38:36,249 - src.driver - INFO - GENERATED CONTENT: <action>  f6ecm6 </action> 
 PARSED ACTION: f6ecm6
2026-01-20 22:38:36,249 - src.driver - INFO - You will be assigned a task. 
You will receive the actions you have available, followed by the action history. 
Your goal is to maximize the total reward across all 10 steps. We are on step 1. 

Task Assignment:
---
You are faced with a 3-armed bandit problem.  Each action corresponds to pulling a specific arm. Each arm is associated with a Gaussian distribution with a fixed but unknown mean. At each time step, you will select a field and receive a reward drawn from the associated distribution. Your goal is to select which arm to pull in order to maximize your reward across all of your turns.
---

Available Actions:
---

- Arm Name: f6ecm6 

- Arm Name: uxy1dw 

- Arm Name: 8rwvet 

---
When selecting an action, include only the name of the action. Do not include the dashes used to indicate the list here.

History:
---


- {'state': {}, 'action_taken': 'f6ecm6', 'reward': 75.0}


---

Please select an action from the list of action options in order to maximize the reward for your task.
When selecting an action, put the exact name of the action between action tags like: <action> action_name </action>.

Your thinking budget is 150 tokens. If you exceed this limit, you will be forced to provide an immediate answer.
Your overall generation limit is 200 tokens.
2026-01-20 22:38:51,178 - src.driver - INFO - GENERATED CONTENT: <action>  uxy1dw </action> 
 PARSED ACTION: uxy1dw
2026-01-20 22:38:51,179 - src.driver - INFO - You will be assigned a task. 
You will receive the actions you have available, followed by the action history. 
Your goal is to maximize the total reward across all 10 steps. We are on step 2. 

Task Assignment:
---
You are faced with a 3-armed bandit problem.  Each action corresponds to pulling a specific arm. Each arm is associated with a Gaussian distribution with a fixed but unknown mean. At each time step, you will select a field and receive a reward drawn from the associated distribution. Your goal is to select which arm to pull in order to maximize your reward across all of your turns.
---

Available Actions:
---

- Arm Name: f6ecm6 

- Arm Name: uxy1dw 

- Arm Name: 8rwvet 

---
When selecting an action, include only the name of the action. Do not include the dashes used to indicate the list here.

History:
---


- {'state': {}, 'action_taken': 'f6ecm6', 'reward': 75.0}

- {'state': {}, 'action_taken': 'uxy1dw', 'reward': 50.0}


---

Please select an action from the list of action options in order to maximize the reward for your task.
When selecting an action, put the exact name of the action between action tags like: <action> action_name </action>.

Your thinking budget is 150 tokens. If you exceed this limit, you will be forced to provide an immediate answer.
Your overall generation limit is 200 tokens.
2026-01-20 22:39:06,343 - src.driver - INFO - GENERATED CONTENT: <action> 8rwvet</action> 
 PARSED ACTION: 8rwvet
2026-01-20 22:39:06,344 - src.driver - INFO - You will be assigned a task. 
You will receive the actions you have available, followed by the action history. 
Your goal is to maximize the total reward across all 10 steps. We are on step 3. 

Task Assignment:
---
You are faced with a 3-armed bandit problem.  Each action corresponds to pulling a specific arm. Each arm is associated with a Gaussian distribution with a fixed but unknown mean. At each time step, you will select a field and receive a reward drawn from the associated distribution. Your goal is to select which arm to pull in order to maximize your reward across all of your turns.
---

Available Actions:
---

- Arm Name: f6ecm6 

- Arm Name: uxy1dw 

- Arm Name: 8rwvet 

---
When selecting an action, include only the name of the action. Do not include the dashes used to indicate the list here.

History:
---


- {'state': {}, 'action_taken': 'f6ecm6', 'reward': 75.0}

- {'state': {}, 'action_taken': 'uxy1dw', 'reward': 50.0}

- {'state': {}, 'action_taken': '8rwvet', 'reward': 25.0}


---

Please select an action from the list of action options in order to maximize the reward for your task.
When selecting an action, put the exact name of the action between action tags like: <action> action_name </action>.

Your thinking budget is 150 tokens. If you exceed this limit, you will be forced to provide an immediate answer.
Your overall generation limit is 200 tokens.
2026-01-20 22:39:21,727 - src.driver - INFO - GENERATED CONTENT: <action>  f6ecm6 </action> 
 PARSED ACTION: f6ecm6
2026-01-20 22:39:21,727 - src.driver - INFO - You will be assigned a task. 
You will receive the actions you have available, followed by the action history. 
Your goal is to maximize the total reward across all 10 steps. We are on step 4. 

Task Assignment:
---
You are faced with a 3-armed bandit problem.  Each action corresponds to pulling a specific arm. Each arm is associated with a Gaussian distribution with a fixed but unknown mean. At each time step, you will select a field and receive a reward drawn from the associated distribution. Your goal is to select which arm to pull in order to maximize your reward across all of your turns.
---

Available Actions:
---

- Arm Name: f6ecm6 

- Arm Name: uxy1dw 

- Arm Name: 8rwvet 

---
When selecting an action, include only the name of the action. Do not include the dashes used to indicate the list here.

History:
---


- {'state': {}, 'action_taken': 'f6ecm6', 'reward': 75.0}

- {'state': {}, 'action_taken': 'uxy1dw', 'reward': 50.0}

- {'state': {}, 'action_taken': '8rwvet', 'reward': 25.0}

- {'state': {}, 'action_taken': 'f6ecm6', 'reward': 75.0}


---

Please select an action from the list of action options in order to maximize the reward for your task.
When selecting an action, put the exact name of the action between action tags like: <action> action_name </action>.

Your thinking budget is 150 tokens. If you exceed this limit, you will be forced to provide an immediate answer.
Your overall generation limit is 200 tokens.
2026-01-20 22:39:37,368 - src.driver - INFO - GENERATED CONTENT: <action>  f6ecm6 </action> 
 PARSED ACTION: f6ecm6
2026-01-20 22:39:37,369 - src.driver - INFO - You will be assigned a task. 
You will receive the actions you have available, followed by the action history. 
Your goal is to maximize the total reward across all 10 steps. We are on step 5. 

Task Assignment:
---
You are faced with a 3-armed bandit problem.  Each action corresponds to pulling a specific arm. Each arm is associated with a Gaussian distribution with a fixed but unknown mean. At each time step, you will select a field and receive a reward drawn from the associated distribution. Your goal is to select which arm to pull in order to maximize your reward across all of your turns.
---

Available Actions:
---

- Arm Name: f6ecm6 

- Arm Name: uxy1dw 

- Arm Name: 8rwvet 

---
When selecting an action, include only the name of the action. Do not include the dashes used to indicate the list here.

History:
---


- {'state': {}, 'action_taken': 'f6ecm6', 'reward': 75.0}

- {'state': {}, 'action_taken': 'uxy1dw', 'reward': 50.0}

- {'state': {}, 'action_taken': '8rwvet', 'reward': 25.0}

- {'state': {}, 'action_taken': 'f6ecm6', 'reward': 75.0}

- {'state': {}, 'action_taken': 'f6ecm6', 'reward': 75.0}


---

Please select an action from the list of action options in order to maximize the reward for your task.
When selecting an action, put the exact name of the action between action tags like: <action> action_name </action>.

Your thinking budget is 150 tokens. If you exceed this limit, you will be forced to provide an immediate answer.
Your overall generation limit is 200 tokens.
2026-01-20 22:39:53,251 - src.driver - INFO - GENERATED CONTENT: <action>  f6ecm6 </action> 
 PARSED ACTION: f6ecm6
2026-01-20 22:39:53,251 - src.driver - INFO - You will be assigned a task. 
You will receive the actions you have available, followed by the action history. 
Your goal is to maximize the total reward across all 10 steps. We are on step 6. 

Task Assignment:
---
You are faced with a 3-armed bandit problem.  Each action corresponds to pulling a specific arm. Each arm is associated with a Gaussian distribution with a fixed but unknown mean. At each time step, you will select a field and receive a reward drawn from the associated distribution. Your goal is to select which arm to pull in order to maximize your reward across all of your turns.
---

Available Actions:
---

- Arm Name: f6ecm6 

- Arm Name: uxy1dw 

- Arm Name: 8rwvet 

---
When selecting an action, include only the name of the action. Do not include the dashes used to indicate the list here.

History:
---


- {'state': {}, 'action_taken': 'f6ecm6', 'reward': 75.0}

- {'state': {}, 'action_taken': 'uxy1dw', 'reward': 50.0}

- {'state': {}, 'action_taken': '8rwvet', 'reward': 25.0}

- {'state': {}, 'action_taken': 'f6ecm6', 'reward': 75.0}

- {'state': {}, 'action_taken': 'f6ecm6', 'reward': 75.0}

- {'state': {}, 'action_taken': 'f6ecm6', 'reward': 75.0}


---

Please select an action from the list of action options in order to maximize the reward for your task.
When selecting an action, put the exact name of the action between action tags like: <action> action_name </action>.

Your thinking budget is 150 tokens. If you exceed this limit, you will be forced to provide an immediate answer.
Your overall generation limit is 200 tokens.
2026-01-20 22:40:09,170 - src.driver - INFO - GENERATED CONTENT: <action>  f6ecm6 </action> 
 PARSED ACTION: f6ecm6
2026-01-20 22:40:09,170 - src.driver - INFO - You will be assigned a task. 
You will receive the actions you have available, followed by the action history. 
Your goal is to maximize the total reward across all 10 steps. We are on step 7. 

Task Assignment:
---
You are faced with a 3-armed bandit problem.  Each action corresponds to pulling a specific arm. Each arm is associated with a Gaussian distribution with a fixed but unknown mean. At each time step, you will select a field and receive a reward drawn from the associated distribution. Your goal is to select which arm to pull in order to maximize your reward across all of your turns.
---

Available Actions:
---

- Arm Name: f6ecm6 

- Arm Name: uxy1dw 

- Arm Name: 8rwvet 

---
When selecting an action, include only the name of the action. Do not include the dashes used to indicate the list here.

History:
---


- {'state': {}, 'action_taken': 'f6ecm6', 'reward': 75.0}

- {'state': {}, 'action_taken': 'uxy1dw', 'reward': 50.0}

- {'state': {}, 'action_taken': '8rwvet', 'reward': 25.0}

- {'state': {}, 'action_taken': 'f6ecm6', 'reward': 75.0}

- {'state': {}, 'action_taken': 'f6ecm6', 'reward': 75.0}

- {'state': {}, 'action_taken': 'f6ecm6', 'reward': 75.0}

- {'state': {}, 'action_taken': 'f6ecm6', 'reward': 75.0}


---

Please select an action from the list of action options in order to maximize the reward for your task.
When selecting an action, put the exact name of the action between action tags like: <action> action_name </action>.

Your thinking budget is 150 tokens. If you exceed this limit, you will be forced to provide an immediate answer.
Your overall generation limit is 200 tokens.
2026-01-20 22:40:25,637 - src.driver - INFO - GENERATED CONTENT: <action>  f6ecm6 </action> 
 PARSED ACTION: f6ecm6
2026-01-20 22:40:25,637 - src.driver - INFO - You will be assigned a task. 
You will receive the actions you have available, followed by the action history. 
Your goal is to maximize the total reward across all 10 steps. We are on step 8. 

Task Assignment:
---
You are faced with a 3-armed bandit problem.  Each action corresponds to pulling a specific arm. Each arm is associated with a Gaussian distribution with a fixed but unknown mean. At each time step, you will select a field and receive a reward drawn from the associated distribution. Your goal is to select which arm to pull in order to maximize your reward across all of your turns.
---

Available Actions:
---

- Arm Name: f6ecm6 

- Arm Name: uxy1dw 

- Arm Name: 8rwvet 

---
When selecting an action, include only the name of the action. Do not include the dashes used to indicate the list here.

History:
---


- {'state': {}, 'action_taken': 'f6ecm6', 'reward': 75.0}

- {'state': {}, 'action_taken': 'uxy1dw', 'reward': 50.0}

- {'state': {}, 'action_taken': '8rwvet', 'reward': 25.0}

- {'state': {}, 'action_taken': 'f6ecm6', 'reward': 75.0}

- {'state': {}, 'action_taken': 'f6ecm6', 'reward': 75.0}

- {'state': {}, 'action_taken': 'f6ecm6', 'reward': 75.0}

- {'state': {}, 'action_taken': 'f6ecm6', 'reward': 75.0}

- {'state': {}, 'action_taken': 'f6ecm6', 'reward': 75.0}


---

Please select an action from the list of action options in order to maximize the reward for your task.
When selecting an action, put the exact name of the action between action tags like: <action> action_name </action>.

Your thinking budget is 150 tokens. If you exceed this limit, you will be forced to provide an immediate answer.
Your overall generation limit is 200 tokens.
2026-01-20 22:40:42,159 - src.driver - INFO - GENERATED CONTENT: <action>  f6ecm6 </action> 
 PARSED ACTION: f6ecm6
2026-01-20 22:40:42,159 - src.driver - INFO - You will be assigned a task. 
You will receive the actions you have available, followed by the action history. 
Your goal is to maximize the total reward across all 10 steps. We are on step 9. 

Task Assignment:
---
You are faced with a 3-armed bandit problem.  Each action corresponds to pulling a specific arm. Each arm is associated with a Gaussian distribution with a fixed but unknown mean. At each time step, you will select a field and receive a reward drawn from the associated distribution. Your goal is to select which arm to pull in order to maximize your reward across all of your turns.
---

Available Actions:
---

- Arm Name: f6ecm6 

- Arm Name: uxy1dw 

- Arm Name: 8rwvet 

---
When selecting an action, include only the name of the action. Do not include the dashes used to indicate the list here.

History:
---


- {'state': {}, 'action_taken': 'f6ecm6', 'reward': 75.0}

- {'state': {}, 'action_taken': 'uxy1dw', 'reward': 50.0}

- {'state': {}, 'action_taken': '8rwvet', 'reward': 25.0}

- {'state': {}, 'action_taken': 'f6ecm6', 'reward': 75.0}

- {'state': {}, 'action_taken': 'f6ecm6', 'reward': 75.0}

- {'state': {}, 'action_taken': 'f6ecm6', 'reward': 75.0}

- {'state': {}, 'action_taken': 'f6ecm6', 'reward': 75.0}

- {'state': {}, 'action_taken': 'f6ecm6', 'reward': 75.0}

- {'state': {}, 'action_taken': 'f6ecm6', 'reward': 75.0}


---

Please select an action from the list of action options in order to maximize the reward for your task.
When selecting an action, put the exact name of the action between action tags like: <action> action_name </action>.

Your thinking budget is 150 tokens. If you exceed this limit, you will be forced to provide an immediate answer.
Your overall generation limit is 200 tokens.
2026-01-20 22:40:58,932 - src.driver - INFO - GENERATED CONTENT: <action>  f6ecm6 </action> 
 PARSED ACTION: f6ecm6
2026-01-20 22:40:58,949 - src.driver - INFO - You will be assigned a task. 
You will receive the actions you have available, followed by the action history. 
Your goal is to maximize the total reward across all 10 steps. We are on step 0. 

Task Assignment:
---
You are faced with a 3-armed bandit problem.  Each action corresponds to pulling a specific arm. Each arm is associated with a Gaussian distribution with a fixed but unknown mean. At each time step, you will select a field and receive a reward drawn from the associated distribution. Your goal is to select which arm to pull in order to maximize your reward across all of your turns.
---

Available Actions:
---

- Arm Name: 0mcbrh 

- Arm Name: 5bab1n 

- Arm Name: uxy1dw 

---
When selecting an action, include only the name of the action. Do not include the dashes used to indicate the list here.

History:
---

This is the first turn. There is no history.

---

Please select an action from the list of action options in order to maximize the reward for your task.
When selecting an action, put the exact name of the action between action tags like: <action> action_name </action>.

Your thinking budget is 150 tokens. If you exceed this limit, you will be forced to provide an immediate answer.
Your overall generation limit is 200 tokens.
2026-01-20 22:41:13,828 - src.driver - INFO - GENERATED CONTENT: <action>  0mcbrh </action> 
 PARSED ACTION: 0mcbrh
2026-01-20 22:41:13,828 - src.driver - INFO - You will be assigned a task. 
You will receive the actions you have available, followed by the action history. 
Your goal is to maximize the total reward across all 10 steps. We are on step 1. 

Task Assignment:
---
You are faced with a 3-armed bandit problem.  Each action corresponds to pulling a specific arm. Each arm is associated with a Gaussian distribution with a fixed but unknown mean. At each time step, you will select a field and receive a reward drawn from the associated distribution. Your goal is to select which arm to pull in order to maximize your reward across all of your turns.
---

Available Actions:
---

- Arm Name: 0mcbrh 

- Arm Name: 5bab1n 

- Arm Name: uxy1dw 

---
When selecting an action, include only the name of the action. Do not include the dashes used to indicate the list here.

History:
---


- {'state': {}, 'action_taken': '0mcbrh', 'reward': 50.0}


---

Please select an action from the list of action options in order to maximize the reward for your task.
When selecting an action, put the exact name of the action between action tags like: <action> action_name </action>.

Your thinking budget is 150 tokens. If you exceed this limit, you will be forced to provide an immediate answer.
Your overall generation limit is 200 tokens.
2026-01-20 22:41:28,714 - src.driver - INFO - GENERATED CONTENT: <action>  5bab1n </action> 
 PARSED ACTION: 5bab1n
2026-01-20 22:41:28,715 - src.driver - INFO - You will be assigned a task. 
You will receive the actions you have available, followed by the action history. 
Your goal is to maximize the total reward across all 10 steps. We are on step 2. 

Task Assignment:
---
You are faced with a 3-armed bandit problem.  Each action corresponds to pulling a specific arm. Each arm is associated with a Gaussian distribution with a fixed but unknown mean. At each time step, you will select a field and receive a reward drawn from the associated distribution. Your goal is to select which arm to pull in order to maximize your reward across all of your turns.
---

Available Actions:
---

- Arm Name: 0mcbrh 

- Arm Name: 5bab1n 

- Arm Name: uxy1dw 

---
When selecting an action, include only the name of the action. Do not include the dashes used to indicate the list here.

History:
---


- {'state': {}, 'action_taken': '0mcbrh', 'reward': 50.0}

- {'state': {}, 'action_taken': '5bab1n', 'reward': 25.0}


---

Please select an action from the list of action options in order to maximize the reward for your task.
When selecting an action, put the exact name of the action between action tags like: <action> action_name </action>.

Your thinking budget is 150 tokens. If you exceed this limit, you will be forced to provide an immediate answer.
Your overall generation limit is 200 tokens.
2026-01-20 22:41:43,907 - src.driver - INFO - GENERATED CONTENT: <action>  uxy1dw </action> 
 PARSED ACTION: uxy1dw
2026-01-20 22:41:43,907 - src.driver - INFO - You will be assigned a task. 
You will receive the actions you have available, followed by the action history. 
Your goal is to maximize the total reward across all 10 steps. We are on step 3. 

Task Assignment:
---
You are faced with a 3-armed bandit problem.  Each action corresponds to pulling a specific arm. Each arm is associated with a Gaussian distribution with a fixed but unknown mean. At each time step, you will select a field and receive a reward drawn from the associated distribution. Your goal is to select which arm to pull in order to maximize your reward across all of your turns.
---

Available Actions:
---

- Arm Name: 0mcbrh 

- Arm Name: 5bab1n 

- Arm Name: uxy1dw 

---
When selecting an action, include only the name of the action. Do not include the dashes used to indicate the list here.

History:
---


- {'state': {}, 'action_taken': '0mcbrh', 'reward': 50.0}

- {'state': {}, 'action_taken': '5bab1n', 'reward': 25.0}

- {'state': {}, 'action_taken': 'uxy1dw', 'reward': 75.0}


---

Please select an action from the list of action options in order to maximize the reward for your task.
When selecting an action, put the exact name of the action between action tags like: <action> action_name </action>.

Your thinking budget is 150 tokens. If you exceed this limit, you will be forced to provide an immediate answer.
Your overall generation limit is 200 tokens.
2026-01-20 22:41:59,221 - src.driver - INFO - GENERATED CONTENT: <action>  uxy1dw </action> 
 PARSED ACTION: uxy1dw
2026-01-20 22:41:59,221 - src.driver - INFO - You will be assigned a task. 
You will receive the actions you have available, followed by the action history. 
Your goal is to maximize the total reward across all 10 steps. We are on step 4. 

Task Assignment:
---
You are faced with a 3-armed bandit problem.  Each action corresponds to pulling a specific arm. Each arm is associated with a Gaussian distribution with a fixed but unknown mean. At each time step, you will select a field and receive a reward drawn from the associated distribution. Your goal is to select which arm to pull in order to maximize your reward across all of your turns.
---

Available Actions:
---

- Arm Name: 0mcbrh 

- Arm Name: 5bab1n 

- Arm Name: uxy1dw 

---
When selecting an action, include only the name of the action. Do not include the dashes used to indicate the list here.

History:
---


- {'state': {}, 'action_taken': '0mcbrh', 'reward': 50.0}

- {'state': {}, 'action_taken': '5bab1n', 'reward': 25.0}

- {'state': {}, 'action_taken': 'uxy1dw', 'reward': 75.0}

- {'state': {}, 'action_taken': 'uxy1dw', 'reward': 75.0}


---

Please select an action from the list of action options in order to maximize the reward for your task.
When selecting an action, put the exact name of the action between action tags like: <action> action_name </action>.

Your thinking budget is 150 tokens. If you exceed this limit, you will be forced to provide an immediate answer.
Your overall generation limit is 200 tokens.
2026-01-20 22:42:14,711 - src.driver - INFO - GENERATED CONTENT: <action>  uxy1dw </action> 
 PARSED ACTION: uxy1dw
2026-01-20 22:42:14,711 - src.driver - INFO - You will be assigned a task. 
You will receive the actions you have available, followed by the action history. 
Your goal is to maximize the total reward across all 10 steps. We are on step 5. 

Task Assignment:
---
You are faced with a 3-armed bandit problem.  Each action corresponds to pulling a specific arm. Each arm is associated with a Gaussian distribution with a fixed but unknown mean. At each time step, you will select a field and receive a reward drawn from the associated distribution. Your goal is to select which arm to pull in order to maximize your reward across all of your turns.
---

Available Actions:
---

- Arm Name: 0mcbrh 

- Arm Name: 5bab1n 

- Arm Name: uxy1dw 

---
When selecting an action, include only the name of the action. Do not include the dashes used to indicate the list here.

History:
---


- {'state': {}, 'action_taken': '0mcbrh', 'reward': 50.0}

- {'state': {}, 'action_taken': '5bab1n', 'reward': 25.0}

- {'state': {}, 'action_taken': 'uxy1dw', 'reward': 75.0}

- {'state': {}, 'action_taken': 'uxy1dw', 'reward': 75.0}

- {'state': {}, 'action_taken': 'uxy1dw', 'reward': 75.0}


---

Please select an action from the list of action options in order to maximize the reward for your task.
When selecting an action, put the exact name of the action between action tags like: <action> action_name </action>.

Your thinking budget is 150 tokens. If you exceed this limit, you will be forced to provide an immediate answer.
Your overall generation limit is 200 tokens.
2026-01-20 22:42:30,591 - src.driver - INFO - GENERATED CONTENT: <action>  uxy1dw </action> 
 PARSED ACTION: uxy1dw
2026-01-20 22:42:30,592 - src.driver - INFO - You will be assigned a task. 
You will receive the actions you have available, followed by the action history. 
Your goal is to maximize the total reward across all 10 steps. We are on step 6. 

Task Assignment:
---
You are faced with a 3-armed bandit problem.  Each action corresponds to pulling a specific arm. Each arm is associated with a Gaussian distribution with a fixed but unknown mean. At each time step, you will select a field and receive a reward drawn from the associated distribution. Your goal is to select which arm to pull in order to maximize your reward across all of your turns.
---

Available Actions:
---

- Arm Name: 0mcbrh 

- Arm Name: 5bab1n 

- Arm Name: uxy1dw 

---
When selecting an action, include only the name of the action. Do not include the dashes used to indicate the list here.

History:
---


- {'state': {}, 'action_taken': '0mcbrh', 'reward': 50.0}

- {'state': {}, 'action_taken': '5bab1n', 'reward': 25.0}

- {'state': {}, 'action_taken': 'uxy1dw', 'reward': 75.0}

- {'state': {}, 'action_taken': 'uxy1dw', 'reward': 75.0}

- {'state': {}, 'action_taken': 'uxy1dw', 'reward': 75.0}

- {'state': {}, 'action_taken': 'uxy1dw', 'reward': 75.0}


---

Please select an action from the list of action options in order to maximize the reward for your task.
When selecting an action, put the exact name of the action between action tags like: <action> action_name </action>.

Your thinking budget is 150 tokens. If you exceed this limit, you will be forced to provide an immediate answer.
Your overall generation limit is 200 tokens.
2026-01-20 22:42:46,502 - src.driver - INFO - GENERATED CONTENT: <action>  uxy1dw </action> 
 PARSED ACTION: uxy1dw
2026-01-20 22:42:46,502 - src.driver - INFO - You will be assigned a task. 
You will receive the actions you have available, followed by the action history. 
Your goal is to maximize the total reward across all 10 steps. We are on step 7. 

Task Assignment:
---
You are faced with a 3-armed bandit problem.  Each action corresponds to pulling a specific arm. Each arm is associated with a Gaussian distribution with a fixed but unknown mean. At each time step, you will select a field and receive a reward drawn from the associated distribution. Your goal is to select which arm to pull in order to maximize your reward across all of your turns.
---

Available Actions:
---

- Arm Name: 0mcbrh 

- Arm Name: 5bab1n 

- Arm Name: uxy1dw 

---
When selecting an action, include only the name of the action. Do not include the dashes used to indicate the list here.

History:
---


- {'state': {}, 'action_taken': '0mcbrh', 'reward': 50.0}

- {'state': {}, 'action_taken': '5bab1n', 'reward': 25.0}

- {'state': {}, 'action_taken': 'uxy1dw', 'reward': 75.0}

- {'state': {}, 'action_taken': 'uxy1dw', 'reward': 75.0}

- {'state': {}, 'action_taken': 'uxy1dw', 'reward': 75.0}

- {'state': {}, 'action_taken': 'uxy1dw', 'reward': 75.0}

- {'state': {}, 'action_taken': 'uxy1dw', 'reward': 75.0}


---

Please select an action from the list of action options in order to maximize the reward for your task.
When selecting an action, put the exact name of the action between action tags like: <action> action_name </action>.

Your thinking budget is 150 tokens. If you exceed this limit, you will be forced to provide an immediate answer.
Your overall generation limit is 200 tokens.
2026-01-20 22:43:02,660 - src.driver - INFO - GENERATED CONTENT: <action>  uxy1dw </action> 
 PARSED ACTION: uxy1dw
2026-01-20 22:43:02,661 - src.driver - INFO - You will be assigned a task. 
You will receive the actions you have available, followed by the action history. 
Your goal is to maximize the total reward across all 10 steps. We are on step 8. 

Task Assignment:
---
You are faced with a 3-armed bandit problem.  Each action corresponds to pulling a specific arm. Each arm is associated with a Gaussian distribution with a fixed but unknown mean. At each time step, you will select a field and receive a reward drawn from the associated distribution. Your goal is to select which arm to pull in order to maximize your reward across all of your turns.
---

Available Actions:
---

- Arm Name: 0mcbrh 

- Arm Name: 5bab1n 

- Arm Name: uxy1dw 

---
When selecting an action, include only the name of the action. Do not include the dashes used to indicate the list here.

History:
---


- {'state': {}, 'action_taken': '0mcbrh', 'reward': 50.0}

- {'state': {}, 'action_taken': '5bab1n', 'reward': 25.0}

- {'state': {}, 'action_taken': 'uxy1dw', 'reward': 75.0}

- {'state': {}, 'action_taken': 'uxy1dw', 'reward': 75.0}

- {'state': {}, 'action_taken': 'uxy1dw', 'reward': 75.0}

- {'state': {}, 'action_taken': 'uxy1dw', 'reward': 75.0}

- {'state': {}, 'action_taken': 'uxy1dw', 'reward': 75.0}

- {'state': {}, 'action_taken': 'uxy1dw', 'reward': 75.0}


---

Please select an action from the list of action options in order to maximize the reward for your task.
When selecting an action, put the exact name of the action between action tags like: <action> action_name </action>.

Your thinking budget is 150 tokens. If you exceed this limit, you will be forced to provide an immediate answer.
Your overall generation limit is 200 tokens.
2026-01-20 22:43:19,084 - src.driver - INFO - GENERATED CONTENT: <action>  uxy1dw </action> 
 PARSED ACTION: uxy1dw
2026-01-20 22:43:19,085 - src.driver - INFO - You will be assigned a task. 
You will receive the actions you have available, followed by the action history. 
Your goal is to maximize the total reward across all 10 steps. We are on step 9. 

Task Assignment:
---
You are faced with a 3-armed bandit problem.  Each action corresponds to pulling a specific arm. Each arm is associated with a Gaussian distribution with a fixed but unknown mean. At each time step, you will select a field and receive a reward drawn from the associated distribution. Your goal is to select which arm to pull in order to maximize your reward across all of your turns.
---

Available Actions:
---

- Arm Name: 0mcbrh 

- Arm Name: 5bab1n 

- Arm Name: uxy1dw 

---
When selecting an action, include only the name of the action. Do not include the dashes used to indicate the list here.

History:
---


- {'state': {}, 'action_taken': '0mcbrh', 'reward': 50.0}

- {'state': {}, 'action_taken': '5bab1n', 'reward': 25.0}

- {'state': {}, 'action_taken': 'uxy1dw', 'reward': 75.0}

- {'state': {}, 'action_taken': 'uxy1dw', 'reward': 75.0}

- {'state': {}, 'action_taken': 'uxy1dw', 'reward': 75.0}

- {'state': {}, 'action_taken': 'uxy1dw', 'reward': 75.0}

- {'state': {}, 'action_taken': 'uxy1dw', 'reward': 75.0}

- {'state': {}, 'action_taken': 'uxy1dw', 'reward': 75.0}

- {'state': {}, 'action_taken': 'uxy1dw', 'reward': 75.0}


---

Please select an action from the list of action options in order to maximize the reward for your task.
When selecting an action, put the exact name of the action between action tags like: <action> action_name </action>.

Your thinking budget is 150 tokens. If you exceed this limit, you will be forced to provide an immediate answer.
Your overall generation limit is 200 tokens.
2026-01-20 22:43:35,600 - src.driver - INFO - GENERATED CONTENT: <action>  uxy1dw </action> 
 PARSED ACTION: uxy1dw
2026-01-20 22:43:35,616 - src.driver - INFO - You will be assigned a task. 
You will receive the actions you have available, followed by the action history. 
Your goal is to maximize the total reward across all 10 steps. We are on step 0. 

Task Assignment:
---
You are faced with a 3-armed bandit problem.  Each action corresponds to pulling a specific arm. Each arm is associated with a Gaussian distribution with a fixed but unknown mean. At each time step, you will select a field and receive a reward drawn from the associated distribution. Your goal is to select which arm to pull in order to maximize your reward across all of your turns.
---

Available Actions:
---

- Arm Name: 0xk6bg 

- Arm Name: 0mcxx6 

- Arm Name: m3vaje 

---
When selecting an action, include only the name of the action. Do not include the dashes used to indicate the list here.

History:
---

This is the first turn. There is no history.

---

Please select an action from the list of action options in order to maximize the reward for your task.
When selecting an action, put the exact name of the action between action tags like: <action> action_name </action>.

Your thinking budget is 150 tokens. If you exceed this limit, you will be forced to provide an immediate answer.
Your overall generation limit is 200 tokens.
2026-01-20 22:43:50,526 - src.driver - INFO - GENERATED CONTENT: <action>  0xk6bg </action> 
 PARSED ACTION: 0xk6bg
2026-01-20 22:43:50,526 - src.driver - INFO - You will be assigned a task. 
You will receive the actions you have available, followed by the action history. 
Your goal is to maximize the total reward across all 10 steps. We are on step 1. 

Task Assignment:
---
You are faced with a 3-armed bandit problem.  Each action corresponds to pulling a specific arm. Each arm is associated with a Gaussian distribution with a fixed but unknown mean. At each time step, you will select a field and receive a reward drawn from the associated distribution. Your goal is to select which arm to pull in order to maximize your reward across all of your turns.
---

Available Actions:
---

- Arm Name: 0xk6bg 

- Arm Name: 0mcxx6 

- Arm Name: m3vaje 

---
When selecting an action, include only the name of the action. Do not include the dashes used to indicate the list here.

History:
---


- {'state': {}, 'action_taken': '0xk6bg', 'reward': 50.0}


---

Please select an action from the list of action options in order to maximize the reward for your task.
When selecting an action, put the exact name of the action between action tags like: <action> action_name </action>.

Your thinking budget is 150 tokens. If you exceed this limit, you will be forced to provide an immediate answer.
Your overall generation limit is 200 tokens.
2026-01-20 22:44:05,634 - src.driver - INFO - GENERATED CONTENT: <action>  0mcxx6 </action> 
 PARSED ACTION: 0mcxx6
2026-01-20 22:44:05,634 - src.driver - INFO - You will be assigned a task. 
You will receive the actions you have available, followed by the action history. 
Your goal is to maximize the total reward across all 10 steps. We are on step 2. 

Task Assignment:
---
You are faced with a 3-armed bandit problem.  Each action corresponds to pulling a specific arm. Each arm is associated with a Gaussian distribution with a fixed but unknown mean. At each time step, you will select a field and receive a reward drawn from the associated distribution. Your goal is to select which arm to pull in order to maximize your reward across all of your turns.
---

Available Actions:
---

- Arm Name: 0xk6bg 

- Arm Name: 0mcxx6 

- Arm Name: m3vaje 

---
When selecting an action, include only the name of the action. Do not include the dashes used to indicate the list here.

History:
---


- {'state': {}, 'action_taken': '0xk6bg', 'reward': 50.0}

- {'state': {}, 'action_taken': '0mcxx6', 'reward': 75.0}


---

Please select an action from the list of action options in order to maximize the reward for your task.
When selecting an action, put the exact name of the action between action tags like: <action> action_name </action>.

Your thinking budget is 150 tokens. If you exceed this limit, you will be forced to provide an immediate answer.
Your overall generation limit is 200 tokens.
2026-01-20 22:44:20,842 - src.driver - INFO - GENERATED CONTENT: <action>  m3vaje </action> 
 PARSED ACTION: m3vaje
2026-01-20 22:44:20,842 - src.driver - INFO - You will be assigned a task. 
You will receive the actions you have available, followed by the action history. 
Your goal is to maximize the total reward across all 10 steps. We are on step 3. 

Task Assignment:
---
You are faced with a 3-armed bandit problem.  Each action corresponds to pulling a specific arm. Each arm is associated with a Gaussian distribution with a fixed but unknown mean. At each time step, you will select a field and receive a reward drawn from the associated distribution. Your goal is to select which arm to pull in order to maximize your reward across all of your turns.
---

Available Actions:
---

- Arm Name: 0xk6bg 

- Arm Name: 0mcxx6 

- Arm Name: m3vaje 

---
When selecting an action, include only the name of the action. Do not include the dashes used to indicate the list here.

History:
---


- {'state': {}, 'action_taken': '0xk6bg', 'reward': 50.0}

- {'state': {}, 'action_taken': '0mcxx6', 'reward': 75.0}

- {'state': {}, 'action_taken': 'm3vaje', 'reward': 25.0}


---

Please select an action from the list of action options in order to maximize the reward for your task.
When selecting an action, put the exact name of the action between action tags like: <action> action_name </action>.

Your thinking budget is 150 tokens. If you exceed this limit, you will be forced to provide an immediate answer.
Your overall generation limit is 200 tokens.
2026-01-20 22:44:36,135 - src.driver - INFO - GENERATED CONTENT: <action>  0mcxx6 </action> 
 PARSED ACTION: 0mcxx6
2026-01-20 22:44:36,135 - src.driver - INFO - You will be assigned a task. 
You will receive the actions you have available, followed by the action history. 
Your goal is to maximize the total reward across all 10 steps. We are on step 4. 

Task Assignment:
---
You are faced with a 3-armed bandit problem.  Each action corresponds to pulling a specific arm. Each arm is associated with a Gaussian distribution with a fixed but unknown mean. At each time step, you will select a field and receive a reward drawn from the associated distribution. Your goal is to select which arm to pull in order to maximize your reward across all of your turns.
---

Available Actions:
---

- Arm Name: 0xk6bg 

- Arm Name: 0mcxx6 

- Arm Name: m3vaje 

---
When selecting an action, include only the name of the action. Do not include the dashes used to indicate the list here.

History:
---


- {'state': {}, 'action_taken': '0xk6bg', 'reward': 50.0}

- {'state': {}, 'action_taken': '0mcxx6', 'reward': 75.0}

- {'state': {}, 'action_taken': 'm3vaje', 'reward': 25.0}

- {'state': {}, 'action_taken': '0mcxx6', 'reward': 75.0}


---

Please select an action from the list of action options in order to maximize the reward for your task.
When selecting an action, put the exact name of the action between action tags like: <action> action_name </action>.

Your thinking budget is 150 tokens. If you exceed this limit, you will be forced to provide an immediate answer.
Your overall generation limit is 200 tokens.
2026-01-20 22:44:51,724 - src.driver - INFO - GENERATED CONTENT: <action>  0mcxx6 </action> 
 PARSED ACTION: 0mcxx6
2026-01-20 22:44:51,725 - src.driver - INFO - You will be assigned a task. 
You will receive the actions you have available, followed by the action history. 
Your goal is to maximize the total reward across all 10 steps. We are on step 5. 

Task Assignment:
---
You are faced with a 3-armed bandit problem.  Each action corresponds to pulling a specific arm. Each arm is associated with a Gaussian distribution with a fixed but unknown mean. At each time step, you will select a field and receive a reward drawn from the associated distribution. Your goal is to select which arm to pull in order to maximize your reward across all of your turns.
---

Available Actions:
---

- Arm Name: 0xk6bg 

- Arm Name: 0mcxx6 

- Arm Name: m3vaje 

---
When selecting an action, include only the name of the action. Do not include the dashes used to indicate the list here.

History:
---


- {'state': {}, 'action_taken': '0xk6bg', 'reward': 50.0}

- {'state': {}, 'action_taken': '0mcxx6', 'reward': 75.0}

- {'state': {}, 'action_taken': 'm3vaje', 'reward': 25.0}

- {'state': {}, 'action_taken': '0mcxx6', 'reward': 75.0}

- {'state': {}, 'action_taken': '0mcxx6', 'reward': 75.0}


---

Please select an action from the list of action options in order to maximize the reward for your task.
When selecting an action, put the exact name of the action between action tags like: <action> action_name </action>.

Your thinking budget is 150 tokens. If you exceed this limit, you will be forced to provide an immediate answer.
Your overall generation limit is 200 tokens.
2026-01-20 22:45:07,584 - src.driver - INFO - GENERATED CONTENT: <action> 0mcxx6</action> 
 PARSED ACTION: 0mcxx6
2026-01-20 22:45:07,585 - src.driver - INFO - You will be assigned a task. 
You will receive the actions you have available, followed by the action history. 
Your goal is to maximize the total reward across all 10 steps. We are on step 6. 

Task Assignment:
---
You are faced with a 3-armed bandit problem.  Each action corresponds to pulling a specific arm. Each arm is associated with a Gaussian distribution with a fixed but unknown mean. At each time step, you will select a field and receive a reward drawn from the associated distribution. Your goal is to select which arm to pull in order to maximize your reward across all of your turns.
---

Available Actions:
---

- Arm Name: 0xk6bg 

- Arm Name: 0mcxx6 

- Arm Name: m3vaje 

---
When selecting an action, include only the name of the action. Do not include the dashes used to indicate the list here.

History:
---


- {'state': {}, 'action_taken': '0xk6bg', 'reward': 50.0}

- {'state': {}, 'action_taken': '0mcxx6', 'reward': 75.0}

- {'state': {}, 'action_taken': 'm3vaje', 'reward': 25.0}

- {'state': {}, 'action_taken': '0mcxx6', 'reward': 75.0}

- {'state': {}, 'action_taken': '0mcxx6', 'reward': 75.0}

- {'state': {}, 'action_taken': '0mcxx6', 'reward': 75.0}


---

Please select an action from the list of action options in order to maximize the reward for your task.
When selecting an action, put the exact name of the action between action tags like: <action> action_name </action>.

Your thinking budget is 150 tokens. If you exceed this limit, you will be forced to provide an immediate answer.
Your overall generation limit is 200 tokens.
2026-01-20 22:45:23,496 - src.driver - INFO - GENERATED CONTENT: <action> 0mcxx6</action> 
 PARSED ACTION: 0mcxx6
2026-01-20 22:45:23,497 - src.driver - INFO - You will be assigned a task. 
You will receive the actions you have available, followed by the action history. 
Your goal is to maximize the total reward across all 10 steps. We are on step 7. 

Task Assignment:
---
You are faced with a 3-armed bandit problem.  Each action corresponds to pulling a specific arm. Each arm is associated with a Gaussian distribution with a fixed but unknown mean. At each time step, you will select a field and receive a reward drawn from the associated distribution. Your goal is to select which arm to pull in order to maximize your reward across all of your turns.
---

Available Actions:
---

- Arm Name: 0xk6bg 

- Arm Name: 0mcxx6 

- Arm Name: m3vaje 

---
When selecting an action, include only the name of the action. Do not include the dashes used to indicate the list here.

History:
---


- {'state': {}, 'action_taken': '0xk6bg', 'reward': 50.0}

- {'state': {}, 'action_taken': '0mcxx6', 'reward': 75.0}

- {'state': {}, 'action_taken': 'm3vaje', 'reward': 25.0}

- {'state': {}, 'action_taken': '0mcxx6', 'reward': 75.0}

- {'state': {}, 'action_taken': '0mcxx6', 'reward': 75.0}

- {'state': {}, 'action_taken': '0mcxx6', 'reward': 75.0}

- {'state': {}, 'action_taken': '0mcxx6', 'reward': 75.0}


---

Please select an action from the list of action options in order to maximize the reward for your task.
When selecting an action, put the exact name of the action between action tags like: <action> action_name </action>.

Your thinking budget is 150 tokens. If you exceed this limit, you will be forced to provide an immediate answer.
Your overall generation limit is 200 tokens.
2026-01-20 22:45:39,746 - src.driver - INFO - GENERATED CONTENT: <action>  0mcxx6 </action> 
 PARSED ACTION: 0mcxx6
2026-01-20 22:45:39,746 - src.driver - INFO - You will be assigned a task. 
You will receive the actions you have available, followed by the action history. 
Your goal is to maximize the total reward across all 10 steps. We are on step 8. 

Task Assignment:
---
You are faced with a 3-armed bandit problem.  Each action corresponds to pulling a specific arm. Each arm is associated with a Gaussian distribution with a fixed but unknown mean. At each time step, you will select a field and receive a reward drawn from the associated distribution. Your goal is to select which arm to pull in order to maximize your reward across all of your turns.
---

Available Actions:
---

- Arm Name: 0xk6bg 

- Arm Name: 0mcxx6 

- Arm Name: m3vaje 

---
When selecting an action, include only the name of the action. Do not include the dashes used to indicate the list here.

History:
---


- {'state': {}, 'action_taken': '0xk6bg', 'reward': 50.0}

- {'state': {}, 'action_taken': '0mcxx6', 'reward': 75.0}

- {'state': {}, 'action_taken': 'm3vaje', 'reward': 25.0}

- {'state': {}, 'action_taken': '0mcxx6', 'reward': 75.0}

- {'state': {}, 'action_taken': '0mcxx6', 'reward': 75.0}

- {'state': {}, 'action_taken': '0mcxx6', 'reward': 75.0}

- {'state': {}, 'action_taken': '0mcxx6', 'reward': 75.0}

- {'state': {}, 'action_taken': '0mcxx6', 'reward': 75.0}


---

Please select an action from the list of action options in order to maximize the reward for your task.
When selecting an action, put the exact name of the action between action tags like: <action> action_name </action>.

Your thinking budget is 150 tokens. If you exceed this limit, you will be forced to provide an immediate answer.
Your overall generation limit is 200 tokens.
2026-01-20 22:45:56,202 - src.driver - INFO - GENERATED CONTENT: <action> 0mcxx6</action> 
 PARSED ACTION: 0mcxx6
2026-01-20 22:45:56,203 - src.driver - INFO - You will be assigned a task. 
You will receive the actions you have available, followed by the action history. 
Your goal is to maximize the total reward across all 10 steps. We are on step 9. 

Task Assignment:
---
You are faced with a 3-armed bandit problem.  Each action corresponds to pulling a specific arm. Each arm is associated with a Gaussian distribution with a fixed but unknown mean. At each time step, you will select a field and receive a reward drawn from the associated distribution. Your goal is to select which arm to pull in order to maximize your reward across all of your turns.
---

Available Actions:
---

- Arm Name: 0xk6bg 

- Arm Name: 0mcxx6 

- Arm Name: m3vaje 

---
When selecting an action, include only the name of the action. Do not include the dashes used to indicate the list here.

History:
---


- {'state': {}, 'action_taken': '0xk6bg', 'reward': 50.0}

- {'state': {}, 'action_taken': '0mcxx6', 'reward': 75.0}

- {'state': {}, 'action_taken': 'm3vaje', 'reward': 25.0}

- {'state': {}, 'action_taken': '0mcxx6', 'reward': 75.0}

- {'state': {}, 'action_taken': '0mcxx6', 'reward': 75.0}

- {'state': {}, 'action_taken': '0mcxx6', 'reward': 75.0}

- {'state': {}, 'action_taken': '0mcxx6', 'reward': 75.0}

- {'state': {}, 'action_taken': '0mcxx6', 'reward': 75.0}

- {'state': {}, 'action_taken': '0mcxx6', 'reward': 75.0}


---

Please select an action from the list of action options in order to maximize the reward for your task.
When selecting an action, put the exact name of the action between action tags like: <action> action_name </action>.

Your thinking budget is 150 tokens. If you exceed this limit, you will be forced to provide an immediate answer.
Your overall generation limit is 200 tokens.
2026-01-20 22:46:12,943 - src.driver - INFO - GENERATED CONTENT: <action>  0mcxx6 </action> 
 PARSED ACTION: 0mcxx6
2026-01-20 22:46:12,958 - src.driver - INFO - You will be assigned a task. 
You will receive the actions you have available, followed by the action history. 
Your goal is to maximize the total reward across all 10 steps. We are on step 0. 

Task Assignment:
---
You are faced with a 3-armed bandit problem.  Each action corresponds to pulling a specific arm. Each arm is associated with a Gaussian distribution with a fixed but unknown mean. At each time step, you will select a field and receive a reward drawn from the associated distribution. Your goal is to select which arm to pull in order to maximize your reward across all of your turns.
---

Available Actions:
---

- Arm Name: uxy1dw 

- Arm Name: q30pmi 

- Arm Name: 0mcxx6 

---
When selecting an action, include only the name of the action. Do not include the dashes used to indicate the list here.

History:
---

This is the first turn. There is no history.

---

Please select an action from the list of action options in order to maximize the reward for your task.
When selecting an action, put the exact name of the action between action tags like: <action> action_name </action>.

Your thinking budget is 150 tokens. If you exceed this limit, you will be forced to provide an immediate answer.
Your overall generation limit is 200 tokens.
2026-01-20 22:46:27,811 - src.driver - INFO - GENERATED CONTENT: <action>  uxy1dw </action> 
 PARSED ACTION: uxy1dw
2026-01-20 22:46:27,812 - src.driver - INFO - You will be assigned a task. 
You will receive the actions you have available, followed by the action history. 
Your goal is to maximize the total reward across all 10 steps. We are on step 1. 

Task Assignment:
---
You are faced with a 3-armed bandit problem.  Each action corresponds to pulling a specific arm. Each arm is associated with a Gaussian distribution with a fixed but unknown mean. At each time step, you will select a field and receive a reward drawn from the associated distribution. Your goal is to select which arm to pull in order to maximize your reward across all of your turns.
---

Available Actions:
---

- Arm Name: uxy1dw 

- Arm Name: q30pmi 

- Arm Name: 0mcxx6 

---
When selecting an action, include only the name of the action. Do not include the dashes used to indicate the list here.

History:
---


- {'state': {}, 'action_taken': 'uxy1dw', 'reward': 75.0}


---

Please select an action from the list of action options in order to maximize the reward for your task.
When selecting an action, put the exact name of the action between action tags like: <action> action_name </action>.

Your thinking budget is 150 tokens. If you exceed this limit, you will be forced to provide an immediate answer.
Your overall generation limit is 200 tokens.
2026-01-20 22:46:42,631 - src.driver - INFO - GENERATED CONTENT: <action>  q30pmi </action> 
 PARSED ACTION: q30pmi
2026-01-20 22:46:42,632 - src.driver - INFO - You will be assigned a task. 
You will receive the actions you have available, followed by the action history. 
Your goal is to maximize the total reward across all 10 steps. We are on step 2. 

Task Assignment:
---
You are faced with a 3-armed bandit problem.  Each action corresponds to pulling a specific arm. Each arm is associated with a Gaussian distribution with a fixed but unknown mean. At each time step, you will select a field and receive a reward drawn from the associated distribution. Your goal is to select which arm to pull in order to maximize your reward across all of your turns.
---

Available Actions:
---

- Arm Name: uxy1dw 

- Arm Name: q30pmi 

- Arm Name: 0mcxx6 

---
When selecting an action, include only the name of the action. Do not include the dashes used to indicate the list here.

History:
---


- {'state': {}, 'action_taken': 'uxy1dw', 'reward': 75.0}

- {'state': {}, 'action_taken': 'q30pmi', 'reward': 25.0}


---

Please select an action from the list of action options in order to maximize the reward for your task.
When selecting an action, put the exact name of the action between action tags like: <action> action_name </action>.

Your thinking budget is 150 tokens. If you exceed this limit, you will be forced to provide an immediate answer.
Your overall generation limit is 200 tokens.
2026-01-20 22:46:57,896 - src.driver - INFO - GENERATED CONTENT: <action>  0mcxx6 </action> 
 PARSED ACTION: 0mcxx6
2026-01-20 22:46:57,896 - src.driver - INFO - You will be assigned a task. 
You will receive the actions you have available, followed by the action history. 
Your goal is to maximize the total reward across all 10 steps. We are on step 3. 

Task Assignment:
---
You are faced with a 3-armed bandit problem.  Each action corresponds to pulling a specific arm. Each arm is associated with a Gaussian distribution with a fixed but unknown mean. At each time step, you will select a field and receive a reward drawn from the associated distribution. Your goal is to select which arm to pull in order to maximize your reward across all of your turns.
---

Available Actions:
---

- Arm Name: uxy1dw 

- Arm Name: q30pmi 

- Arm Name: 0mcxx6 

---
When selecting an action, include only the name of the action. Do not include the dashes used to indicate the list here.

History:
---


- {'state': {}, 'action_taken': 'uxy1dw', 'reward': 75.0}

- {'state': {}, 'action_taken': 'q30pmi', 'reward': 25.0}

- {'state': {}, 'action_taken': '0mcxx6', 'reward': 50.0}


---

Please select an action from the list of action options in order to maximize the reward for your task.
When selecting an action, put the exact name of the action between action tags like: <action> action_name </action>.

Your thinking budget is 150 tokens. If you exceed this limit, you will be forced to provide an immediate answer.
Your overall generation limit is 200 tokens.
2026-01-20 22:47:13,150 - src.driver - INFO - GENERATED CONTENT: <action>  uxy1dw </action> 
 PARSED ACTION: uxy1dw
2026-01-20 22:47:13,151 - src.driver - INFO - You will be assigned a task. 
You will receive the actions you have available, followed by the action history. 
Your goal is to maximize the total reward across all 10 steps. We are on step 4. 

Task Assignment:
---
You are faced with a 3-armed bandit problem.  Each action corresponds to pulling a specific arm. Each arm is associated with a Gaussian distribution with a fixed but unknown mean. At each time step, you will select a field and receive a reward drawn from the associated distribution. Your goal is to select which arm to pull in order to maximize your reward across all of your turns.
---

Available Actions:
---

- Arm Name: uxy1dw 

- Arm Name: q30pmi 

- Arm Name: 0mcxx6 

---
When selecting an action, include only the name of the action. Do not include the dashes used to indicate the list here.

History:
---


- {'state': {}, 'action_taken': 'uxy1dw', 'reward': 75.0}

- {'state': {}, 'action_taken': 'q30pmi', 'reward': 25.0}

- {'state': {}, 'action_taken': '0mcxx6', 'reward': 50.0}

- {'state': {}, 'action_taken': 'uxy1dw', 'reward': 75.0}


---

Please select an action from the list of action options in order to maximize the reward for your task.
When selecting an action, put the exact name of the action between action tags like: <action> action_name </action>.

Your thinking budget is 150 tokens. If you exceed this limit, you will be forced to provide an immediate answer.
Your overall generation limit is 200 tokens.
2026-01-20 22:47:28,635 - src.driver - INFO - GENERATED CONTENT: <action> uxy1dw</action> 
 PARSED ACTION: uxy1dw
2026-01-20 22:47:28,635 - src.driver - INFO - You will be assigned a task. 
You will receive the actions you have available, followed by the action history. 
Your goal is to maximize the total reward across all 10 steps. We are on step 5. 

Task Assignment:
---
You are faced with a 3-armed bandit problem.  Each action corresponds to pulling a specific arm. Each arm is associated with a Gaussian distribution with a fixed but unknown mean. At each time step, you will select a field and receive a reward drawn from the associated distribution. Your goal is to select which arm to pull in order to maximize your reward across all of your turns.
---

Available Actions:
---

- Arm Name: uxy1dw 

- Arm Name: q30pmi 

- Arm Name: 0mcxx6 

---
When selecting an action, include only the name of the action. Do not include the dashes used to indicate the list here.

History:
---


- {'state': {}, 'action_taken': 'uxy1dw', 'reward': 75.0}

- {'state': {}, 'action_taken': 'q30pmi', 'reward': 25.0}

- {'state': {}, 'action_taken': '0mcxx6', 'reward': 50.0}

- {'state': {}, 'action_taken': 'uxy1dw', 'reward': 75.0}

- {'state': {}, 'action_taken': 'uxy1dw', 'reward': 75.0}


---

Please select an action from the list of action options in order to maximize the reward for your task.
When selecting an action, put the exact name of the action between action tags like: <action> action_name </action>.

Your thinking budget is 150 tokens. If you exceed this limit, you will be forced to provide an immediate answer.
Your overall generation limit is 200 tokens.
2026-01-20 22:47:45,993 - src.driver - INFO - GENERATED CONTENT: <action>  uxy1dw </action> has provided the highest reward consistently (75.0) in the previous steps. Therefore, the optimal action 
 PARSED ACTION: uxy1dw
2026-01-20 22:47:45,994 - src.driver - INFO - You will be assigned a task. 
You will receive the actions you have available, followed by the action history. 
Your goal is to maximize the total reward across all 10 steps. We are on step 6. 

Task Assignment:
---
You are faced with a 3-armed bandit problem.  Each action corresponds to pulling a specific arm. Each arm is associated with a Gaussian distribution with a fixed but unknown mean. At each time step, you will select a field and receive a reward drawn from the associated distribution. Your goal is to select which arm to pull in order to maximize your reward across all of your turns.
---

Available Actions:
---

- Arm Name: uxy1dw 

- Arm Name: q30pmi 

- Arm Name: 0mcxx6 

---
When selecting an action, include only the name of the action. Do not include the dashes used to indicate the list here.

History:
---


- {'state': {}, 'action_taken': 'uxy1dw', 'reward': 75.0}

- {'state': {}, 'action_taken': 'q30pmi', 'reward': 25.0}

- {'state': {}, 'action_taken': '0mcxx6', 'reward': 50.0}

- {'state': {}, 'action_taken': 'uxy1dw', 'reward': 75.0}

- {'state': {}, 'action_taken': 'uxy1dw', 'reward': 75.0}

- {'state': {}, 'action_taken': 'uxy1dw', 'reward': 75.0}


---

Please select an action from the list of action options in order to maximize the reward for your task.
When selecting an action, put the exact name of the action between action tags like: <action> action_name </action>.

Your thinking budget is 150 tokens. If you exceed this limit, you will be forced to provide an immediate answer.
Your overall generation limit is 200 tokens.
2026-01-20 22:48:01,905 - src.driver - INFO - GENERATED CONTENT: <action>  uxy1dw </action> 
 PARSED ACTION: uxy1dw
2026-01-20 22:48:01,906 - src.driver - INFO - You will be assigned a task. 
You will receive the actions you have available, followed by the action history. 
Your goal is to maximize the total reward across all 10 steps. We are on step 7. 

Task Assignment:
---
You are faced with a 3-armed bandit problem.  Each action corresponds to pulling a specific arm. Each arm is associated with a Gaussian distribution with a fixed but unknown mean. At each time step, you will select a field and receive a reward drawn from the associated distribution. Your goal is to select which arm to pull in order to maximize your reward across all of your turns.
---

Available Actions:
---

- Arm Name: uxy1dw 

- Arm Name: q30pmi 

- Arm Name: 0mcxx6 

---
When selecting an action, include only the name of the action. Do not include the dashes used to indicate the list here.

History:
---


- {'state': {}, 'action_taken': 'uxy1dw', 'reward': 75.0}

- {'state': {}, 'action_taken': 'q30pmi', 'reward': 25.0}

- {'state': {}, 'action_taken': '0mcxx6', 'reward': 50.0}

- {'state': {}, 'action_taken': 'uxy1dw', 'reward': 75.0}

- {'state': {}, 'action_taken': 'uxy1dw', 'reward': 75.0}

- {'state': {}, 'action_taken': 'uxy1dw', 'reward': 75.0}

- {'state': {}, 'action_taken': 'uxy1dw', 'reward': 75.0}


---

Please select an action from the list of action options in order to maximize the reward for your task.
When selecting an action, put the exact name of the action between action tags like: <action> action_name </action>.

Your thinking budget is 150 tokens. If you exceed this limit, you will be forced to provide an immediate answer.
Your overall generation limit is 200 tokens.
2026-01-20 22:48:18,053 - src.driver - INFO - GENERATED CONTENT: <action>  uxy1dw </action> 
 PARSED ACTION: uxy1dw
2026-01-20 22:48:18,054 - src.driver - INFO - You will be assigned a task. 
You will receive the actions you have available, followed by the action history. 
Your goal is to maximize the total reward across all 10 steps. We are on step 8. 

Task Assignment:
---
You are faced with a 3-armed bandit problem.  Each action corresponds to pulling a specific arm. Each arm is associated with a Gaussian distribution with a fixed but unknown mean. At each time step, you will select a field and receive a reward drawn from the associated distribution. Your goal is to select which arm to pull in order to maximize your reward across all of your turns.
---

Available Actions:
---

- Arm Name: uxy1dw 

- Arm Name: q30pmi 

- Arm Name: 0mcxx6 

---
When selecting an action, include only the name of the action. Do not include the dashes used to indicate the list here.

History:
---


- {'state': {}, 'action_taken': 'uxy1dw', 'reward': 75.0}

- {'state': {}, 'action_taken': 'q30pmi', 'reward': 25.0}

- {'state': {}, 'action_taken': '0mcxx6', 'reward': 50.0}

- {'state': {}, 'action_taken': 'uxy1dw', 'reward': 75.0}

- {'state': {}, 'action_taken': 'uxy1dw', 'reward': 75.0}

- {'state': {}, 'action_taken': 'uxy1dw', 'reward': 75.0}

- {'state': {}, 'action_taken': 'uxy1dw', 'reward': 75.0}

- {'state': {}, 'action_taken': 'uxy1dw', 'reward': 75.0}


---

Please select an action from the list of action options in order to maximize the reward for your task.
When selecting an action, put the exact name of the action between action tags like: <action> action_name </action>.

Your thinking budget is 150 tokens. If you exceed this limit, you will be forced to provide an immediate answer.
Your overall generation limit is 200 tokens.
2026-01-20 22:48:36,073 - src.driver - INFO - GENERATED CONTENT: <action>  uxy1dw </action> has consistently provided the highest reward of 75.0 in all previous attempts since step 1, 
 PARSED ACTION: uxy1dw
2026-01-20 22:48:36,073 - src.driver - INFO - You will be assigned a task. 
You will receive the actions you have available, followed by the action history. 
Your goal is to maximize the total reward across all 10 steps. We are on step 9. 

Task Assignment:
---
You are faced with a 3-armed bandit problem.  Each action corresponds to pulling a specific arm. Each arm is associated with a Gaussian distribution with a fixed but unknown mean. At each time step, you will select a field and receive a reward drawn from the associated distribution. Your goal is to select which arm to pull in order to maximize your reward across all of your turns.
---

Available Actions:
---

- Arm Name: uxy1dw 

- Arm Name: q30pmi 

- Arm Name: 0mcxx6 

---
When selecting an action, include only the name of the action. Do not include the dashes used to indicate the list here.

History:
---


- {'state': {}, 'action_taken': 'uxy1dw', 'reward': 75.0}

- {'state': {}, 'action_taken': 'q30pmi', 'reward': 25.0}

- {'state': {}, 'action_taken': '0mcxx6', 'reward': 50.0}

- {'state': {}, 'action_taken': 'uxy1dw', 'reward': 75.0}

- {'state': {}, 'action_taken': 'uxy1dw', 'reward': 75.0}

- {'state': {}, 'action_taken': 'uxy1dw', 'reward': 75.0}

- {'state': {}, 'action_taken': 'uxy1dw', 'reward': 75.0}

- {'state': {}, 'action_taken': 'uxy1dw', 'reward': 75.0}

- {'state': {}, 'action_taken': 'uxy1dw', 'reward': 75.0}


---

Please select an action from the list of action options in order to maximize the reward for your task.
When selecting an action, put the exact name of the action between action tags like: <action> action_name </action>.

Your thinking budget is 150 tokens. If you exceed this limit, you will be forced to provide an immediate answer.
Your overall generation limit is 200 tokens.
2026-01-20 22:48:52,591 - src.driver - INFO - GENERATED CONTENT: <action>  uxy1dw </action> 
 PARSED ACTION: uxy1dw
2026-01-20 22:48:52,607 - src.driver - INFO - You will be assigned a task. 
You will receive the actions you have available, followed by the action history. 
Your goal is to maximize the total reward across all 10 steps. We are on step 0. 

Task Assignment:
---
You are faced with a 3-armed bandit problem.  Each action corresponds to pulling a specific arm. Each arm is associated with a Gaussian distribution with a fixed but unknown mean. At each time step, you will select a field and receive a reward drawn from the associated distribution. Your goal is to select which arm to pull in order to maximize your reward across all of your turns.
---

Available Actions:
---

- Arm Name: q190gc 

- Arm Name: t1ibre 

- Arm Name: khh30x 

---
When selecting an action, include only the name of the action. Do not include the dashes used to indicate the list here.

History:
---

This is the first turn. There is no history.

---

Please select an action from the list of action options in order to maximize the reward for your task.
When selecting an action, put the exact name of the action between action tags like: <action> action_name </action>.

Your thinking budget is 150 tokens. If you exceed this limit, you will be forced to provide an immediate answer.
Your overall generation limit is 200 tokens.
2026-01-20 22:49:07,518 - src.driver - INFO - GENERATED CONTENT: <action>  q190gc </action> 
 PARSED ACTION: q190gc
2026-01-20 22:49:07,519 - src.driver - INFO - You will be assigned a task. 
You will receive the actions you have available, followed by the action history. 
Your goal is to maximize the total reward across all 10 steps. We are on step 1. 

Task Assignment:
---
You are faced with a 3-armed bandit problem.  Each action corresponds to pulling a specific arm. Each arm is associated with a Gaussian distribution with a fixed but unknown mean. At each time step, you will select a field and receive a reward drawn from the associated distribution. Your goal is to select which arm to pull in order to maximize your reward across all of your turns.
---

Available Actions:
---

- Arm Name: q190gc 

- Arm Name: t1ibre 

- Arm Name: khh30x 

---
When selecting an action, include only the name of the action. Do not include the dashes used to indicate the list here.

History:
---


- {'state': {}, 'action_taken': 'q190gc', 'reward': 75.0}


---

Please select an action from the list of action options in order to maximize the reward for your task.
When selecting an action, put the exact name of the action between action tags like: <action> action_name </action>.

Your thinking budget is 150 tokens. If you exceed this limit, you will be forced to provide an immediate answer.
Your overall generation limit is 200 tokens.
2026-01-20 22:49:22,240 - src.driver - INFO - GENERATED CONTENT: <action>  t1ibre </action> 
 PARSED ACTION: t1ibre
2026-01-20 22:49:22,241 - src.driver - INFO - You will be assigned a task. 
You will receive the actions you have available, followed by the action history. 
Your goal is to maximize the total reward across all 10 steps. We are on step 2. 

Task Assignment:
---
You are faced with a 3-armed bandit problem.  Each action corresponds to pulling a specific arm. Each arm is associated with a Gaussian distribution with a fixed but unknown mean. At each time step, you will select a field and receive a reward drawn from the associated distribution. Your goal is to select which arm to pull in order to maximize your reward across all of your turns.
---

Available Actions:
---

- Arm Name: q190gc 

- Arm Name: t1ibre 

- Arm Name: khh30x 

---
When selecting an action, include only the name of the action. Do not include the dashes used to indicate the list here.

History:
---


- {'state': {}, 'action_taken': 'q190gc', 'reward': 75.0}

- {'state': {}, 'action_taken': 't1ibre', 'reward': 25.0}


---

Please select an action from the list of action options in order to maximize the reward for your task.
When selecting an action, put the exact name of the action between action tags like: <action> action_name </action>.

Your thinking budget is 150 tokens. If you exceed this limit, you will be forced to provide an immediate answer.
Your overall generation limit is 200 tokens.
2026-01-20 22:49:37,449 - src.driver - INFO - GENERATED CONTENT: <action>  khh30x </action> 
 PARSED ACTION: khh30x
2026-01-20 22:49:37,450 - src.driver - INFO - You will be assigned a task. 
You will receive the actions you have available, followed by the action history. 
Your goal is to maximize the total reward across all 10 steps. We are on step 3. 

Task Assignment:
---
You are faced with a 3-armed bandit problem.  Each action corresponds to pulling a specific arm. Each arm is associated with a Gaussian distribution with a fixed but unknown mean. At each time step, you will select a field and receive a reward drawn from the associated distribution. Your goal is to select which arm to pull in order to maximize your reward across all of your turns.
---

Available Actions:
---

- Arm Name: q190gc 

- Arm Name: t1ibre 

- Arm Name: khh30x 

---
When selecting an action, include only the name of the action. Do not include the dashes used to indicate the list here.

History:
---


- {'state': {}, 'action_taken': 'q190gc', 'reward': 75.0}

- {'state': {}, 'action_taken': 't1ibre', 'reward': 25.0}

- {'state': {}, 'action_taken': 'khh30x', 'reward': 50.0}


---

Please select an action from the list of action options in order to maximize the reward for your task.
When selecting an action, put the exact name of the action between action tags like: <action> action_name </action>.

Your thinking budget is 150 tokens. If you exceed this limit, you will be forced to provide an immediate answer.
Your overall generation limit is 200 tokens.
2026-01-20 22:49:52,813 - src.driver - INFO - GENERATED CONTENT: <action>  q190gc </action> 
 PARSED ACTION: q190gc
2026-01-20 22:49:52,814 - src.driver - INFO - You will be assigned a task. 
You will receive the actions you have available, followed by the action history. 
Your goal is to maximize the total reward across all 10 steps. We are on step 4. 

Task Assignment:
---
You are faced with a 3-armed bandit problem.  Each action corresponds to pulling a specific arm. Each arm is associated with a Gaussian distribution with a fixed but unknown mean. At each time step, you will select a field and receive a reward drawn from the associated distribution. Your goal is to select which arm to pull in order to maximize your reward across all of your turns.
---

Available Actions:
---

- Arm Name: q190gc 

- Arm Name: t1ibre 

- Arm Name: khh30x 

---
When selecting an action, include only the name of the action. Do not include the dashes used to indicate the list here.

History:
---


- {'state': {}, 'action_taken': 'q190gc', 'reward': 75.0}

- {'state': {}, 'action_taken': 't1ibre', 'reward': 25.0}

- {'state': {}, 'action_taken': 'khh30x', 'reward': 50.0}

- {'state': {}, 'action_taken': 'q190gc', 'reward': 75.0}


---

Please select an action from the list of action options in order to maximize the reward for your task.
When selecting an action, put the exact name of the action between action tags like: <action> action_name </action>.

Your thinking budget is 150 tokens. If you exceed this limit, you will be forced to provide an immediate answer.
Your overall generation limit is 200 tokens.
2026-01-20 22:50:08,436 - src.driver - INFO - GENERATED CONTENT: <action>  q190gc </action> 
 PARSED ACTION: q190gc
2026-01-20 22:50:08,436 - src.driver - INFO - You will be assigned a task. 
You will receive the actions you have available, followed by the action history. 
Your goal is to maximize the total reward across all 10 steps. We are on step 5. 

Task Assignment:
---
You are faced with a 3-armed bandit problem.  Each action corresponds to pulling a specific arm. Each arm is associated with a Gaussian distribution with a fixed but unknown mean. At each time step, you will select a field and receive a reward drawn from the associated distribution. Your goal is to select which arm to pull in order to maximize your reward across all of your turns.
---

Available Actions:
---

- Arm Name: q190gc 

- Arm Name: t1ibre 

- Arm Name: khh30x 

---
When selecting an action, include only the name of the action. Do not include the dashes used to indicate the list here.

History:
---


- {'state': {}, 'action_taken': 'q190gc', 'reward': 75.0}

- {'state': {}, 'action_taken': 't1ibre', 'reward': 25.0}

- {'state': {}, 'action_taken': 'khh30x', 'reward': 50.0}

- {'state': {}, 'action_taken': 'q190gc', 'reward': 75.0}

- {'state': {}, 'action_taken': 'q190gc', 'reward': 75.0}


---

Please select an action from the list of action options in order to maximize the reward for your task.
When selecting an action, put the exact name of the action between action tags like: <action> action_name </action>.

Your thinking budget is 150 tokens. If you exceed this limit, you will be forced to provide an immediate answer.
Your overall generation limit is 200 tokens.
2026-01-20 22:50:24,377 - src.driver - INFO - GENERATED CONTENT: <action>  q190gc </action> 
 PARSED ACTION: q190gc
2026-01-20 22:50:24,378 - src.driver - INFO - You will be assigned a task. 
You will receive the actions you have available, followed by the action history. 
Your goal is to maximize the total reward across all 10 steps. We are on step 6. 

Task Assignment:
---
You are faced with a 3-armed bandit problem.  Each action corresponds to pulling a specific arm. Each arm is associated with a Gaussian distribution with a fixed but unknown mean. At each time step, you will select a field and receive a reward drawn from the associated distribution. Your goal is to select which arm to pull in order to maximize your reward across all of your turns.
---

Available Actions:
---

- Arm Name: q190gc 

- Arm Name: t1ibre 

- Arm Name: khh30x 

---
When selecting an action, include only the name of the action. Do not include the dashes used to indicate the list here.

History:
---


- {'state': {}, 'action_taken': 'q190gc', 'reward': 75.0}

- {'state': {}, 'action_taken': 't1ibre', 'reward': 25.0}

- {'state': {}, 'action_taken': 'khh30x', 'reward': 50.0}

- {'state': {}, 'action_taken': 'q190gc', 'reward': 75.0}

- {'state': {}, 'action_taken': 'q190gc', 'reward': 75.0}

- {'state': {}, 'action_taken': 'q190gc', 'reward': 75.0}


---

Please select an action from the list of action options in order to maximize the reward for your task.
When selecting an action, put the exact name of the action between action tags like: <action> action_name </action>.

Your thinking budget is 150 tokens. If you exceed this limit, you will be forced to provide an immediate answer.
Your overall generation limit is 200 tokens.
2026-01-20 22:50:40,328 - src.driver - INFO - GENERATED CONTENT: <action>  q190gc </action> 
 PARSED ACTION: q190gc
2026-01-20 22:50:40,328 - src.driver - INFO - You will be assigned a task. 
You will receive the actions you have available, followed by the action history. 
Your goal is to maximize the total reward across all 10 steps. We are on step 7. 

Task Assignment:
---
You are faced with a 3-armed bandit problem.  Each action corresponds to pulling a specific arm. Each arm is associated with a Gaussian distribution with a fixed but unknown mean. At each time step, you will select a field and receive a reward drawn from the associated distribution. Your goal is to select which arm to pull in order to maximize your reward across all of your turns.
---

Available Actions:
---

- Arm Name: q190gc 

- Arm Name: t1ibre 

- Arm Name: khh30x 

---
When selecting an action, include only the name of the action. Do not include the dashes used to indicate the list here.

History:
---


- {'state': {}, 'action_taken': 'q190gc', 'reward': 75.0}

- {'state': {}, 'action_taken': 't1ibre', 'reward': 25.0}

- {'state': {}, 'action_taken': 'khh30x', 'reward': 50.0}

- {'state': {}, 'action_taken': 'q190gc', 'reward': 75.0}

- {'state': {}, 'action_taken': 'q190gc', 'reward': 75.0}

- {'state': {}, 'action_taken': 'q190gc', 'reward': 75.0}

- {'state': {}, 'action_taken': 'q190gc', 'reward': 75.0}


---

Please select an action from the list of action options in order to maximize the reward for your task.
When selecting an action, put the exact name of the action between action tags like: <action> action_name </action>.

Your thinking budget is 150 tokens. If you exceed this limit, you will be forced to provide an immediate answer.
Your overall generation limit is 200 tokens.
2026-01-20 22:50:56,748 - src.driver - INFO - GENERATED CONTENT: <action>  q190gc </action> 
 PARSED ACTION: q190gc
2026-01-20 22:50:56,749 - src.driver - INFO - You will be assigned a task. 
You will receive the actions you have available, followed by the action history. 
Your goal is to maximize the total reward across all 10 steps. We are on step 8. 

Task Assignment:
---
You are faced with a 3-armed bandit problem.  Each action corresponds to pulling a specific arm. Each arm is associated with a Gaussian distribution with a fixed but unknown mean. At each time step, you will select a field and receive a reward drawn from the associated distribution. Your goal is to select which arm to pull in order to maximize your reward across all of your turns.
---

Available Actions:
---

- Arm Name: q190gc 

- Arm Name: t1ibre 

- Arm Name: khh30x 

---
When selecting an action, include only the name of the action. Do not include the dashes used to indicate the list here.

History:
---


- {'state': {}, 'action_taken': 'q190gc', 'reward': 75.0}

- {'state': {}, 'action_taken': 't1ibre', 'reward': 25.0}

- {'state': {}, 'action_taken': 'khh30x', 'reward': 50.0}

- {'state': {}, 'action_taken': 'q190gc', 'reward': 75.0}

- {'state': {}, 'action_taken': 'q190gc', 'reward': 75.0}

- {'state': {}, 'action_taken': 'q190gc', 'reward': 75.0}

- {'state': {}, 'action_taken': 'q190gc', 'reward': 75.0}

- {'state': {}, 'action_taken': 'q190gc', 'reward': 75.0}


---

Please select an action from the list of action options in order to maximize the reward for your task.
When selecting an action, put the exact name of the action between action tags like: <action> action_name </action>.

Your thinking budget is 150 tokens. If you exceed this limit, you will be forced to provide an immediate answer.
Your overall generation limit is 200 tokens.
2026-01-20 22:51:13,195 - src.driver - INFO - GENERATED CONTENT: <action>  q190gc </action> 
 PARSED ACTION: q190gc
2026-01-20 22:51:13,196 - src.driver - INFO - You will be assigned a task. 
You will receive the actions you have available, followed by the action history. 
Your goal is to maximize the total reward across all 10 steps. We are on step 9. 

Task Assignment:
---
You are faced with a 3-armed bandit problem.  Each action corresponds to pulling a specific arm. Each arm is associated with a Gaussian distribution with a fixed but unknown mean. At each time step, you will select a field and receive a reward drawn from the associated distribution. Your goal is to select which arm to pull in order to maximize your reward across all of your turns.
---

Available Actions:
---

- Arm Name: q190gc 

- Arm Name: t1ibre 

- Arm Name: khh30x 

---
When selecting an action, include only the name of the action. Do not include the dashes used to indicate the list here.

History:
---


- {'state': {}, 'action_taken': 'q190gc', 'reward': 75.0}

- {'state': {}, 'action_taken': 't1ibre', 'reward': 25.0}

- {'state': {}, 'action_taken': 'khh30x', 'reward': 50.0}

- {'state': {}, 'action_taken': 'q190gc', 'reward': 75.0}

- {'state': {}, 'action_taken': 'q190gc', 'reward': 75.0}

- {'state': {}, 'action_taken': 'q190gc', 'reward': 75.0}

- {'state': {}, 'action_taken': 'q190gc', 'reward': 75.0}

- {'state': {}, 'action_taken': 'q190gc', 'reward': 75.0}

- {'state': {}, 'action_taken': 'q190gc', 'reward': 75.0}


---

Please select an action from the list of action options in order to maximize the reward for your task.
When selecting an action, put the exact name of the action between action tags like: <action> action_name </action>.

Your thinking budget is 150 tokens. If you exceed this limit, you will be forced to provide an immediate answer.
Your overall generation limit is 200 tokens.
2026-01-20 22:51:29,938 - src.driver - INFO - GENERATED CONTENT: <action>  q190gc </action> 
 PARSED ACTION: q190gc
2026-01-20 22:51:29,953 - src.driver - INFO - You will be assigned a task. 
You will receive the actions you have available, followed by the action history. 
Your goal is to maximize the total reward across all 10 steps. We are on step 0. 

Task Assignment:
---
You are faced with a 3-armed bandit problem.  Each action corresponds to pulling a specific arm. Each arm is associated with a Gaussian distribution with a fixed but unknown mean. At each time step, you will select a field and receive a reward drawn from the associated distribution. Your goal is to select which arm to pull in order to maximize your reward across all of your turns.
---

Available Actions:
---

- Arm Name: j0jbsu 

- Arm Name: f4tjo5 

- Arm Name: cjb3r9 

---
When selecting an action, include only the name of the action. Do not include the dashes used to indicate the list here.

History:
---

This is the first turn. There is no history.

---

Please select an action from the list of action options in order to maximize the reward for your task.
When selecting an action, put the exact name of the action between action tags like: <action> action_name </action>.

Your thinking budget is 150 tokens. If you exceed this limit, you will be forced to provide an immediate answer.
Your overall generation limit is 200 tokens.
2026-01-20 22:51:44,939 - src.driver - INFO - GENERATED CONTENT: <action>  j0jbsu </action> 
 PARSED ACTION: j0jbsu
2026-01-20 22:51:44,940 - src.driver - INFO - You will be assigned a task. 
You will receive the actions you have available, followed by the action history. 
Your goal is to maximize the total reward across all 10 steps. We are on step 1. 

Task Assignment:
---
You are faced with a 3-armed bandit problem.  Each action corresponds to pulling a specific arm. Each arm is associated with a Gaussian distribution with a fixed but unknown mean. At each time step, you will select a field and receive a reward drawn from the associated distribution. Your goal is to select which arm to pull in order to maximize your reward across all of your turns.
---

Available Actions:
---

- Arm Name: j0jbsu 

- Arm Name: f4tjo5 

- Arm Name: cjb3r9 

---
When selecting an action, include only the name of the action. Do not include the dashes used to indicate the list here.

History:
---


- {'state': {}, 'action_taken': 'j0jbsu', 'reward': 50.0}


---

Please select an action from the list of action options in order to maximize the reward for your task.
When selecting an action, put the exact name of the action between action tags like: <action> action_name </action>.

Your thinking budget is 150 tokens. If you exceed this limit, you will be forced to provide an immediate answer.
Your overall generation limit is 200 tokens.
2026-01-20 22:52:00,144 - src.driver - INFO - GENERATED CONTENT: <action>  f4tjo5 </action> 
 PARSED ACTION: f4tjo5
2026-01-20 22:52:00,145 - src.driver - INFO - You will be assigned a task. 
You will receive the actions you have available, followed by the action history. 
Your goal is to maximize the total reward across all 10 steps. We are on step 2. 

Task Assignment:
---
You are faced with a 3-armed bandit problem.  Each action corresponds to pulling a specific arm. Each arm is associated with a Gaussian distribution with a fixed but unknown mean. At each time step, you will select a field and receive a reward drawn from the associated distribution. Your goal is to select which arm to pull in order to maximize your reward across all of your turns.
---

Available Actions:
---

- Arm Name: j0jbsu 

- Arm Name: f4tjo5 

- Arm Name: cjb3r9 

---
When selecting an action, include only the name of the action. Do not include the dashes used to indicate the list here.

History:
---


- {'state': {}, 'action_taken': 'j0jbsu', 'reward': 50.0}

- {'state': {}, 'action_taken': 'f4tjo5', 'reward': 25.0}


---

Please select an action from the list of action options in order to maximize the reward for your task.
When selecting an action, put the exact name of the action between action tags like: <action> action_name </action>.

Your thinking budget is 150 tokens. If you exceed this limit, you will be forced to provide an immediate answer.
Your overall generation limit is 200 tokens.
2026-01-20 22:52:15,509 - src.driver - INFO - GENERATED CONTENT: <action>  cjb3r9 </action> 
 PARSED ACTION: cjb3r9
2026-01-20 22:52:15,510 - src.driver - INFO - You will be assigned a task. 
You will receive the actions you have available, followed by the action history. 
Your goal is to maximize the total reward across all 10 steps. We are on step 3. 

Task Assignment:
---
You are faced with a 3-armed bandit problem.  Each action corresponds to pulling a specific arm. Each arm is associated with a Gaussian distribution with a fixed but unknown mean. At each time step, you will select a field and receive a reward drawn from the associated distribution. Your goal is to select which arm to pull in order to maximize your reward across all of your turns.
---

Available Actions:
---

- Arm Name: j0jbsu 

- Arm Name: f4tjo5 

- Arm Name: cjb3r9 

---
When selecting an action, include only the name of the action. Do not include the dashes used to indicate the list here.

History:
---


- {'state': {}, 'action_taken': 'j0jbsu', 'reward': 50.0}

- {'state': {}, 'action_taken': 'f4tjo5', 'reward': 25.0}

- {'state': {}, 'action_taken': 'cjb3r9', 'reward': 75.0}


---

Please select an action from the list of action options in order to maximize the reward for your task.
When selecting an action, put the exact name of the action between action tags like: <action> action_name </action>.

Your thinking budget is 150 tokens. If you exceed this limit, you will be forced to provide an immediate answer.
Your overall generation limit is 200 tokens.
2026-01-20 22:52:30,918 - src.driver - INFO - GENERATED CONTENT: <action>  cjb3r9 </action> 
 PARSED ACTION: cjb3r9
2026-01-20 22:52:30,919 - src.driver - INFO - You will be assigned a task. 
You will receive the actions you have available, followed by the action history. 
Your goal is to maximize the total reward across all 10 steps. We are on step 4. 

Task Assignment:
---
You are faced with a 3-armed bandit problem.  Each action corresponds to pulling a specific arm. Each arm is associated with a Gaussian distribution with a fixed but unknown mean. At each time step, you will select a field and receive a reward drawn from the associated distribution. Your goal is to select which arm to pull in order to maximize your reward across all of your turns.
---

Available Actions:
---

- Arm Name: j0jbsu 

- Arm Name: f4tjo5 

- Arm Name: cjb3r9 

---
When selecting an action, include only the name of the action. Do not include the dashes used to indicate the list here.

History:
---


- {'state': {}, 'action_taken': 'j0jbsu', 'reward': 50.0}

- {'state': {}, 'action_taken': 'f4tjo5', 'reward': 25.0}

- {'state': {}, 'action_taken': 'cjb3r9', 'reward': 75.0}

- {'state': {}, 'action_taken': 'cjb3r9', 'reward': 75.0}


---

Please select an action from the list of action options in order to maximize the reward for your task.
When selecting an action, put the exact name of the action between action tags like: <action> action_name </action>.

Your thinking budget is 150 tokens. If you exceed this limit, you will be forced to provide an immediate answer.
Your overall generation limit is 200 tokens.
2026-01-20 22:52:46,595 - src.driver - INFO - GENERATED CONTENT: <action>  cjb3r9 </action> 
 PARSED ACTION: cjb3r9
2026-01-20 22:52:46,596 - src.driver - INFO - You will be assigned a task. 
You will receive the actions you have available, followed by the action history. 
Your goal is to maximize the total reward across all 10 steps. We are on step 5. 

Task Assignment:
---
You are faced with a 3-armed bandit problem.  Each action corresponds to pulling a specific arm. Each arm is associated with a Gaussian distribution with a fixed but unknown mean. At each time step, you will select a field and receive a reward drawn from the associated distribution. Your goal is to select which arm to pull in order to maximize your reward across all of your turns.
---

Available Actions:
---

- Arm Name: j0jbsu 

- Arm Name: f4tjo5 

- Arm Name: cjb3r9 

---
When selecting an action, include only the name of the action. Do not include the dashes used to indicate the list here.

History:
---


- {'state': {}, 'action_taken': 'j0jbsu', 'reward': 50.0}

- {'state': {}, 'action_taken': 'f4tjo5', 'reward': 25.0}

- {'state': {}, 'action_taken': 'cjb3r9', 'reward': 75.0}

- {'state': {}, 'action_taken': 'cjb3r9', 'reward': 75.0}

- {'state': {}, 'action_taken': 'cjb3r9', 'reward': 75.0}


---

Please select an action from the list of action options in order to maximize the reward for your task.
When selecting an action, put the exact name of the action between action tags like: <action> action_name </action>.

Your thinking budget is 150 tokens. If you exceed this limit, you will be forced to provide an immediate answer.
Your overall generation limit is 200 tokens.
2026-01-20 22:53:02,576 - src.driver - INFO - GENERATED CONTENT: <action>  cjb3r9 </action> 
 PARSED ACTION: cjb3r9
2026-01-20 22:53:02,577 - src.driver - INFO - You will be assigned a task. 
You will receive the actions you have available, followed by the action history. 
Your goal is to maximize the total reward across all 10 steps. We are on step 6. 

Task Assignment:
---
You are faced with a 3-armed bandit problem.  Each action corresponds to pulling a specific arm. Each arm is associated with a Gaussian distribution with a fixed but unknown mean. At each time step, you will select a field and receive a reward drawn from the associated distribution. Your goal is to select which arm to pull in order to maximize your reward across all of your turns.
---

Available Actions:
---

- Arm Name: j0jbsu 

- Arm Name: f4tjo5 

- Arm Name: cjb3r9 

---
When selecting an action, include only the name of the action. Do not include the dashes used to indicate the list here.

History:
---


- {'state': {}, 'action_taken': 'j0jbsu', 'reward': 50.0}

- {'state': {}, 'action_taken': 'f4tjo5', 'reward': 25.0}

- {'state': {}, 'action_taken': 'cjb3r9', 'reward': 75.0}

- {'state': {}, 'action_taken': 'cjb3r9', 'reward': 75.0}

- {'state': {}, 'action_taken': 'cjb3r9', 'reward': 75.0}

- {'state': {}, 'action_taken': 'cjb3r9', 'reward': 75.0}


---

Please select an action from the list of action options in order to maximize the reward for your task.
When selecting an action, put the exact name of the action between action tags like: <action> action_name </action>.

Your thinking budget is 150 tokens. If you exceed this limit, you will be forced to provide an immediate answer.
Your overall generation limit is 200 tokens.
2026-01-20 22:53:18,616 - src.driver - INFO - GENERATED CONTENT: <action>  cjb3r9 </action> 
 PARSED ACTION: cjb3r9
2026-01-20 22:53:18,617 - src.driver - INFO - You will be assigned a task. 
You will receive the actions you have available, followed by the action history. 
Your goal is to maximize the total reward across all 10 steps. We are on step 7. 

Task Assignment:
---
You are faced with a 3-armed bandit problem.  Each action corresponds to pulling a specific arm. Each arm is associated with a Gaussian distribution with a fixed but unknown mean. At each time step, you will select a field and receive a reward drawn from the associated distribution. Your goal is to select which arm to pull in order to maximize your reward across all of your turns.
---

Available Actions:
---

- Arm Name: j0jbsu 

- Arm Name: f4tjo5 

- Arm Name: cjb3r9 

---
When selecting an action, include only the name of the action. Do not include the dashes used to indicate the list here.

History:
---


- {'state': {}, 'action_taken': 'j0jbsu', 'reward': 50.0}

- {'state': {}, 'action_taken': 'f4tjo5', 'reward': 25.0}

- {'state': {}, 'action_taken': 'cjb3r9', 'reward': 75.0}

- {'state': {}, 'action_taken': 'cjb3r9', 'reward': 75.0}

- {'state': {}, 'action_taken': 'cjb3r9', 'reward': 75.0}

- {'state': {}, 'action_taken': 'cjb3r9', 'reward': 75.0}

- {'state': {}, 'action_taken': 'cjb3r9', 'reward': 75.0}


---

Please select an action from the list of action options in order to maximize the reward for your task.
When selecting an action, put the exact name of the action between action tags like: <action> action_name </action>.

Your thinking budget is 150 tokens. If you exceed this limit, you will be forced to provide an immediate answer.
Your overall generation limit is 200 tokens.
2026-01-20 22:53:35,074 - src.driver - INFO - GENERATED CONTENT: <action>  cjb3r9 </action> 
 PARSED ACTION: cjb3r9
2026-01-20 22:53:35,075 - src.driver - INFO - You will be assigned a task. 
You will receive the actions you have available, followed by the action history. 
Your goal is to maximize the total reward across all 10 steps. We are on step 8. 

Task Assignment:
---
You are faced with a 3-armed bandit problem.  Each action corresponds to pulling a specific arm. Each arm is associated with a Gaussian distribution with a fixed but unknown mean. At each time step, you will select a field and receive a reward drawn from the associated distribution. Your goal is to select which arm to pull in order to maximize your reward across all of your turns.
---

Available Actions:
---

- Arm Name: j0jbsu 

- Arm Name: f4tjo5 

- Arm Name: cjb3r9 

---
When selecting an action, include only the name of the action. Do not include the dashes used to indicate the list here.

History:
---


- {'state': {}, 'action_taken': 'j0jbsu', 'reward': 50.0}

- {'state': {}, 'action_taken': 'f4tjo5', 'reward': 25.0}

- {'state': {}, 'action_taken': 'cjb3r9', 'reward': 75.0}

- {'state': {}, 'action_taken': 'cjb3r9', 'reward': 75.0}

- {'state': {}, 'action_taken': 'cjb3r9', 'reward': 75.0}

- {'state': {}, 'action_taken': 'cjb3r9', 'reward': 75.0}

- {'state': {}, 'action_taken': 'cjb3r9', 'reward': 75.0}

- {'state': {}, 'action_taken': 'cjb3r9', 'reward': 75.0}


---

Please select an action from the list of action options in order to maximize the reward for your task.
When selecting an action, put the exact name of the action between action tags like: <action> action_name </action>.

Your thinking budget is 150 tokens. If you exceed this limit, you will be forced to provide an immediate answer.
Your overall generation limit is 200 tokens.
2026-01-20 22:53:51,598 - src.driver - INFO - GENERATED CONTENT: <action>  cjb3r9 </action> 
 PARSED ACTION: cjb3r9
2026-01-20 22:53:51,599 - src.driver - INFO - You will be assigned a task. 
You will receive the actions you have available, followed by the action history. 
Your goal is to maximize the total reward across all 10 steps. We are on step 9. 

Task Assignment:
---
You are faced with a 3-armed bandit problem.  Each action corresponds to pulling a specific arm. Each arm is associated with a Gaussian distribution with a fixed but unknown mean. At each time step, you will select a field and receive a reward drawn from the associated distribution. Your goal is to select which arm to pull in order to maximize your reward across all of your turns.
---

Available Actions:
---

- Arm Name: j0jbsu 

- Arm Name: f4tjo5 

- Arm Name: cjb3r9 

---
When selecting an action, include only the name of the action. Do not include the dashes used to indicate the list here.

History:
---


- {'state': {}, 'action_taken': 'j0jbsu', 'reward': 50.0}

- {'state': {}, 'action_taken': 'f4tjo5', 'reward': 25.0}

- {'state': {}, 'action_taken': 'cjb3r9', 'reward': 75.0}

- {'state': {}, 'action_taken': 'cjb3r9', 'reward': 75.0}

- {'state': {}, 'action_taken': 'cjb3r9', 'reward': 75.0}

- {'state': {}, 'action_taken': 'cjb3r9', 'reward': 75.0}

- {'state': {}, 'action_taken': 'cjb3r9', 'reward': 75.0}

- {'state': {}, 'action_taken': 'cjb3r9', 'reward': 75.0}

- {'state': {}, 'action_taken': 'cjb3r9', 'reward': 75.0}


---

Please select an action from the list of action options in order to maximize the reward for your task.
When selecting an action, put the exact name of the action between action tags like: <action> action_name </action>.

Your thinking budget is 150 tokens. If you exceed this limit, you will be forced to provide an immediate answer.
Your overall generation limit is 200 tokens.
2026-01-20 22:54:08,406 - src.driver - INFO - GENERATED CONTENT: <action>  cjb3r9 </action> 
 PARSED ACTION: cjb3r9
2026-01-20 22:54:08,421 - src.driver - INFO - You will be assigned a task. 
You will receive the actions you have available, followed by the action history. 
Your goal is to maximize the total reward across all 10 steps. We are on step 0. 

Task Assignment:
---
You are faced with a 3-armed bandit problem.  Each action corresponds to pulling a specific arm. Each arm is associated with a Gaussian distribution with a fixed but unknown mean. At each time step, you will select a field and receive a reward drawn from the associated distribution. Your goal is to select which arm to pull in order to maximize your reward across all of your turns.
---

Available Actions:
---

- Arm Name: f6ecm6 

- Arm Name: 43h3es 

- Arm Name: 0xk6bg 

---
When selecting an action, include only the name of the action. Do not include the dashes used to indicate the list here.

History:
---

This is the first turn. There is no history.

---

Please select an action from the list of action options in order to maximize the reward for your task.
When selecting an action, put the exact name of the action between action tags like: <action> action_name </action>.

Your thinking budget is 150 tokens. If you exceed this limit, you will be forced to provide an immediate answer.
Your overall generation limit is 200 tokens.
2026-01-20 22:54:23,370 - src.driver - INFO - GENERATED CONTENT: <action>  f6ecm6 </action> 
 PARSED ACTION: f6ecm6
2026-01-20 22:54:23,370 - src.driver - INFO - You will be assigned a task. 
You will receive the actions you have available, followed by the action history. 
Your goal is to maximize the total reward across all 10 steps. We are on step 1. 

Task Assignment:
---
You are faced with a 3-armed bandit problem.  Each action corresponds to pulling a specific arm. Each arm is associated with a Gaussian distribution with a fixed but unknown mean. At each time step, you will select a field and receive a reward drawn from the associated distribution. Your goal is to select which arm to pull in order to maximize your reward across all of your turns.
---

Available Actions:
---

- Arm Name: f6ecm6 

- Arm Name: 43h3es 

- Arm Name: 0xk6bg 

---
When selecting an action, include only the name of the action. Do not include the dashes used to indicate the list here.

History:
---


- {'state': {}, 'action_taken': 'f6ecm6', 'reward': 75.0}


---

Please select an action from the list of action options in order to maximize the reward for your task.
When selecting an action, put the exact name of the action between action tags like: <action> action_name </action>.

Your thinking budget is 150 tokens. If you exceed this limit, you will be forced to provide an immediate answer.
Your overall generation limit is 200 tokens.
2026-01-20 22:54:38,577 - src.driver - INFO - GENERATED CONTENT: <action>  43h3es </action> 
 PARSED ACTION: 43h3es
2026-01-20 22:54:38,578 - src.driver - INFO - You will be assigned a task. 
You will receive the actions you have available, followed by the action history. 
Your goal is to maximize the total reward across all 10 steps. We are on step 2. 

Task Assignment:
---
You are faced with a 3-armed bandit problem.  Each action corresponds to pulling a specific arm. Each arm is associated with a Gaussian distribution with a fixed but unknown mean. At each time step, you will select a field and receive a reward drawn from the associated distribution. Your goal is to select which arm to pull in order to maximize your reward across all of your turns.
---

Available Actions:
---

- Arm Name: f6ecm6 

- Arm Name: 43h3es 

- Arm Name: 0xk6bg 

---
When selecting an action, include only the name of the action. Do not include the dashes used to indicate the list here.

History:
---


- {'state': {}, 'action_taken': 'f6ecm6', 'reward': 75.0}

- {'state': {}, 'action_taken': '43h3es', 'reward': 25.0}


---

Please select an action from the list of action options in order to maximize the reward for your task.
When selecting an action, put the exact name of the action between action tags like: <action> action_name </action>.

Your thinking budget is 150 tokens. If you exceed this limit, you will be forced to provide an immediate answer.
Your overall generation limit is 200 tokens.
2026-01-20 22:54:54,045 - src.driver - INFO - GENERATED CONTENT: <action>  0xk6bg </action> 
 PARSED ACTION: 0xk6bg
2026-01-20 22:54:54,046 - src.driver - INFO - You will be assigned a task. 
You will receive the actions you have available, followed by the action history. 
Your goal is to maximize the total reward across all 10 steps. We are on step 3. 

Task Assignment:
---
You are faced with a 3-armed bandit problem.  Each action corresponds to pulling a specific arm. Each arm is associated with a Gaussian distribution with a fixed but unknown mean. At each time step, you will select a field and receive a reward drawn from the associated distribution. Your goal is to select which arm to pull in order to maximize your reward across all of your turns.
---

Available Actions:
---

- Arm Name: f6ecm6 

- Arm Name: 43h3es 

- Arm Name: 0xk6bg 

---
When selecting an action, include only the name of the action. Do not include the dashes used to indicate the list here.

History:
---


- {'state': {}, 'action_taken': 'f6ecm6', 'reward': 75.0}

- {'state': {}, 'action_taken': '43h3es', 'reward': 25.0}

- {'state': {}, 'action_taken': '0xk6bg', 'reward': 50.0}


---

Please select an action from the list of action options in order to maximize the reward for your task.
When selecting an action, put the exact name of the action between action tags like: <action> action_name </action>.

Your thinking budget is 150 tokens. If you exceed this limit, you will be forced to provide an immediate answer.
Your overall generation limit is 200 tokens.
2026-01-20 22:55:09,443 - src.driver - INFO - GENERATED CONTENT: <action>  f6ecm6 </action> 
 PARSED ACTION: f6ecm6
2026-01-20 22:55:09,444 - src.driver - INFO - You will be assigned a task. 
You will receive the actions you have available, followed by the action history. 
Your goal is to maximize the total reward across all 10 steps. We are on step 4. 

Task Assignment:
---
You are faced with a 3-armed bandit problem.  Each action corresponds to pulling a specific arm. Each arm is associated with a Gaussian distribution with a fixed but unknown mean. At each time step, you will select a field and receive a reward drawn from the associated distribution. Your goal is to select which arm to pull in order to maximize your reward across all of your turns.
---

Available Actions:
---

- Arm Name: f6ecm6 

- Arm Name: 43h3es 

- Arm Name: 0xk6bg 

---
When selecting an action, include only the name of the action. Do not include the dashes used to indicate the list here.

History:
---


- {'state': {}, 'action_taken': 'f6ecm6', 'reward': 75.0}

- {'state': {}, 'action_taken': '43h3es', 'reward': 25.0}

- {'state': {}, 'action_taken': '0xk6bg', 'reward': 50.0}

- {'state': {}, 'action_taken': 'f6ecm6', 'reward': 75.0}


---

Please select an action from the list of action options in order to maximize the reward for your task.
When selecting an action, put the exact name of the action between action tags like: <action> action_name </action>.

Your thinking budget is 150 tokens. If you exceed this limit, you will be forced to provide an immediate answer.
Your overall generation limit is 200 tokens.
2026-01-20 22:55:25,168 - src.driver - INFO - GENERATED CONTENT: <action>  f6ecm6 </action> 
 PARSED ACTION: f6ecm6
2026-01-20 22:55:25,168 - src.driver - INFO - You will be assigned a task. 
You will receive the actions you have available, followed by the action history. 
Your goal is to maximize the total reward across all 10 steps. We are on step 5. 

Task Assignment:
---
You are faced with a 3-armed bandit problem.  Each action corresponds to pulling a specific arm. Each arm is associated with a Gaussian distribution with a fixed but unknown mean. At each time step, you will select a field and receive a reward drawn from the associated distribution. Your goal is to select which arm to pull in order to maximize your reward across all of your turns.
---

Available Actions:
---

- Arm Name: f6ecm6 

- Arm Name: 43h3es 

- Arm Name: 0xk6bg 

---
When selecting an action, include only the name of the action. Do not include the dashes used to indicate the list here.

History:
---


- {'state': {}, 'action_taken': 'f6ecm6', 'reward': 75.0}

- {'state': {}, 'action_taken': '43h3es', 'reward': 25.0}

- {'state': {}, 'action_taken': '0xk6bg', 'reward': 50.0}

- {'state': {}, 'action_taken': 'f6ecm6', 'reward': 75.0}

- {'state': {}, 'action_taken': 'f6ecm6', 'reward': 75.0}


---

Please select an action from the list of action options in order to maximize the reward for your task.
When selecting an action, put the exact name of the action between action tags like: <action> action_name </action>.

Your thinking budget is 150 tokens. If you exceed this limit, you will be forced to provide an immediate answer.
Your overall generation limit is 200 tokens.
2026-01-20 22:55:41,153 - src.driver - INFO - GENERATED CONTENT: <action>  f6ecm6 </action> 
 PARSED ACTION: f6ecm6
2026-01-20 22:55:41,154 - src.driver - INFO - You will be assigned a task. 
You will receive the actions you have available, followed by the action history. 
Your goal is to maximize the total reward across all 10 steps. We are on step 6. 

Task Assignment:
---
You are faced with a 3-armed bandit problem.  Each action corresponds to pulling a specific arm. Each arm is associated with a Gaussian distribution with a fixed but unknown mean. At each time step, you will select a field and receive a reward drawn from the associated distribution. Your goal is to select which arm to pull in order to maximize your reward across all of your turns.
---

Available Actions:
---

- Arm Name: f6ecm6 

- Arm Name: 43h3es 

- Arm Name: 0xk6bg 

---
When selecting an action, include only the name of the action. Do not include the dashes used to indicate the list here.

History:
---


- {'state': {}, 'action_taken': 'f6ecm6', 'reward': 75.0}

- {'state': {}, 'action_taken': '43h3es', 'reward': 25.0}

- {'state': {}, 'action_taken': '0xk6bg', 'reward': 50.0}

- {'state': {}, 'action_taken': 'f6ecm6', 'reward': 75.0}

- {'state': {}, 'action_taken': 'f6ecm6', 'reward': 75.0}

- {'state': {}, 'action_taken': 'f6ecm6', 'reward': 75.0}


---

Please select an action from the list of action options in order to maximize the reward for your task.
When selecting an action, put the exact name of the action between action tags like: <action> action_name </action>.

Your thinking budget is 150 tokens. If you exceed this limit, you will be forced to provide an immediate answer.
Your overall generation limit is 200 tokens.
2026-01-20 22:55:57,183 - src.driver - INFO - GENERATED CONTENT: <action>  f6ecm6 </action> 
 PARSED ACTION: f6ecm6
2026-01-20 22:55:57,184 - src.driver - INFO - You will be assigned a task. 
You will receive the actions you have available, followed by the action history. 
Your goal is to maximize the total reward across all 10 steps. We are on step 7. 

Task Assignment:
---
You are faced with a 3-armed bandit problem.  Each action corresponds to pulling a specific arm. Each arm is associated with a Gaussian distribution with a fixed but unknown mean. At each time step, you will select a field and receive a reward drawn from the associated distribution. Your goal is to select which arm to pull in order to maximize your reward across all of your turns.
---

Available Actions:
---

- Arm Name: f6ecm6 

- Arm Name: 43h3es 

- Arm Name: 0xk6bg 

---
When selecting an action, include only the name of the action. Do not include the dashes used to indicate the list here.

History:
---


- {'state': {}, 'action_taken': 'f6ecm6', 'reward': 75.0}

- {'state': {}, 'action_taken': '43h3es', 'reward': 25.0}

- {'state': {}, 'action_taken': '0xk6bg', 'reward': 50.0}

- {'state': {}, 'action_taken': 'f6ecm6', 'reward': 75.0}

- {'state': {}, 'action_taken': 'f6ecm6', 'reward': 75.0}

- {'state': {}, 'action_taken': 'f6ecm6', 'reward': 75.0}

- {'state': {}, 'action_taken': 'f6ecm6', 'reward': 75.0}


---

Please select an action from the list of action options in order to maximize the reward for your task.
When selecting an action, put the exact name of the action between action tags like: <action> action_name </action>.

Your thinking budget is 150 tokens. If you exceed this limit, you will be forced to provide an immediate answer.
Your overall generation limit is 200 tokens.
2026-01-20 22:56:13,612 - src.driver - INFO - GENERATED CONTENT: <action>  f6ecm6 </action> 
 PARSED ACTION: f6ecm6
2026-01-20 22:56:13,613 - src.driver - INFO - You will be assigned a task. 
You will receive the actions you have available, followed by the action history. 
Your goal is to maximize the total reward across all 10 steps. We are on step 8. 

Task Assignment:
---
You are faced with a 3-armed bandit problem.  Each action corresponds to pulling a specific arm. Each arm is associated with a Gaussian distribution with a fixed but unknown mean. At each time step, you will select a field and receive a reward drawn from the associated distribution. Your goal is to select which arm to pull in order to maximize your reward across all of your turns.
---

Available Actions:
---

- Arm Name: f6ecm6 

- Arm Name: 43h3es 

- Arm Name: 0xk6bg 

---
When selecting an action, include only the name of the action. Do not include the dashes used to indicate the list here.

History:
---


- {'state': {}, 'action_taken': 'f6ecm6', 'reward': 75.0}

- {'state': {}, 'action_taken': '43h3es', 'reward': 25.0}

- {'state': {}, 'action_taken': '0xk6bg', 'reward': 50.0}

- {'state': {}, 'action_taken': 'f6ecm6', 'reward': 75.0}

- {'state': {}, 'action_taken': 'f6ecm6', 'reward': 75.0}

- {'state': {}, 'action_taken': 'f6ecm6', 'reward': 75.0}

- {'state': {}, 'action_taken': 'f6ecm6', 'reward': 75.0}

- {'state': {}, 'action_taken': 'f6ecm6', 'reward': 75.0}


---

Please select an action from the list of action options in order to maximize the reward for your task.
When selecting an action, put the exact name of the action between action tags like: <action> action_name </action>.

Your thinking budget is 150 tokens. If you exceed this limit, you will be forced to provide an immediate answer.
Your overall generation limit is 200 tokens.
2026-01-20 22:56:30,135 - src.driver - INFO - GENERATED CONTENT: <action>  f6ecm6 </action> 
 PARSED ACTION: f6ecm6
2026-01-20 22:56:30,135 - src.driver - INFO - You will be assigned a task. 
You will receive the actions you have available, followed by the action history. 
Your goal is to maximize the total reward across all 10 steps. We are on step 9. 

Task Assignment:
---
You are faced with a 3-armed bandit problem.  Each action corresponds to pulling a specific arm. Each arm is associated with a Gaussian distribution with a fixed but unknown mean. At each time step, you will select a field and receive a reward drawn from the associated distribution. Your goal is to select which arm to pull in order to maximize your reward across all of your turns.
---

Available Actions:
---

- Arm Name: f6ecm6 

- Arm Name: 43h3es 

- Arm Name: 0xk6bg 

---
When selecting an action, include only the name of the action. Do not include the dashes used to indicate the list here.

History:
---


- {'state': {}, 'action_taken': 'f6ecm6', 'reward': 75.0}

- {'state': {}, 'action_taken': '43h3es', 'reward': 25.0}

- {'state': {}, 'action_taken': '0xk6bg', 'reward': 50.0}

- {'state': {}, 'action_taken': 'f6ecm6', 'reward': 75.0}

- {'state': {}, 'action_taken': 'f6ecm6', 'reward': 75.0}

- {'state': {}, 'action_taken': 'f6ecm6', 'reward': 75.0}

- {'state': {}, 'action_taken': 'f6ecm6', 'reward': 75.0}

- {'state': {}, 'action_taken': 'f6ecm6', 'reward': 75.0}

- {'state': {}, 'action_taken': 'f6ecm6', 'reward': 75.0}


---

Please select an action from the list of action options in order to maximize the reward for your task.
When selecting an action, put the exact name of the action between action tags like: <action> action_name </action>.

Your thinking budget is 150 tokens. If you exceed this limit, you will be forced to provide an immediate answer.
Your overall generation limit is 200 tokens.
2026-01-20 22:56:46,891 - src.driver - INFO - GENERATED CONTENT: <action>  f6ecm6 </action> 
 PARSED ACTION: f6ecm6
2026-01-20 22:56:46,907 - src.driver - INFO - You will be assigned a task. 
You will receive the actions you have available, followed by the action history. 
Your goal is to maximize the total reward across all 10 steps. We are on step 0. 

Task Assignment:
---
You are faced with a 3-armed bandit problem.  Each action corresponds to pulling a specific arm. Each arm is associated with a Gaussian distribution with a fixed but unknown mean. At each time step, you will select a field and receive a reward drawn from the associated distribution. Your goal is to select which arm to pull in order to maximize your reward across all of your turns.
---

Available Actions:
---

- Arm Name: 8rwvet 

- Arm Name: 0xk6bg 

- Arm Name: 88pdak 

---
When selecting an action, include only the name of the action. Do not include the dashes used to indicate the list here.

History:
---

This is the first turn. There is no history.

---

Please select an action from the list of action options in order to maximize the reward for your task.
When selecting an action, put the exact name of the action between action tags like: <action> action_name </action>.

Your thinking budget is 150 tokens. If you exceed this limit, you will be forced to provide an immediate answer.
Your overall generation limit is 200 tokens.
2026-01-20 22:57:01,710 - src.driver - INFO - GENERATED CONTENT: <action>  8rwvet </action> 
 PARSED ACTION: 8rwvet
2026-01-20 22:57:01,710 - src.driver - INFO - You will be assigned a task. 
You will receive the actions you have available, followed by the action history. 
Your goal is to maximize the total reward across all 10 steps. We are on step 1. 

Task Assignment:
---
You are faced with a 3-armed bandit problem.  Each action corresponds to pulling a specific arm. Each arm is associated with a Gaussian distribution with a fixed but unknown mean. At each time step, you will select a field and receive a reward drawn from the associated distribution. Your goal is to select which arm to pull in order to maximize your reward across all of your turns.
---

Available Actions:
---

- Arm Name: 8rwvet 

- Arm Name: 0xk6bg 

- Arm Name: 88pdak 

---
When selecting an action, include only the name of the action. Do not include the dashes used to indicate the list here.

History:
---


- {'state': {}, 'action_taken': '8rwvet', 'reward': 25.0}


---

Please select an action from the list of action options in order to maximize the reward for your task.
When selecting an action, put the exact name of the action between action tags like: <action> action_name </action>.

Your thinking budget is 150 tokens. If you exceed this limit, you will be forced to provide an immediate answer.
Your overall generation limit is 200 tokens.
2026-01-20 22:57:16,649 - src.driver - INFO - GENERATED CONTENT: <action>  0xk6bg </action> 
 PARSED ACTION: 0xk6bg
2026-01-20 22:57:16,649 - src.driver - INFO - You will be assigned a task. 
You will receive the actions you have available, followed by the action history. 
Your goal is to maximize the total reward across all 10 steps. We are on step 2. 

Task Assignment:
---
You are faced with a 3-armed bandit problem.  Each action corresponds to pulling a specific arm. Each arm is associated with a Gaussian distribution with a fixed but unknown mean. At each time step, you will select a field and receive a reward drawn from the associated distribution. Your goal is to select which arm to pull in order to maximize your reward across all of your turns.
---

Available Actions:
---

- Arm Name: 8rwvet 

- Arm Name: 0xk6bg 

- Arm Name: 88pdak 

---
When selecting an action, include only the name of the action. Do not include the dashes used to indicate the list here.

History:
---


- {'state': {}, 'action_taken': '8rwvet', 'reward': 25.0}

- {'state': {}, 'action_taken': '0xk6bg', 'reward': 50.0}


---

Please select an action from the list of action options in order to maximize the reward for your task.
When selecting an action, put the exact name of the action between action tags like: <action> action_name </action>.

Your thinking budget is 150 tokens. If you exceed this limit, you will be forced to provide an immediate answer.
Your overall generation limit is 200 tokens.
2026-01-20 22:57:32,030 - src.driver - INFO - GENERATED CONTENT: <action>  0xk6bg </action> 
 PARSED ACTION: 0xk6bg
2026-01-20 22:57:32,031 - src.driver - INFO - You will be assigned a task. 
You will receive the actions you have available, followed by the action history. 
Your goal is to maximize the total reward across all 10 steps. We are on step 3. 

Task Assignment:
---
You are faced with a 3-armed bandit problem.  Each action corresponds to pulling a specific arm. Each arm is associated with a Gaussian distribution with a fixed but unknown mean. At each time step, you will select a field and receive a reward drawn from the associated distribution. Your goal is to select which arm to pull in order to maximize your reward across all of your turns.
---

Available Actions:
---

- Arm Name: 8rwvet 

- Arm Name: 0xk6bg 

- Arm Name: 88pdak 

---
When selecting an action, include only the name of the action. Do not include the dashes used to indicate the list here.

History:
---


- {'state': {}, 'action_taken': '8rwvet', 'reward': 25.0}

- {'state': {}, 'action_taken': '0xk6bg', 'reward': 50.0}

- {'state': {}, 'action_taken': '0xk6bg', 'reward': 50.0}


---

Please select an action from the list of action options in order to maximize the reward for your task.
When selecting an action, put the exact name of the action between action tags like: <action> action_name </action>.

Your thinking budget is 150 tokens. If you exceed this limit, you will be forced to provide an immediate answer.
Your overall generation limit is 200 tokens.
2026-01-20 22:57:47,368 - src.driver - INFO - GENERATED CONTENT: <action> 0xk6bg</action> 
 PARSED ACTION: 0xk6bg
2026-01-20 22:57:47,368 - src.driver - INFO - You will be assigned a task. 
You will receive the actions you have available, followed by the action history. 
Your goal is to maximize the total reward across all 10 steps. We are on step 4. 

Task Assignment:
---
You are faced with a 3-armed bandit problem.  Each action corresponds to pulling a specific arm. Each arm is associated with a Gaussian distribution with a fixed but unknown mean. At each time step, you will select a field and receive a reward drawn from the associated distribution. Your goal is to select which arm to pull in order to maximize your reward across all of your turns.
---

Available Actions:
---

- Arm Name: 8rwvet 

- Arm Name: 0xk6bg 

- Arm Name: 88pdak 

---
When selecting an action, include only the name of the action. Do not include the dashes used to indicate the list here.

History:
---


- {'state': {}, 'action_taken': '8rwvet', 'reward': 25.0}

- {'state': {}, 'action_taken': '0xk6bg', 'reward': 50.0}

- {'state': {}, 'action_taken': '0xk6bg', 'reward': 50.0}

- {'state': {}, 'action_taken': '0xk6bg', 'reward': 50.0}


---

Please select an action from the list of action options in order to maximize the reward for your task.
When selecting an action, put the exact name of the action between action tags like: <action> action_name </action>.

Your thinking budget is 150 tokens. If you exceed this limit, you will be forced to provide an immediate answer.
Your overall generation limit is 200 tokens.
2026-01-20 22:58:02,985 - src.driver - INFO - GENERATED CONTENT: <action> 0xk6bg</action> 
 PARSED ACTION: 0xk6bg
2026-01-20 22:58:02,988 - src.driver - INFO - You will be assigned a task. 
You will receive the actions you have available, followed by the action history. 
Your goal is to maximize the total reward across all 10 steps. We are on step 5. 

Task Assignment:
---
You are faced with a 3-armed bandit problem.  Each action corresponds to pulling a specific arm. Each arm is associated with a Gaussian distribution with a fixed but unknown mean. At each time step, you will select a field and receive a reward drawn from the associated distribution. Your goal is to select which arm to pull in order to maximize your reward across all of your turns.
---

Available Actions:
---

- Arm Name: 8rwvet 

- Arm Name: 0xk6bg 

- Arm Name: 88pdak 

---
When selecting an action, include only the name of the action. Do not include the dashes used to indicate the list here.

History:
---


- {'state': {}, 'action_taken': '8rwvet', 'reward': 25.0}

- {'state': {}, 'action_taken': '0xk6bg', 'reward': 50.0}

- {'state': {}, 'action_taken': '0xk6bg', 'reward': 50.0}

- {'state': {}, 'action_taken': '0xk6bg', 'reward': 50.0}

- {'state': {}, 'action_taken': '0xk6bg', 'reward': 50.0}


---

Please select an action from the list of action options in order to maximize the reward for your task.
When selecting an action, put the exact name of the action between action tags like: <action> action_name </action>.

Your thinking budget is 150 tokens. If you exceed this limit, you will be forced to provide an immediate answer.
Your overall generation limit is 200 tokens.
2026-01-20 22:58:18,976 - src.driver - INFO - GENERATED CONTENT: <action>  0xk6bg </action> 
 PARSED ACTION: 0xk6bg
2026-01-20 22:58:19,060 - src.driver - INFO - You will be assigned a task. 
You will receive the actions you have available, followed by the action history. 
Your goal is to maximize the total reward across all 10 steps. We are on step 6. 

Task Assignment:
---
You are faced with a 3-armed bandit problem.  Each action corresponds to pulling a specific arm. Each arm is associated with a Gaussian distribution with a fixed but unknown mean. At each time step, you will select a field and receive a reward drawn from the associated distribution. Your goal is to select which arm to pull in order to maximize your reward across all of your turns.
---

Available Actions:
---

- Arm Name: 8rwvet 

- Arm Name: 0xk6bg 

- Arm Name: 88pdak 

---
When selecting an action, include only the name of the action. Do not include the dashes used to indicate the list here.

History:
---


- {'state': {}, 'action_taken': '8rwvet', 'reward': 25.0}

- {'state': {}, 'action_taken': '0xk6bg', 'reward': 50.0}

- {'state': {}, 'action_taken': '0xk6bg', 'reward': 50.0}

- {'state': {}, 'action_taken': '0xk6bg', 'reward': 50.0}

- {'state': {}, 'action_taken': '0xk6bg', 'reward': 50.0}

- {'state': {}, 'action_taken': '0xk6bg', 'reward': 50.0}


---

Please select an action from the list of action options in order to maximize the reward for your task.
When selecting an action, put the exact name of the action between action tags like: <action> action_name </action>.

Your thinking budget is 150 tokens. If you exceed this limit, you will be forced to provide an immediate answer.
Your overall generation limit is 200 tokens.
2026-01-20 22:58:35,096 - src.driver - INFO - GENERATED CONTENT: <action>  0xk6bg </action> 
 PARSED ACTION: 0xk6bg
2026-01-20 22:58:35,097 - src.driver - INFO - You will be assigned a task. 
You will receive the actions you have available, followed by the action history. 
Your goal is to maximize the total reward across all 10 steps. We are on step 7. 

Task Assignment:
---
You are faced with a 3-armed bandit problem.  Each action corresponds to pulling a specific arm. Each arm is associated with a Gaussian distribution with a fixed but unknown mean. At each time step, you will select a field and receive a reward drawn from the associated distribution. Your goal is to select which arm to pull in order to maximize your reward across all of your turns.
---

Available Actions:
---

- Arm Name: 8rwvet 

- Arm Name: 0xk6bg 

- Arm Name: 88pdak 

---
When selecting an action, include only the name of the action. Do not include the dashes used to indicate the list here.

History:
---


- {'state': {}, 'action_taken': '8rwvet', 'reward': 25.0}

- {'state': {}, 'action_taken': '0xk6bg', 'reward': 50.0}

- {'state': {}, 'action_taken': '0xk6bg', 'reward': 50.0}

- {'state': {}, 'action_taken': '0xk6bg', 'reward': 50.0}

- {'state': {}, 'action_taken': '0xk6bg', 'reward': 50.0}

- {'state': {}, 'action_taken': '0xk6bg', 'reward': 50.0}

- {'state': {}, 'action_taken': '0xk6bg', 'reward': 50.0}


---

Please select an action from the list of action options in order to maximize the reward for your task.
When selecting an action, put the exact name of the action between action tags like: <action> action_name </action>.

Your thinking budget is 150 tokens. If you exceed this limit, you will be forced to provide an immediate answer.
Your overall generation limit is 200 tokens.
2026-01-20 22:58:51,621 - src.driver - INFO - GENERATED CONTENT: <action>  0xk6bg </action> 
 PARSED ACTION: 0xk6bg
2026-01-20 22:58:51,621 - src.driver - INFO - You will be assigned a task. 
You will receive the actions you have available, followed by the action history. 
Your goal is to maximize the total reward across all 10 steps. We are on step 8. 

Task Assignment:
---
You are faced with a 3-armed bandit problem.  Each action corresponds to pulling a specific arm. Each arm is associated with a Gaussian distribution with a fixed but unknown mean. At each time step, you will select a field and receive a reward drawn from the associated distribution. Your goal is to select which arm to pull in order to maximize your reward across all of your turns.
---

Available Actions:
---

- Arm Name: 8rwvet 

- Arm Name: 0xk6bg 

- Arm Name: 88pdak 

---
When selecting an action, include only the name of the action. Do not include the dashes used to indicate the list here.

History:
---


- {'state': {}, 'action_taken': '8rwvet', 'reward': 25.0}

- {'state': {}, 'action_taken': '0xk6bg', 'reward': 50.0}

- {'state': {}, 'action_taken': '0xk6bg', 'reward': 50.0}

- {'state': {}, 'action_taken': '0xk6bg', 'reward': 50.0}

- {'state': {}, 'action_taken': '0xk6bg', 'reward': 50.0}

- {'state': {}, 'action_taken': '0xk6bg', 'reward': 50.0}

- {'state': {}, 'action_taken': '0xk6bg', 'reward': 50.0}

- {'state': {}, 'action_taken': '0xk6bg', 'reward': 50.0}


---

Please select an action from the list of action options in order to maximize the reward for your task.
When selecting an action, put the exact name of the action between action tags like: <action> action_name </action>.

Your thinking budget is 150 tokens. If you exceed this limit, you will be forced to provide an immediate answer.
Your overall generation limit is 200 tokens.
2026-01-20 22:59:08,167 - src.driver - INFO - GENERATED CONTENT: <action>  0xk6bg </action> 
 PARSED ACTION: 0xk6bg
2026-01-20 22:59:08,168 - src.driver - INFO - You will be assigned a task. 
You will receive the actions you have available, followed by the action history. 
Your goal is to maximize the total reward across all 10 steps. We are on step 9. 

Task Assignment:
---
You are faced with a 3-armed bandit problem.  Each action corresponds to pulling a specific arm. Each arm is associated with a Gaussian distribution with a fixed but unknown mean. At each time step, you will select a field and receive a reward drawn from the associated distribution. Your goal is to select which arm to pull in order to maximize your reward across all of your turns.
---

Available Actions:
---

- Arm Name: 8rwvet 

- Arm Name: 0xk6bg 

- Arm Name: 88pdak 

---
When selecting an action, include only the name of the action. Do not include the dashes used to indicate the list here.

History:
---


- {'state': {}, 'action_taken': '8rwvet', 'reward': 25.0}

- {'state': {}, 'action_taken': '0xk6bg', 'reward': 50.0}

- {'state': {}, 'action_taken': '0xk6bg', 'reward': 50.0}

- {'state': {}, 'action_taken': '0xk6bg', 'reward': 50.0}

- {'state': {}, 'action_taken': '0xk6bg', 'reward': 50.0}

- {'state': {}, 'action_taken': '0xk6bg', 'reward': 50.0}

- {'state': {}, 'action_taken': '0xk6bg', 'reward': 50.0}

- {'state': {}, 'action_taken': '0xk6bg', 'reward': 50.0}

- {'state': {}, 'action_taken': '0xk6bg', 'reward': 50.0}


---

Please select an action from the list of action options in order to maximize the reward for your task.
When selecting an action, put the exact name of the action between action tags like: <action> action_name </action>.

Your thinking budget is 150 tokens. If you exceed this limit, you will be forced to provide an immediate answer.
Your overall generation limit is 200 tokens.
2026-01-20 22:59:25,009 - src.driver - INFO - GENERATED CONTENT: <action>  0xk6bg </action> 
 PARSED ACTION: 0xk6bg
2026-01-20 22:59:25,025 - src.driver - INFO - You will be assigned a task. 
You will receive the actions you have available, followed by the action history. 
Your goal is to maximize the total reward across all 10 steps. We are on step 0. 

Task Assignment:
---
You are faced with a 3-armed bandit problem.  Each action corresponds to pulling a specific arm. Each arm is associated with a Gaussian distribution with a fixed but unknown mean. At each time step, you will select a field and receive a reward drawn from the associated distribution. Your goal is to select which arm to pull in order to maximize your reward across all of your turns.
---

Available Actions:
---

- Arm Name: 018q60 

- Arm Name: t1ibre 

- Arm Name: 8rwvet 

---
When selecting an action, include only the name of the action. Do not include the dashes used to indicate the list here.

History:
---

This is the first turn. There is no history.

---

Please select an action from the list of action options in order to maximize the reward for your task.
When selecting an action, put the exact name of the action between action tags like: <action> action_name </action>.

Your thinking budget is 150 tokens. If you exceed this limit, you will be forced to provide an immediate answer.
Your overall generation limit is 200 tokens.
2026-01-20 22:59:40,046 - src.driver - INFO - GENERATED CONTENT: <action>  018q60 </action> 
 PARSED ACTION: 018q60
2026-01-20 22:59:40,046 - src.driver - INFO - You will be assigned a task. 
You will receive the actions you have available, followed by the action history. 
Your goal is to maximize the total reward across all 10 steps. We are on step 1. 

Task Assignment:
---
You are faced with a 3-armed bandit problem.  Each action corresponds to pulling a specific arm. Each arm is associated with a Gaussian distribution with a fixed but unknown mean. At each time step, you will select a field and receive a reward drawn from the associated distribution. Your goal is to select which arm to pull in order to maximize your reward across all of your turns.
---

Available Actions:
---

- Arm Name: 018q60 

- Arm Name: t1ibre 

- Arm Name: 8rwvet 

---
When selecting an action, include only the name of the action. Do not include the dashes used to indicate the list here.

History:
---


- {'state': {}, 'action_taken': '018q60', 'reward': 75.0}


---

Please select an action from the list of action options in order to maximize the reward for your task.
When selecting an action, put the exact name of the action between action tags like: <action> action_name </action>.

Your thinking budget is 150 tokens. If you exceed this limit, you will be forced to provide an immediate answer.
Your overall generation limit is 200 tokens.
2026-01-20 22:59:54,990 - src.driver - INFO - GENERATED CONTENT: <action>  t1ibre </action> 
 PARSED ACTION: t1ibre
2026-01-20 22:59:54,991 - src.driver - INFO - You will be assigned a task. 
You will receive the actions you have available, followed by the action history. 
Your goal is to maximize the total reward across all 10 steps. We are on step 2. 

Task Assignment:
---
You are faced with a 3-armed bandit problem.  Each action corresponds to pulling a specific arm. Each arm is associated with a Gaussian distribution with a fixed but unknown mean. At each time step, you will select a field and receive a reward drawn from the associated distribution. Your goal is to select which arm to pull in order to maximize your reward across all of your turns.
---

Available Actions:
---

- Arm Name: 018q60 

- Arm Name: t1ibre 

- Arm Name: 8rwvet 

---
When selecting an action, include only the name of the action. Do not include the dashes used to indicate the list here.

History:
---


- {'state': {}, 'action_taken': '018q60', 'reward': 75.0}

- {'state': {}, 'action_taken': 't1ibre', 'reward': 50.0}


---

Please select an action from the list of action options in order to maximize the reward for your task.
When selecting an action, put the exact name of the action between action tags like: <action> action_name </action>.

Your thinking budget is 150 tokens. If you exceed this limit, you will be forced to provide an immediate answer.
Your overall generation limit is 200 tokens.
2026-01-20 23:00:10,156 - src.driver - INFO - GENERATED CONTENT: <action> 8rwvet</action> 
 PARSED ACTION: 8rwvet
2026-01-20 23:00:10,157 - src.driver - INFO - You will be assigned a task. 
You will receive the actions you have available, followed by the action history. 
Your goal is to maximize the total reward across all 10 steps. We are on step 3. 

Task Assignment:
---
You are faced with a 3-armed bandit problem.  Each action corresponds to pulling a specific arm. Each arm is associated with a Gaussian distribution with a fixed but unknown mean. At each time step, you will select a field and receive a reward drawn from the associated distribution. Your goal is to select which arm to pull in order to maximize your reward across all of your turns.
---

Available Actions:
---

- Arm Name: 018q60 

- Arm Name: t1ibre 

- Arm Name: 8rwvet 

---
When selecting an action, include only the name of the action. Do not include the dashes used to indicate the list here.

History:
---


- {'state': {}, 'action_taken': '018q60', 'reward': 75.0}

- {'state': {}, 'action_taken': 't1ibre', 'reward': 50.0}

- {'state': {}, 'action_taken': '8rwvet', 'reward': 25.0}


---

Please select an action from the list of action options in order to maximize the reward for your task.
When selecting an action, put the exact name of the action between action tags like: <action> action_name </action>.

Your thinking budget is 150 tokens. If you exceed this limit, you will be forced to provide an immediate answer.
Your overall generation limit is 200 tokens.
2026-01-20 23:00:25,593 - src.driver - INFO - GENERATED CONTENT: <action> 018q60</action> 
 PARSED ACTION: 018q60
2026-01-20 23:00:25,593 - src.driver - INFO - You will be assigned a task. 
You will receive the actions you have available, followed by the action history. 
Your goal is to maximize the total reward across all 10 steps. We are on step 4. 

Task Assignment:
---
You are faced with a 3-armed bandit problem.  Each action corresponds to pulling a specific arm. Each arm is associated with a Gaussian distribution with a fixed but unknown mean. At each time step, you will select a field and receive a reward drawn from the associated distribution. Your goal is to select which arm to pull in order to maximize your reward across all of your turns.
---

Available Actions:
---

- Arm Name: 018q60 

- Arm Name: t1ibre 

- Arm Name: 8rwvet 

---
When selecting an action, include only the name of the action. Do not include the dashes used to indicate the list here.

History:
---


- {'state': {}, 'action_taken': '018q60', 'reward': 75.0}

- {'state': {}, 'action_taken': 't1ibre', 'reward': 50.0}

- {'state': {}, 'action_taken': '8rwvet', 'reward': 25.0}

- {'state': {}, 'action_taken': '018q60', 'reward': 75.0}


---

Please select an action from the list of action options in order to maximize the reward for your task.
When selecting an action, put the exact name of the action between action tags like: <action> action_name </action>.

Your thinking budget is 150 tokens. If you exceed this limit, you will be forced to provide an immediate answer.
Your overall generation limit is 200 tokens.
2026-01-20 23:00:41,439 - src.driver - INFO - GENERATED CONTENT: <action>  018q60 </action> 
 PARSED ACTION: 018q60
2026-01-20 23:00:41,440 - src.driver - INFO - You will be assigned a task. 
You will receive the actions you have available, followed by the action history. 
Your goal is to maximize the total reward across all 10 steps. We are on step 5. 

Task Assignment:
---
You are faced with a 3-armed bandit problem.  Each action corresponds to pulling a specific arm. Each arm is associated with a Gaussian distribution with a fixed but unknown mean. At each time step, you will select a field and receive a reward drawn from the associated distribution. Your goal is to select which arm to pull in order to maximize your reward across all of your turns.
---

Available Actions:
---

- Arm Name: 018q60 

- Arm Name: t1ibre 

- Arm Name: 8rwvet 

---
When selecting an action, include only the name of the action. Do not include the dashes used to indicate the list here.

History:
---


- {'state': {}, 'action_taken': '018q60', 'reward': 75.0}

- {'state': {}, 'action_taken': 't1ibre', 'reward': 50.0}

- {'state': {}, 'action_taken': '8rwvet', 'reward': 25.0}

- {'state': {}, 'action_taken': '018q60', 'reward': 75.0}

- {'state': {}, 'action_taken': '018q60', 'reward': 75.0}


---

Please select an action from the list of action options in order to maximize the reward for your task.
When selecting an action, put the exact name of the action between action tags like: <action> action_name </action>.

Your thinking budget is 150 tokens. If you exceed this limit, you will be forced to provide an immediate answer.
Your overall generation limit is 200 tokens.
2026-01-20 23:00:57,516 - src.driver - INFO - GENERATED CONTENT: <action> 018q60</action> 
 PARSED ACTION: 018q60
2026-01-20 23:00:57,516 - src.driver - INFO - You will be assigned a task. 
You will receive the actions you have available, followed by the action history. 
Your goal is to maximize the total reward across all 10 steps. We are on step 6. 

Task Assignment:
---
You are faced with a 3-armed bandit problem.  Each action corresponds to pulling a specific arm. Each arm is associated with a Gaussian distribution with a fixed but unknown mean. At each time step, you will select a field and receive a reward drawn from the associated distribution. Your goal is to select which arm to pull in order to maximize your reward across all of your turns.
---

Available Actions:
---

- Arm Name: 018q60 

- Arm Name: t1ibre 

- Arm Name: 8rwvet 

---
When selecting an action, include only the name of the action. Do not include the dashes used to indicate the list here.

History:
---


- {'state': {}, 'action_taken': '018q60', 'reward': 75.0}

- {'state': {}, 'action_taken': 't1ibre', 'reward': 50.0}

- {'state': {}, 'action_taken': '8rwvet', 'reward': 25.0}

- {'state': {}, 'action_taken': '018q60', 'reward': 75.0}

- {'state': {}, 'action_taken': '018q60', 'reward': 75.0}

- {'state': {}, 'action_taken': '018q60', 'reward': 75.0}


---

Please select an action from the list of action options in order to maximize the reward for your task.
When selecting an action, put the exact name of the action between action tags like: <action> action_name </action>.

Your thinking budget is 150 tokens. If you exceed this limit, you will be forced to provide an immediate answer.
Your overall generation limit is 200 tokens.
2026-01-20 23:01:13,640 - src.driver - INFO - GENERATED CONTENT: <action> 018q60</action> 
 PARSED ACTION: 018q60
2026-01-20 23:01:13,641 - src.driver - INFO - You will be assigned a task. 
You will receive the actions you have available, followed by the action history. 
Your goal is to maximize the total reward across all 10 steps. We are on step 7. 

Task Assignment:
---
You are faced with a 3-armed bandit problem.  Each action corresponds to pulling a specific arm. Each arm is associated with a Gaussian distribution with a fixed but unknown mean. At each time step, you will select a field and receive a reward drawn from the associated distribution. Your goal is to select which arm to pull in order to maximize your reward across all of your turns.
---

Available Actions:
---

- Arm Name: 018q60 

- Arm Name: t1ibre 

- Arm Name: 8rwvet 

---
When selecting an action, include only the name of the action. Do not include the dashes used to indicate the list here.

History:
---


- {'state': {}, 'action_taken': '018q60', 'reward': 75.0}

- {'state': {}, 'action_taken': 't1ibre', 'reward': 50.0}

- {'state': {}, 'action_taken': '8rwvet', 'reward': 25.0}

- {'state': {}, 'action_taken': '018q60', 'reward': 75.0}

- {'state': {}, 'action_taken': '018q60', 'reward': 75.0}

- {'state': {}, 'action_taken': '018q60', 'reward': 75.0}

- {'state': {}, 'action_taken': '018q60', 'reward': 75.0}


---

Please select an action from the list of action options in order to maximize the reward for your task.
When selecting an action, put the exact name of the action between action tags like: <action> action_name </action>.

Your thinking budget is 150 tokens. If you exceed this limit, you will be forced to provide an immediate answer.
Your overall generation limit is 200 tokens.
2026-01-20 23:01:30,184 - src.driver - INFO - GENERATED CONTENT: <action> 018q60</action> 
 PARSED ACTION: 018q60
2026-01-20 23:01:30,184 - src.driver - INFO - You will be assigned a task. 
You will receive the actions you have available, followed by the action history. 
Your goal is to maximize the total reward across all 10 steps. We are on step 8. 

Task Assignment:
---
You are faced with a 3-armed bandit problem.  Each action corresponds to pulling a specific arm. Each arm is associated with a Gaussian distribution with a fixed but unknown mean. At each time step, you will select a field and receive a reward drawn from the associated distribution. Your goal is to select which arm to pull in order to maximize your reward across all of your turns.
---

Available Actions:
---

- Arm Name: 018q60 

- Arm Name: t1ibre 

- Arm Name: 8rwvet 

---
When selecting an action, include only the name of the action. Do not include the dashes used to indicate the list here.

History:
---


- {'state': {}, 'action_taken': '018q60', 'reward': 75.0}

- {'state': {}, 'action_taken': 't1ibre', 'reward': 50.0}

- {'state': {}, 'action_taken': '8rwvet', 'reward': 25.0}

- {'state': {}, 'action_taken': '018q60', 'reward': 75.0}

- {'state': {}, 'action_taken': '018q60', 'reward': 75.0}

- {'state': {}, 'action_taken': '018q60', 'reward': 75.0}

- {'state': {}, 'action_taken': '018q60', 'reward': 75.0}

- {'state': {}, 'action_taken': '018q60', 'reward': 75.0}


---

Please select an action from the list of action options in order to maximize the reward for your task.
When selecting an action, put the exact name of the action between action tags like: <action> action_name </action>.

Your thinking budget is 150 tokens. If you exceed this limit, you will be forced to provide an immediate answer.
Your overall generation limit is 200 tokens.
2026-01-20 23:01:46,919 - src.driver - INFO - GENERATED CONTENT: <action>  018q60 </action> 
 PARSED ACTION: 018q60
2026-01-20 23:01:46,919 - src.driver - INFO - You will be assigned a task. 
You will receive the actions you have available, followed by the action history. 
Your goal is to maximize the total reward across all 10 steps. We are on step 9. 

Task Assignment:
---
You are faced with a 3-armed bandit problem.  Each action corresponds to pulling a specific arm. Each arm is associated with a Gaussian distribution with a fixed but unknown mean. At each time step, you will select a field and receive a reward drawn from the associated distribution. Your goal is to select which arm to pull in order to maximize your reward across all of your turns.
---

Available Actions:
---

- Arm Name: 018q60 

- Arm Name: t1ibre 

- Arm Name: 8rwvet 

---
When selecting an action, include only the name of the action. Do not include the dashes used to indicate the list here.

History:
---


- {'state': {}, 'action_taken': '018q60', 'reward': 75.0}

- {'state': {}, 'action_taken': 't1ibre', 'reward': 50.0}

- {'state': {}, 'action_taken': '8rwvet', 'reward': 25.0}

- {'state': {}, 'action_taken': '018q60', 'reward': 75.0}

- {'state': {}, 'action_taken': '018q60', 'reward': 75.0}

- {'state': {}, 'action_taken': '018q60', 'reward': 75.0}

- {'state': {}, 'action_taken': '018q60', 'reward': 75.0}

- {'state': {}, 'action_taken': '018q60', 'reward': 75.0}

- {'state': {}, 'action_taken': '018q60', 'reward': 75.0}


---

Please select an action from the list of action options in order to maximize the reward for your task.
When selecting an action, put the exact name of the action between action tags like: <action> action_name </action>.

Your thinking budget is 150 tokens. If you exceed this limit, you will be forced to provide an immediate answer.
Your overall generation limit is 200 tokens.
2026-01-20 23:02:03,871 - src.driver - INFO - GENERATED CONTENT: <action>  018q60 </action> 
 PARSED ACTION: 018q60
