2026-01-24 18:13:26,640 - src.driver - INFO - You will be assigned a task. 
You will receive the actions you have available, followed by the action history. 
Your goal is to maximize the total reward across all 10 steps. We are on step 0. 

Task Assignment:
---
You are a farmer who owns 3 fields. Each action corresponds to planting your crop in a different field. Each field is associated with a Gaussian distribution with a fixed but unknown mean. At each time step, you will select a field and receive a reward drawn from the associated distribution. Your goal is to maximize your reward across all of your turns.
---

Available Actions:
---

- Field Name: gracious endure dashing - This action has been selected 0 time(s) for an observed mean of Unknown

- Field Name: primed lapel hue - This action has been selected 0 time(s) for an observed mean of Unknown

- Field Name: delirium indifference exaggerated - This action has been selected 0 time(s) for an observed mean of Unknown

---
When selecting an action, include only the name of the action. Do not include the dashes used to indicate the list here.

Please select an action from the list of action options in order to maximize the reward for your task.
When selecting an action, put the exact name of the action between action tags like: <action> action_name </action>.

Your thinking budget is 150 tokens. If you exceed this limit, you will be forced to provide an immediate answer.
Your overall generation limit is 200 tokens.
2026-01-24 18:13:41,627 - src.driver - INFO - GENERATED CONTENT: <action>  gracious endure dashing </action> 
 PARSED ACTION: gracious endure dashing
2026-01-24 18:13:41,627 - src.driver - INFO - You will be assigned a task. 
You will receive the actions you have available, followed by the action history. 
Your goal is to maximize the total reward across all 10 steps. We are on step 1. 

Task Assignment:
---
You are a farmer who owns 3 fields. Each action corresponds to planting your crop in a different field. Each field is associated with a Gaussian distribution with a fixed but unknown mean. At each time step, you will select a field and receive a reward drawn from the associated distribution. Your goal is to maximize your reward across all of your turns.
---

Available Actions:
---

- Field Name: gracious endure dashing - This action has been selected 1 time(s) for an observed mean of -14.946122633277664

- Field Name: primed lapel hue - This action has been selected 0 time(s) for an observed mean of Unknown

- Field Name: delirium indifference exaggerated - This action has been selected 0 time(s) for an observed mean of Unknown

---
When selecting an action, include only the name of the action. Do not include the dashes used to indicate the list here.

Please select an action from the list of action options in order to maximize the reward for your task.
When selecting an action, put the exact name of the action between action tags like: <action> action_name </action>.

Your thinking budget is 150 tokens. If you exceed this limit, you will be forced to provide an immediate answer.
Your overall generation limit is 200 tokens.
2026-01-24 18:13:56,798 - src.driver - INFO - GENERATED CONTENT: <action>  primed lapel hue </action> 
 PARSED ACTION: primed lapel hue
2026-01-24 18:13:56,799 - src.driver - INFO - You will be assigned a task. 
You will receive the actions you have available, followed by the action history. 
Your goal is to maximize the total reward across all 10 steps. We are on step 2. 

Task Assignment:
---
You are a farmer who owns 3 fields. Each action corresponds to planting your crop in a different field. Each field is associated with a Gaussian distribution with a fixed but unknown mean. At each time step, you will select a field and receive a reward drawn from the associated distribution. Your goal is to maximize your reward across all of your turns.
---

Available Actions:
---

- Field Name: gracious endure dashing - This action has been selected 1 time(s) for an observed mean of -14.946122633277664

- Field Name: primed lapel hue - This action has been selected 1 time(s) for an observed mean of -42.34637444292717

- Field Name: delirium indifference exaggerated - This action has been selected 0 time(s) for an observed mean of Unknown

---
When selecting an action, include only the name of the action. Do not include the dashes used to indicate the list here.

Please select an action from the list of action options in order to maximize the reward for your task.
When selecting an action, put the exact name of the action between action tags like: <action> action_name </action>.

Your thinking budget is 150 tokens. If you exceed this limit, you will be forced to provide an immediate answer.
Your overall generation limit is 200 tokens.
2026-01-24 18:14:12,043 - src.driver - INFO - GENERATED CONTENT: <action>  delirium indifference exaggerated </action> 
 PARSED ACTION: delirium indifference exaggerated
2026-01-24 18:14:12,043 - src.driver - INFO - You will be assigned a task. 
You will receive the actions you have available, followed by the action history. 
Your goal is to maximize the total reward across all 10 steps. We are on step 3. 

Task Assignment:
---
You are a farmer who owns 3 fields. Each action corresponds to planting your crop in a different field. Each field is associated with a Gaussian distribution with a fixed but unknown mean. At each time step, you will select a field and receive a reward drawn from the associated distribution. Your goal is to maximize your reward across all of your turns.
---

Available Actions:
---

- Field Name: gracious endure dashing - This action has been selected 1 time(s) for an observed mean of -14.946122633277664

- Field Name: primed lapel hue - This action has been selected 1 time(s) for an observed mean of -42.34637444292717

- Field Name: delirium indifference exaggerated - This action has been selected 1 time(s) for an observed mean of -82.77792058767619

---
When selecting an action, include only the name of the action. Do not include the dashes used to indicate the list here.

Please select an action from the list of action options in order to maximize the reward for your task.
When selecting an action, put the exact name of the action between action tags like: <action> action_name </action>.

Your thinking budget is 150 tokens. If you exceed this limit, you will be forced to provide an immediate answer.
Your overall generation limit is 200 tokens.
2026-01-24 18:14:27,306 - src.driver - INFO - GENERATED CONTENT: <action>  gracious endure dashing </action> 
 PARSED ACTION: gracious endure dashing
2026-01-24 18:14:27,307 - src.driver - INFO - You will be assigned a task. 
You will receive the actions you have available, followed by the action history. 
Your goal is to maximize the total reward across all 10 steps. We are on step 4. 

Task Assignment:
---
You are a farmer who owns 3 fields. Each action corresponds to planting your crop in a different field. Each field is associated with a Gaussian distribution with a fixed but unknown mean. At each time step, you will select a field and receive a reward drawn from the associated distribution. Your goal is to maximize your reward across all of your turns.
---

Available Actions:
---

- Field Name: gracious endure dashing - This action has been selected 2 time(s) for an observed mean of -18.601571276172493

- Field Name: primed lapel hue - This action has been selected 1 time(s) for an observed mean of -42.34637444292717

- Field Name: delirium indifference exaggerated - This action has been selected 1 time(s) for an observed mean of -82.77792058767619

---
When selecting an action, include only the name of the action. Do not include the dashes used to indicate the list here.

Please select an action from the list of action options in order to maximize the reward for your task.
When selecting an action, put the exact name of the action between action tags like: <action> action_name </action>.

Your thinking budget is 150 tokens. If you exceed this limit, you will be forced to provide an immediate answer.
Your overall generation limit is 200 tokens.
2026-01-24 18:14:42,553 - src.driver - INFO - GENERATED CONTENT: <action>  gracious endure dashing </action> 
 PARSED ACTION: gracious endure dashing
2026-01-24 18:14:42,553 - src.driver - INFO - You will be assigned a task. 
You will receive the actions you have available, followed by the action history. 
Your goal is to maximize the total reward across all 10 steps. We are on step 5. 

Task Assignment:
---
You are a farmer who owns 3 fields. Each action corresponds to planting your crop in a different field. Each field is associated with a Gaussian distribution with a fixed but unknown mean. At each time step, you will select a field and receive a reward drawn from the associated distribution. Your goal is to maximize your reward across all of your turns.
---

Available Actions:
---

- Field Name: gracious endure dashing - This action has been selected 3 time(s) for an observed mean of -20.20769798709566

- Field Name: primed lapel hue - This action has been selected 1 time(s) for an observed mean of -42.34637444292717

- Field Name: delirium indifference exaggerated - This action has been selected 1 time(s) for an observed mean of -82.77792058767619

---
When selecting an action, include only the name of the action. Do not include the dashes used to indicate the list here.

Please select an action from the list of action options in order to maximize the reward for your task.
When selecting an action, put the exact name of the action between action tags like: <action> action_name </action>.

Your thinking budget is 150 tokens. If you exceed this limit, you will be forced to provide an immediate answer.
Your overall generation limit is 200 tokens.
2026-01-24 18:14:57,848 - src.driver - INFO - GENERATED CONTENT: <action> gracious endure dashing</action> 
 PARSED ACTION: gracious endure dashing
2026-01-24 18:14:57,849 - src.driver - INFO - You will be assigned a task. 
You will receive the actions you have available, followed by the action history. 
Your goal is to maximize the total reward across all 10 steps. We are on step 6. 

Task Assignment:
---
You are a farmer who owns 3 fields. Each action corresponds to planting your crop in a different field. Each field is associated with a Gaussian distribution with a fixed but unknown mean. At each time step, you will select a field and receive a reward drawn from the associated distribution. Your goal is to maximize your reward across all of your turns.
---

Available Actions:
---

- Field Name: gracious endure dashing - This action has been selected 4 time(s) for an observed mean of -21.584658487743972

- Field Name: primed lapel hue - This action has been selected 1 time(s) for an observed mean of -42.34637444292717

- Field Name: delirium indifference exaggerated - This action has been selected 1 time(s) for an observed mean of -82.77792058767619

---
When selecting an action, include only the name of the action. Do not include the dashes used to indicate the list here.

Please select an action from the list of action options in order to maximize the reward for your task.
When selecting an action, put the exact name of the action between action tags like: <action> action_name </action>.

Your thinking budget is 150 tokens. If you exceed this limit, you will be forced to provide an immediate answer.
Your overall generation limit is 200 tokens.
2026-01-24 18:15:13,131 - src.driver - INFO - GENERATED CONTENT: <action> gracious endure dashing</action> 
 PARSED ACTION: gracious endure dashing
2026-01-24 18:15:13,131 - src.driver - INFO - You will be assigned a task. 
You will receive the actions you have available, followed by the action history. 
Your goal is to maximize the total reward across all 10 steps. We are on step 7. 

Task Assignment:
---
You are a farmer who owns 3 fields. Each action corresponds to planting your crop in a different field. Each field is associated with a Gaussian distribution with a fixed but unknown mean. At each time step, you will select a field and receive a reward drawn from the associated distribution. Your goal is to maximize your reward across all of your turns.
---

Available Actions:
---

- Field Name: gracious endure dashing - This action has been selected 5 time(s) for an observed mean of -23.4432019150628

- Field Name: primed lapel hue - This action has been selected 1 time(s) for an observed mean of -42.34637444292717

- Field Name: delirium indifference exaggerated - This action has been selected 1 time(s) for an observed mean of -82.77792058767619

---
When selecting an action, include only the name of the action. Do not include the dashes used to indicate the list here.

Please select an action from the list of action options in order to maximize the reward for your task.
When selecting an action, put the exact name of the action between action tags like: <action> action_name </action>.

Your thinking budget is 150 tokens. If you exceed this limit, you will be forced to provide an immediate answer.
Your overall generation limit is 200 tokens.
2026-01-24 18:15:29,634 - src.driver - INFO - GENERATED CONTENT: <action> gracious endure dashing</action> has the highest observed mean, so it's the best choice to maximize reward. 
 PARSED ACTION: gracious endure dashing
2026-01-24 18:15:29,635 - src.driver - INFO - You will be assigned a task. 
You will receive the actions you have available, followed by the action history. 
Your goal is to maximize the total reward across all 10 steps. We are on step 8. 

Task Assignment:
---
You are a farmer who owns 3 fields. Each action corresponds to planting your crop in a different field. Each field is associated with a Gaussian distribution with a fixed but unknown mean. At each time step, you will select a field and receive a reward drawn from the associated distribution. Your goal is to maximize your reward across all of your turns.
---

Available Actions:
---

- Field Name: gracious endure dashing - This action has been selected 6 time(s) for an observed mean of -24.255735081997358

- Field Name: primed lapel hue - This action has been selected 1 time(s) for an observed mean of -42.34637444292717

- Field Name: delirium indifference exaggerated - This action has been selected 1 time(s) for an observed mean of -82.77792058767619

---
When selecting an action, include only the name of the action. Do not include the dashes used to indicate the list here.

Please select an action from the list of action options in order to maximize the reward for your task.
When selecting an action, put the exact name of the action between action tags like: <action> action_name </action>.

Your thinking budget is 150 tokens. If you exceed this limit, you will be forced to provide an immediate answer.
Your overall generation limit is 200 tokens.
2026-01-24 18:15:44,934 - src.driver - INFO - GENERATED CONTENT: <action>  gracious endure dashing </action> 
 PARSED ACTION: gracious endure dashing
2026-01-24 18:15:44,934 - src.driver - INFO - You will be assigned a task. 
You will receive the actions you have available, followed by the action history. 
Your goal is to maximize the total reward across all 10 steps. We are on step 9. 

Task Assignment:
---
You are a farmer who owns 3 fields. Each action corresponds to planting your crop in a different field. Each field is associated with a Gaussian distribution with a fixed but unknown mean. At each time step, you will select a field and receive a reward drawn from the associated distribution. Your goal is to maximize your reward across all of your turns.
---

Available Actions:
---

- Field Name: gracious endure dashing - This action has been selected 7 time(s) for an observed mean of -23.91268611592718

- Field Name: primed lapel hue - This action has been selected 1 time(s) for an observed mean of -42.34637444292717

- Field Name: delirium indifference exaggerated - This action has been selected 1 time(s) for an observed mean of -82.77792058767619

---
When selecting an action, include only the name of the action. Do not include the dashes used to indicate the list here.

Please select an action from the list of action options in order to maximize the reward for your task.
When selecting an action, put the exact name of the action between action tags like: <action> action_name </action>.

Your thinking budget is 150 tokens. If you exceed this limit, you will be forced to provide an immediate answer.
Your overall generation limit is 200 tokens.
2026-01-24 18:16:01,463 - src.driver - INFO - GENERATED CONTENT: <action> gracious endure dashing</action> has the highest observed mean, so it's the best choice to maximize reward. 
 PARSED ACTION: gracious endure dashing
2026-01-24 18:16:01,481 - src.driver - INFO - You will be assigned a task. 
You will receive the actions you have available, followed by the action history. 
Your goal is to maximize the total reward across all 10 steps. We are on step 0. 

Task Assignment:
---
You are a farmer who owns 3 fields. Each action corresponds to planting your crop in a different field. Each field is associated with a Gaussian distribution with a fixed but unknown mean. At each time step, you will select a field and receive a reward drawn from the associated distribution. Your goal is to maximize your reward across all of your turns.
---

Available Actions:
---

- Field Name: attain complex freezer - This action has been selected 0 time(s) for an observed mean of Unknown

- Field Name: nameless illegible darken - This action has been selected 0 time(s) for an observed mean of Unknown

- Field Name: top generosity clever - This action has been selected 0 time(s) for an observed mean of Unknown

---
When selecting an action, include only the name of the action. Do not include the dashes used to indicate the list here.

Please select an action from the list of action options in order to maximize the reward for your task.
When selecting an action, put the exact name of the action between action tags like: <action> action_name </action>.

Your thinking budget is 150 tokens. If you exceed this limit, you will be forced to provide an immediate answer.
Your overall generation limit is 200 tokens.
2026-01-24 18:16:16,366 - src.driver - INFO - GENERATED CONTENT: <action>  attain complex freezer </action> 
 PARSED ACTION: attain complex freezer
2026-01-24 18:16:16,367 - src.driver - INFO - You will be assigned a task. 
You will receive the actions you have available, followed by the action history. 
Your goal is to maximize the total reward across all 10 steps. We are on step 1. 

Task Assignment:
---
You are a farmer who owns 3 fields. Each action corresponds to planting your crop in a different field. Each field is associated with a Gaussian distribution with a fixed but unknown mean. At each time step, you will select a field and receive a reward drawn from the associated distribution. Your goal is to maximize your reward across all of your turns.
---

Available Actions:
---

- Field Name: attain complex freezer - This action has been selected 1 time(s) for an observed mean of -52.43075122305843

- Field Name: nameless illegible darken - This action has been selected 0 time(s) for an observed mean of Unknown

- Field Name: top generosity clever - This action has been selected 0 time(s) for an observed mean of Unknown

---
When selecting an action, include only the name of the action. Do not include the dashes used to indicate the list here.

Please select an action from the list of action options in order to maximize the reward for your task.
When selecting an action, put the exact name of the action between action tags like: <action> action_name </action>.

Your thinking budget is 150 tokens. If you exceed this limit, you will be forced to provide an immediate answer.
Your overall generation limit is 200 tokens.
2026-01-24 18:16:31,557 - src.driver - INFO - GENERATED CONTENT: <action>  nameless illegible darken </action> 
 PARSED ACTION: nameless illegible darken
2026-01-24 18:16:31,558 - src.driver - INFO - You will be assigned a task. 
You will receive the actions you have available, followed by the action history. 
Your goal is to maximize the total reward across all 10 steps. We are on step 2. 

Task Assignment:
---
You are a farmer who owns 3 fields. Each action corresponds to planting your crop in a different field. Each field is associated with a Gaussian distribution with a fixed but unknown mean. At each time step, you will select a field and receive a reward drawn from the associated distribution. Your goal is to maximize your reward across all of your turns.
---

Available Actions:
---

- Field Name: attain complex freezer - This action has been selected 1 time(s) for an observed mean of -52.43075122305843

- Field Name: nameless illegible darken - This action has been selected 1 time(s) for an observed mean of -69.9490117603174

- Field Name: top generosity clever - This action has been selected 0 time(s) for an observed mean of Unknown

---
When selecting an action, include only the name of the action. Do not include the dashes used to indicate the list here.

Please select an action from the list of action options in order to maximize the reward for your task.
When selecting an action, put the exact name of the action between action tags like: <action> action_name </action>.

Your thinking budget is 150 tokens. If you exceed this limit, you will be forced to provide an immediate answer.
Your overall generation limit is 200 tokens.
2026-01-24 18:16:46,600 - src.driver - INFO - GENERATED CONTENT: <action>  top generosity clever </action> 
 PARSED ACTION: top generosity clever
2026-01-24 18:16:46,600 - src.driver - INFO - You will be assigned a task. 
You will receive the actions you have available, followed by the action history. 
Your goal is to maximize the total reward across all 10 steps. We are on step 3. 

Task Assignment:
---
You are a farmer who owns 3 fields. Each action corresponds to planting your crop in a different field. Each field is associated with a Gaussian distribution with a fixed but unknown mean. At each time step, you will select a field and receive a reward drawn from the associated distribution. Your goal is to maximize your reward across all of your turns.
---

Available Actions:
---

- Field Name: attain complex freezer - This action has been selected 1 time(s) for an observed mean of -52.43075122305843

- Field Name: nameless illegible darken - This action has been selected 1 time(s) for an observed mean of -69.9490117603174

- Field Name: top generosity clever - This action has been selected 1 time(s) for an observed mean of -23.60927221533137

---
When selecting an action, include only the name of the action. Do not include the dashes used to indicate the list here.

Please select an action from the list of action options in order to maximize the reward for your task.
When selecting an action, put the exact name of the action between action tags like: <action> action_name </action>.

Your thinking budget is 150 tokens. If you exceed this limit, you will be forced to provide an immediate answer.
Your overall generation limit is 200 tokens.
2026-01-24 18:17:01,716 - src.driver - INFO - GENERATED CONTENT: <action>  top generosity clever </action> 
 PARSED ACTION: top generosity clever
2026-01-24 18:17:01,717 - src.driver - INFO - You will be assigned a task. 
You will receive the actions you have available, followed by the action history. 
Your goal is to maximize the total reward across all 10 steps. We are on step 4. 

Task Assignment:
---
You are a farmer who owns 3 fields. Each action corresponds to planting your crop in a different field. Each field is associated with a Gaussian distribution with a fixed but unknown mean. At each time step, you will select a field and receive a reward drawn from the associated distribution. Your goal is to maximize your reward across all of your turns.
---

Available Actions:
---

- Field Name: attain complex freezer - This action has been selected 1 time(s) for an observed mean of -52.43075122305843

- Field Name: nameless illegible darken - This action has been selected 1 time(s) for an observed mean of -69.9490117603174

- Field Name: top generosity clever - This action has been selected 2 time(s) for an observed mean of -24.70799935614155

---
When selecting an action, include only the name of the action. Do not include the dashes used to indicate the list here.

Please select an action from the list of action options in order to maximize the reward for your task.
When selecting an action, put the exact name of the action between action tags like: <action> action_name </action>.

Your thinking budget is 150 tokens. If you exceed this limit, you will be forced to provide an immediate answer.
Your overall generation limit is 200 tokens.
2026-01-24 18:17:16,807 - src.driver - INFO - GENERATED CONTENT: <action>  top generosity clever </action> 
 PARSED ACTION: top generosity clever
2026-01-24 18:17:16,808 - src.driver - INFO - You will be assigned a task. 
You will receive the actions you have available, followed by the action history. 
Your goal is to maximize the total reward across all 10 steps. We are on step 5. 

Task Assignment:
---
You are a farmer who owns 3 fields. Each action corresponds to planting your crop in a different field. Each field is associated with a Gaussian distribution with a fixed but unknown mean. At each time step, you will select a field and receive a reward drawn from the associated distribution. Your goal is to maximize your reward across all of your turns.
---

Available Actions:
---

- Field Name: attain complex freezer - This action has been selected 1 time(s) for an observed mean of -52.43075122305843

- Field Name: nameless illegible darken - This action has been selected 1 time(s) for an observed mean of -69.9490117603174

- Field Name: top generosity clever - This action has been selected 3 time(s) for an observed mean of -23.837154233707135

---
When selecting an action, include only the name of the action. Do not include the dashes used to indicate the list here.

Please select an action from the list of action options in order to maximize the reward for your task.
When selecting an action, put the exact name of the action between action tags like: <action> action_name </action>.

Your thinking budget is 150 tokens. If you exceed this limit, you will be forced to provide an immediate answer.
Your overall generation limit is 200 tokens.
2026-01-24 18:17:31,948 - src.driver - INFO - GENERATED CONTENT: <action>  top generosity clever </action> 
 PARSED ACTION: top generosity clever
2026-01-24 18:17:31,948 - src.driver - INFO - You will be assigned a task. 
You will receive the actions you have available, followed by the action history. 
Your goal is to maximize the total reward across all 10 steps. We are on step 6. 

Task Assignment:
---
You are a farmer who owns 3 fields. Each action corresponds to planting your crop in a different field. Each field is associated with a Gaussian distribution with a fixed but unknown mean. At each time step, you will select a field and receive a reward drawn from the associated distribution. Your goal is to maximize your reward across all of your turns.
---

Available Actions:
---

- Field Name: attain complex freezer - This action has been selected 1 time(s) for an observed mean of -52.43075122305843

- Field Name: nameless illegible darken - This action has been selected 1 time(s) for an observed mean of -69.9490117603174

- Field Name: top generosity clever - This action has been selected 4 time(s) for an observed mean of -24.416580660537278

---
When selecting an action, include only the name of the action. Do not include the dashes used to indicate the list here.

Please select an action from the list of action options in order to maximize the reward for your task.
When selecting an action, put the exact name of the action between action tags like: <action> action_name </action>.

Your thinking budget is 150 tokens. If you exceed this limit, you will be forced to provide an immediate answer.
Your overall generation limit is 200 tokens.
2026-01-24 18:17:47,057 - src.driver - INFO - GENERATED CONTENT: <action>  top generosity clever </action> 
 PARSED ACTION: top generosity clever
2026-01-24 18:17:47,057 - src.driver - INFO - You will be assigned a task. 
You will receive the actions you have available, followed by the action history. 
Your goal is to maximize the total reward across all 10 steps. We are on step 7. 

Task Assignment:
---
You are a farmer who owns 3 fields. Each action corresponds to planting your crop in a different field. Each field is associated with a Gaussian distribution with a fixed but unknown mean. At each time step, you will select a field and receive a reward drawn from the associated distribution. Your goal is to maximize your reward across all of your turns.
---

Available Actions:
---

- Field Name: attain complex freezer - This action has been selected 1 time(s) for an observed mean of -52.43075122305843

- Field Name: nameless illegible darken - This action has been selected 1 time(s) for an observed mean of -69.9490117603174

- Field Name: top generosity clever - This action has been selected 5 time(s) for an observed mean of -25.838297789162986

---
When selecting an action, include only the name of the action. Do not include the dashes used to indicate the list here.

Please select an action from the list of action options in order to maximize the reward for your task.
When selecting an action, put the exact name of the action between action tags like: <action> action_name </action>.

Your thinking budget is 150 tokens. If you exceed this limit, you will be forced to provide an immediate answer.
Your overall generation limit is 200 tokens.
2026-01-24 18:18:02,161 - src.driver - INFO - GENERATED CONTENT: <action>  top generosity clever </action> 
 PARSED ACTION: top generosity clever
2026-01-24 18:18:02,162 - src.driver - INFO - You will be assigned a task. 
You will receive the actions you have available, followed by the action history. 
Your goal is to maximize the total reward across all 10 steps. We are on step 8. 

Task Assignment:
---
You are a farmer who owns 3 fields. Each action corresponds to planting your crop in a different field. Each field is associated with a Gaussian distribution with a fixed but unknown mean. At each time step, you will select a field and receive a reward drawn from the associated distribution. Your goal is to maximize your reward across all of your turns.
---

Available Actions:
---

- Field Name: attain complex freezer - This action has been selected 1 time(s) for an observed mean of -52.43075122305843

- Field Name: nameless illegible darken - This action has been selected 1 time(s) for an observed mean of -69.9490117603174

- Field Name: top generosity clever - This action has been selected 6 time(s) for an observed mean of -24.635512493813152

---
When selecting an action, include only the name of the action. Do not include the dashes used to indicate the list here.

Please select an action from the list of action options in order to maximize the reward for your task.
When selecting an action, put the exact name of the action between action tags like: <action> action_name </action>.

Your thinking budget is 150 tokens. If you exceed this limit, you will be forced to provide an immediate answer.
Your overall generation limit is 200 tokens.
2026-01-24 18:18:17,248 - src.driver - INFO - GENERATED CONTENT: <action>  top generosity clever </action> 
 PARSED ACTION: top generosity clever
2026-01-24 18:18:17,249 - src.driver - INFO - You will be assigned a task. 
You will receive the actions you have available, followed by the action history. 
Your goal is to maximize the total reward across all 10 steps. We are on step 9. 

Task Assignment:
---
You are a farmer who owns 3 fields. Each action corresponds to planting your crop in a different field. Each field is associated with a Gaussian distribution with a fixed but unknown mean. At each time step, you will select a field and receive a reward drawn from the associated distribution. Your goal is to maximize your reward across all of your turns.
---

Available Actions:
---

- Field Name: attain complex freezer - This action has been selected 1 time(s) for an observed mean of -52.43075122305843

- Field Name: nameless illegible darken - This action has been selected 1 time(s) for an observed mean of -69.9490117603174

- Field Name: top generosity clever - This action has been selected 7 time(s) for an observed mean of -25.217435467614166

---
When selecting an action, include only the name of the action. Do not include the dashes used to indicate the list here.

Please select an action from the list of action options in order to maximize the reward for your task.
When selecting an action, put the exact name of the action between action tags like: <action> action_name </action>.

Your thinking budget is 150 tokens. If you exceed this limit, you will be forced to provide an immediate answer.
Your overall generation limit is 200 tokens.
2026-01-24 18:18:32,390 - src.driver - INFO - GENERATED CONTENT: <action>  top generosity clever </action> 
 PARSED ACTION: top generosity clever
2026-01-24 18:18:32,406 - src.driver - INFO - You will be assigned a task. 
You will receive the actions you have available, followed by the action history. 
Your goal is to maximize the total reward across all 10 steps. We are on step 0. 

Task Assignment:
---
You are a farmer who owns 3 fields. Each action corresponds to planting your crop in a different field. Each field is associated with a Gaussian distribution with a fixed but unknown mean. At each time step, you will select a field and receive a reward drawn from the associated distribution. Your goal is to maximize your reward across all of your turns.
---

Available Actions:
---

- Field Name: clientele ratification character - This action has been selected 0 time(s) for an observed mean of Unknown

- Field Name: evergreen gratify organic - This action has been selected 0 time(s) for an observed mean of Unknown

- Field Name: flee apathetic plaintiff - This action has been selected 0 time(s) for an observed mean of Unknown

---
When selecting an action, include only the name of the action. Do not include the dashes used to indicate the list here.

Please select an action from the list of action options in order to maximize the reward for your task.
When selecting an action, put the exact name of the action between action tags like: <action> action_name </action>.

Your thinking budget is 150 tokens. If you exceed this limit, you will be forced to provide an immediate answer.
Your overall generation limit is 200 tokens.
2026-01-24 18:18:47,278 - src.driver - INFO - GENERATED CONTENT: <action>  clientele ratification character </action> 
 PARSED ACTION: clientele ratification character
2026-01-24 18:18:47,279 - src.driver - INFO - You will be assigned a task. 
You will receive the actions you have available, followed by the action history. 
Your goal is to maximize the total reward across all 10 steps. We are on step 1. 

Task Assignment:
---
You are a farmer who owns 3 fields. Each action corresponds to planting your crop in a different field. Each field is associated with a Gaussian distribution with a fixed but unknown mean. At each time step, you will select a field and receive a reward drawn from the associated distribution. Your goal is to maximize your reward across all of your turns.
---

Available Actions:
---

- Field Name: clientele ratification character - This action has been selected 1 time(s) for an observed mean of -49.62052129950996

- Field Name: evergreen gratify organic - This action has been selected 0 time(s) for an observed mean of Unknown

- Field Name: flee apathetic plaintiff - This action has been selected 0 time(s) for an observed mean of Unknown

---
When selecting an action, include only the name of the action. Do not include the dashes used to indicate the list here.

Please select an action from the list of action options in order to maximize the reward for your task.
When selecting an action, put the exact name of the action between action tags like: <action> action_name </action>.

Your thinking budget is 150 tokens. If you exceed this limit, you will be forced to provide an immediate answer.
Your overall generation limit is 200 tokens.
2026-01-24 18:19:02,424 - src.driver - INFO - GENERATED CONTENT: <action>  evergreen gratify organic </action> 
 PARSED ACTION: evergreen gratify organic
2026-01-24 18:19:02,425 - src.driver - INFO - You will be assigned a task. 
You will receive the actions you have available, followed by the action history. 
Your goal is to maximize the total reward across all 10 steps. We are on step 2. 

Task Assignment:
---
You are a farmer who owns 3 fields. Each action corresponds to planting your crop in a different field. Each field is associated with a Gaussian distribution with a fixed but unknown mean. At each time step, you will select a field and receive a reward drawn from the associated distribution. Your goal is to maximize your reward across all of your turns.
---

Available Actions:
---

- Field Name: clientele ratification character - This action has been selected 1 time(s) for an observed mean of -49.62052129950996

- Field Name: evergreen gratify organic - This action has been selected 1 time(s) for an observed mean of -26.66213267435315

- Field Name: flee apathetic plaintiff - This action has been selected 0 time(s) for an observed mean of Unknown

---
When selecting an action, include only the name of the action. Do not include the dashes used to indicate the list here.

Please select an action from the list of action options in order to maximize the reward for your task.
When selecting an action, put the exact name of the action between action tags like: <action> action_name </action>.

Your thinking budget is 150 tokens. If you exceed this limit, you will be forced to provide an immediate answer.
Your overall generation limit is 200 tokens.
2026-01-24 18:19:17,698 - src.driver - INFO - GENERATED CONTENT: <action>  flee apathetic plaintiff </action> 
 PARSED ACTION: flee apathetic plaintiff
2026-01-24 18:19:17,698 - src.driver - INFO - You will be assigned a task. 
You will receive the actions you have available, followed by the action history. 
Your goal is to maximize the total reward across all 10 steps. We are on step 3. 

Task Assignment:
---
You are a farmer who owns 3 fields. Each action corresponds to planting your crop in a different field. Each field is associated with a Gaussian distribution with a fixed but unknown mean. At each time step, you will select a field and receive a reward drawn from the associated distribution. Your goal is to maximize your reward across all of your turns.
---

Available Actions:
---

- Field Name: clientele ratification character - This action has been selected 1 time(s) for an observed mean of -49.62052129950996

- Field Name: evergreen gratify organic - This action has been selected 1 time(s) for an observed mean of -26.66213267435315

- Field Name: flee apathetic plaintiff - This action has been selected 1 time(s) for an observed mean of -70.83737255198253

---
When selecting an action, include only the name of the action. Do not include the dashes used to indicate the list here.

Please select an action from the list of action options in order to maximize the reward for your task.
When selecting an action, put the exact name of the action between action tags like: <action> action_name </action>.

Your thinking budget is 150 tokens. If you exceed this limit, you will be forced to provide an immediate answer.
Your overall generation limit is 200 tokens.
2026-01-24 18:19:32,999 - src.driver - INFO - GENERATED CONTENT: <action>  evergreen gratify organic </action> 
 PARSED ACTION: evergreen gratify organic
2026-01-24 18:19:32,999 - src.driver - INFO - You will be assigned a task. 
You will receive the actions you have available, followed by the action history. 
Your goal is to maximize the total reward across all 10 steps. We are on step 4. 

Task Assignment:
---
You are a farmer who owns 3 fields. Each action corresponds to planting your crop in a different field. Each field is associated with a Gaussian distribution with a fixed but unknown mean. At each time step, you will select a field and receive a reward drawn from the associated distribution. Your goal is to maximize your reward across all of your turns.
---

Available Actions:
---

- Field Name: clientele ratification character - This action has been selected 1 time(s) for an observed mean of -49.62052129950996

- Field Name: evergreen gratify organic - This action has been selected 2 time(s) for an observed mean of -24.970855921568962

- Field Name: flee apathetic plaintiff - This action has been selected 1 time(s) for an observed mean of -70.83737255198253

---
When selecting an action, include only the name of the action. Do not include the dashes used to indicate the list here.

Please select an action from the list of action options in order to maximize the reward for your task.
When selecting an action, put the exact name of the action between action tags like: <action> action_name </action>.

Your thinking budget is 150 tokens. If you exceed this limit, you will be forced to provide an immediate answer.
Your overall generation limit is 200 tokens.
2026-01-24 18:19:48,294 - src.driver - INFO - GENERATED CONTENT: <action>  evergreen gratify organic </action> 
 PARSED ACTION: evergreen gratify organic
2026-01-24 18:19:48,295 - src.driver - INFO - You will be assigned a task. 
You will receive the actions you have available, followed by the action history. 
Your goal is to maximize the total reward across all 10 steps. We are on step 5. 

Task Assignment:
---
You are a farmer who owns 3 fields. Each action corresponds to planting your crop in a different field. Each field is associated with a Gaussian distribution with a fixed but unknown mean. At each time step, you will select a field and receive a reward drawn from the associated distribution. Your goal is to maximize your reward across all of your turns.
---

Available Actions:
---

- Field Name: clientele ratification character - This action has been selected 1 time(s) for an observed mean of -49.62052129950996

- Field Name: evergreen gratify organic - This action has been selected 3 time(s) for an observed mean of -25.40348538283168

- Field Name: flee apathetic plaintiff - This action has been selected 1 time(s) for an observed mean of -70.83737255198253

---
When selecting an action, include only the name of the action. Do not include the dashes used to indicate the list here.

Please select an action from the list of action options in order to maximize the reward for your task.
When selecting an action, put the exact name of the action between action tags like: <action> action_name </action>.

Your thinking budget is 150 tokens. If you exceed this limit, you will be forced to provide an immediate answer.
Your overall generation limit is 200 tokens.
2026-01-24 18:20:03,579 - src.driver - INFO - GENERATED CONTENT: <action>  evergreen gratify organic </action> 
 PARSED ACTION: evergreen gratify organic
2026-01-24 18:20:03,580 - src.driver - INFO - You will be assigned a task. 
You will receive the actions you have available, followed by the action history. 
Your goal is to maximize the total reward across all 10 steps. We are on step 6. 

Task Assignment:
---
You are a farmer who owns 3 fields. Each action corresponds to planting your crop in a different field. Each field is associated with a Gaussian distribution with a fixed but unknown mean. At each time step, you will select a field and receive a reward drawn from the associated distribution. Your goal is to maximize your reward across all of your turns.
---

Available Actions:
---

- Field Name: clientele ratification character - This action has been selected 1 time(s) for an observed mean of -49.62052129950996

- Field Name: evergreen gratify organic - This action has been selected 4 time(s) for an observed mean of -26.436277244817703

- Field Name: flee apathetic plaintiff - This action has been selected 1 time(s) for an observed mean of -70.83737255198253

---
When selecting an action, include only the name of the action. Do not include the dashes used to indicate the list here.

Please select an action from the list of action options in order to maximize the reward for your task.
When selecting an action, put the exact name of the action between action tags like: <action> action_name </action>.

Your thinking budget is 150 tokens. If you exceed this limit, you will be forced to provide an immediate answer.
Your overall generation limit is 200 tokens.
2026-01-24 18:20:18,870 - src.driver - INFO - GENERATED CONTENT: <action>  evergreen gratify organic </action> 
 PARSED ACTION: evergreen gratify organic
2026-01-24 18:20:18,870 - src.driver - INFO - You will be assigned a task. 
You will receive the actions you have available, followed by the action history. 
Your goal is to maximize the total reward across all 10 steps. We are on step 7. 

Task Assignment:
---
You are a farmer who owns 3 fields. Each action corresponds to planting your crop in a different field. Each field is associated with a Gaussian distribution with a fixed but unknown mean. At each time step, you will select a field and receive a reward drawn from the associated distribution. Your goal is to maximize your reward across all of your turns.
---

Available Actions:
---

- Field Name: clientele ratification character - This action has been selected 1 time(s) for an observed mean of -49.62052129950996

- Field Name: evergreen gratify organic - This action has been selected 5 time(s) for an observed mean of -25.58890517485434

- Field Name: flee apathetic plaintiff - This action has been selected 1 time(s) for an observed mean of -70.83737255198253

---
When selecting an action, include only the name of the action. Do not include the dashes used to indicate the list here.

Please select an action from the list of action options in order to maximize the reward for your task.
When selecting an action, put the exact name of the action between action tags like: <action> action_name </action>.

Your thinking budget is 150 tokens. If you exceed this limit, you will be forced to provide an immediate answer.
Your overall generation limit is 200 tokens.
2026-01-24 18:20:34,152 - src.driver - INFO - GENERATED CONTENT: <action>  evergreen gratify organic </action> 
 PARSED ACTION: evergreen gratify organic
2026-01-24 18:20:34,152 - src.driver - INFO - You will be assigned a task. 
You will receive the actions you have available, followed by the action history. 
Your goal is to maximize the total reward across all 10 steps. We are on step 8. 

Task Assignment:
---
You are a farmer who owns 3 fields. Each action corresponds to planting your crop in a different field. Each field is associated with a Gaussian distribution with a fixed but unknown mean. At each time step, you will select a field and receive a reward drawn from the associated distribution. Your goal is to maximize your reward across all of your turns.
---

Available Actions:
---

- Field Name: clientele ratification character - This action has been selected 1 time(s) for an observed mean of -49.62052129950996

- Field Name: evergreen gratify organic - This action has been selected 6 time(s) for an observed mean of -25.587017606172793

- Field Name: flee apathetic plaintiff - This action has been selected 1 time(s) for an observed mean of -70.83737255198253

---
When selecting an action, include only the name of the action. Do not include the dashes used to indicate the list here.

Please select an action from the list of action options in order to maximize the reward for your task.
When selecting an action, put the exact name of the action between action tags like: <action> action_name </action>.

Your thinking budget is 150 tokens. If you exceed this limit, you will be forced to provide an immediate answer.
Your overall generation limit is 200 tokens.
2026-01-24 18:20:49,466 - src.driver - INFO - GENERATED CONTENT: <action>  evergreen gratify organic </action> 
 PARSED ACTION: evergreen gratify organic
2026-01-24 18:20:49,467 - src.driver - INFO - You will be assigned a task. 
You will receive the actions you have available, followed by the action history. 
Your goal is to maximize the total reward across all 10 steps. We are on step 9. 

Task Assignment:
---
You are a farmer who owns 3 fields. Each action corresponds to planting your crop in a different field. Each field is associated with a Gaussian distribution with a fixed but unknown mean. At each time step, you will select a field and receive a reward drawn from the associated distribution. Your goal is to maximize your reward across all of your turns.
---

Available Actions:
---

- Field Name: clientele ratification character - This action has been selected 1 time(s) for an observed mean of -49.62052129950996

- Field Name: evergreen gratify organic - This action has been selected 7 time(s) for an observed mean of -24.136983855959603

- Field Name: flee apathetic plaintiff - This action has been selected 1 time(s) for an observed mean of -70.83737255198253

---
When selecting an action, include only the name of the action. Do not include the dashes used to indicate the list here.

Please select an action from the list of action options in order to maximize the reward for your task.
When selecting an action, put the exact name of the action between action tags like: <action> action_name </action>.

Your thinking budget is 150 tokens. If you exceed this limit, you will be forced to provide an immediate answer.
Your overall generation limit is 200 tokens.
2026-01-24 18:21:04,751 - src.driver - INFO - GENERATED CONTENT: <action>  evergreen gratify organic </action> 
 PARSED ACTION: evergreen gratify organic
2026-01-24 18:21:04,767 - src.driver - INFO - You will be assigned a task. 
You will receive the actions you have available, followed by the action history. 
Your goal is to maximize the total reward across all 10 steps. We are on step 0. 

Task Assignment:
---
You are a farmer who owns 3 fields. Each action corresponds to planting your crop in a different field. Each field is associated with a Gaussian distribution with a fixed but unknown mean. At each time step, you will select a field and receive a reward drawn from the associated distribution. Your goal is to maximize your reward across all of your turns.
---

Available Actions:
---

- Field Name: top generosity clever - This action has been selected 0 time(s) for an observed mean of Unknown

- Field Name: bitch obligor slaughtering - This action has been selected 0 time(s) for an observed mean of Unknown

- Field Name: simultaneous crow matriculation - This action has been selected 0 time(s) for an observed mean of Unknown

---
When selecting an action, include only the name of the action. Do not include the dashes used to indicate the list here.

Please select an action from the list of action options in order to maximize the reward for your task.
When selecting an action, put the exact name of the action between action tags like: <action> action_name </action>.

Your thinking budget is 150 tokens. If you exceed this limit, you will be forced to provide an immediate answer.
Your overall generation limit is 200 tokens.
2026-01-24 18:21:19,631 - src.driver - INFO - GENERATED CONTENT: <action>  top generosity clever </action> 
 PARSED ACTION: top generosity clever
2026-01-24 18:21:19,631 - src.driver - INFO - You will be assigned a task. 
You will receive the actions you have available, followed by the action history. 
Your goal is to maximize the total reward across all 10 steps. We are on step 1. 

Task Assignment:
---
You are a farmer who owns 3 fields. Each action corresponds to planting your crop in a different field. Each field is associated with a Gaussian distribution with a fixed but unknown mean. At each time step, you will select a field and receive a reward drawn from the associated distribution. Your goal is to maximize your reward across all of your turns.
---

Available Actions:
---

- Field Name: top generosity clever - This action has been selected 1 time(s) for an observed mean of -20.46424283806172

- Field Name: bitch obligor slaughtering - This action has been selected 0 time(s) for an observed mean of Unknown

- Field Name: simultaneous crow matriculation - This action has been selected 0 time(s) for an observed mean of Unknown

---
When selecting an action, include only the name of the action. Do not include the dashes used to indicate the list here.

Please select an action from the list of action options in order to maximize the reward for your task.
When selecting an action, put the exact name of the action between action tags like: <action> action_name </action>.

Your thinking budget is 150 tokens. If you exceed this limit, you will be forced to provide an immediate answer.
Your overall generation limit is 200 tokens.
2026-01-24 18:21:34,857 - src.driver - INFO - GENERATED CONTENT: <action>  bitch obligor slaughtering </action> 
 PARSED ACTION: bitch obligor slaughtering
2026-01-24 18:21:34,857 - src.driver - INFO - You will be assigned a task. 
You will receive the actions you have available, followed by the action history. 
Your goal is to maximize the total reward across all 10 steps. We are on step 2. 

Task Assignment:
---
You are a farmer who owns 3 fields. Each action corresponds to planting your crop in a different field. Each field is associated with a Gaussian distribution with a fixed but unknown mean. At each time step, you will select a field and receive a reward drawn from the associated distribution. Your goal is to maximize your reward across all of your turns.
---

Available Actions:
---

- Field Name: top generosity clever - This action has been selected 1 time(s) for an observed mean of -20.46424283806172

- Field Name: bitch obligor slaughtering - This action has been selected 1 time(s) for an observed mean of -86.26035400732864

- Field Name: simultaneous crow matriculation - This action has been selected 0 time(s) for an observed mean of Unknown

---
When selecting an action, include only the name of the action. Do not include the dashes used to indicate the list here.

Please select an action from the list of action options in order to maximize the reward for your task.
When selecting an action, put the exact name of the action between action tags like: <action> action_name </action>.

Your thinking budget is 150 tokens. If you exceed this limit, you will be forced to provide an immediate answer.
Your overall generation limit is 200 tokens.
2026-01-24 18:21:50,193 - src.driver - INFO - GENERATED CONTENT: <action>  simultaneous crow matriculation </action> 
 PARSED ACTION: simultaneous crow matriculation
2026-01-24 18:21:50,194 - src.driver - INFO - You will be assigned a task. 
You will receive the actions you have available, followed by the action history. 
Your goal is to maximize the total reward across all 10 steps. We are on step 3. 

Task Assignment:
---
You are a farmer who owns 3 fields. Each action corresponds to planting your crop in a different field. Each field is associated with a Gaussian distribution with a fixed but unknown mean. At each time step, you will select a field and receive a reward drawn from the associated distribution. Your goal is to maximize your reward across all of your turns.
---

Available Actions:
---

- Field Name: top generosity clever - This action has been selected 1 time(s) for an observed mean of -20.46424283806172

- Field Name: bitch obligor slaughtering - This action has been selected 1 time(s) for an observed mean of -86.26035400732864

- Field Name: simultaneous crow matriculation - This action has been selected 1 time(s) for an observed mean of -36.32495968545565

---
When selecting an action, include only the name of the action. Do not include the dashes used to indicate the list here.

Please select an action from the list of action options in order to maximize the reward for your task.
When selecting an action, put the exact name of the action between action tags like: <action> action_name </action>.

Your thinking budget is 150 tokens. If you exceed this limit, you will be forced to provide an immediate answer.
Your overall generation limit is 200 tokens.
2026-01-24 18:22:05,363 - src.driver - INFO - GENERATED CONTENT: <action> top generosity clever</action> 
 PARSED ACTION: top generosity clever
2026-01-24 18:22:05,364 - src.driver - INFO - You will be assigned a task. 
You will receive the actions you have available, followed by the action history. 
Your goal is to maximize the total reward across all 10 steps. We are on step 4. 

Task Assignment:
---
You are a farmer who owns 3 fields. Each action corresponds to planting your crop in a different field. Each field is associated with a Gaussian distribution with a fixed but unknown mean. At each time step, you will select a field and receive a reward drawn from the associated distribution. Your goal is to maximize your reward across all of your turns.
---

Available Actions:
---

- Field Name: top generosity clever - This action has been selected 2 time(s) for an observed mean of -22.434538474909075

- Field Name: bitch obligor slaughtering - This action has been selected 1 time(s) for an observed mean of -86.26035400732864

- Field Name: simultaneous crow matriculation - This action has been selected 1 time(s) for an observed mean of -36.32495968545565

---
When selecting an action, include only the name of the action. Do not include the dashes used to indicate the list here.

Please select an action from the list of action options in order to maximize the reward for your task.
When selecting an action, put the exact name of the action between action tags like: <action> action_name </action>.

Your thinking budget is 150 tokens. If you exceed this limit, you will be forced to provide an immediate answer.
Your overall generation limit is 200 tokens.
2026-01-24 18:22:20,485 - src.driver - INFO - GENERATED CONTENT: <action>  top generosity clever </action> 
 PARSED ACTION: top generosity clever
2026-01-24 18:22:20,486 - src.driver - INFO - You will be assigned a task. 
You will receive the actions you have available, followed by the action history. 
Your goal is to maximize the total reward across all 10 steps. We are on step 5. 

Task Assignment:
---
You are a farmer who owns 3 fields. Each action corresponds to planting your crop in a different field. Each field is associated with a Gaussian distribution with a fixed but unknown mean. At each time step, you will select a field and receive a reward drawn from the associated distribution. Your goal is to maximize your reward across all of your turns.
---

Available Actions:
---

- Field Name: top generosity clever - This action has been selected 3 time(s) for an observed mean of -25.727219926091703

- Field Name: bitch obligor slaughtering - This action has been selected 1 time(s) for an observed mean of -86.26035400732864

- Field Name: simultaneous crow matriculation - This action has been selected 1 time(s) for an observed mean of -36.32495968545565

---
When selecting an action, include only the name of the action. Do not include the dashes used to indicate the list here.

Please select an action from the list of action options in order to maximize the reward for your task.
When selecting an action, put the exact name of the action between action tags like: <action> action_name </action>.

Your thinking budget is 150 tokens. If you exceed this limit, you will be forced to provide an immediate answer.
Your overall generation limit is 200 tokens.
2026-01-24 18:22:35,604 - src.driver - INFO - GENERATED CONTENT: <action>  top generosity clever </action> 
 PARSED ACTION: top generosity clever
2026-01-24 18:22:35,605 - src.driver - INFO - You will be assigned a task. 
You will receive the actions you have available, followed by the action history. 
Your goal is to maximize the total reward across all 10 steps. We are on step 6. 

Task Assignment:
---
You are a farmer who owns 3 fields. Each action corresponds to planting your crop in a different field. Each field is associated with a Gaussian distribution with a fixed but unknown mean. At each time step, you will select a field and receive a reward drawn from the associated distribution. Your goal is to maximize your reward across all of your turns.
---

Available Actions:
---

- Field Name: top generosity clever - This action has been selected 4 time(s) for an observed mean of -23.949529045243136

- Field Name: bitch obligor slaughtering - This action has been selected 1 time(s) for an observed mean of -86.26035400732864

- Field Name: simultaneous crow matriculation - This action has been selected 1 time(s) for an observed mean of -36.32495968545565

---
When selecting an action, include only the name of the action. Do not include the dashes used to indicate the list here.

Please select an action from the list of action options in order to maximize the reward for your task.
When selecting an action, put the exact name of the action between action tags like: <action> action_name </action>.

Your thinking budget is 150 tokens. If you exceed this limit, you will be forced to provide an immediate answer.
Your overall generation limit is 200 tokens.
2026-01-24 18:22:50,750 - src.driver - INFO - GENERATED CONTENT: <action>  top generosity clever </action> 
 PARSED ACTION: top generosity clever
2026-01-24 18:22:50,751 - src.driver - INFO - You will be assigned a task. 
You will receive the actions you have available, followed by the action history. 
Your goal is to maximize the total reward across all 10 steps. We are on step 7. 

Task Assignment:
---
You are a farmer who owns 3 fields. Each action corresponds to planting your crop in a different field. Each field is associated with a Gaussian distribution with a fixed but unknown mean. At each time step, you will select a field and receive a reward drawn from the associated distribution. Your goal is to maximize your reward across all of your turns.
---

Available Actions:
---

- Field Name: top generosity clever - This action has been selected 5 time(s) for an observed mean of -25.778634181586597

- Field Name: bitch obligor slaughtering - This action has been selected 1 time(s) for an observed mean of -86.26035400732864

- Field Name: simultaneous crow matriculation - This action has been selected 1 time(s) for an observed mean of -36.32495968545565

---
When selecting an action, include only the name of the action. Do not include the dashes used to indicate the list here.

Please select an action from the list of action options in order to maximize the reward for your task.
When selecting an action, put the exact name of the action between action tags like: <action> action_name </action>.

Your thinking budget is 150 tokens. If you exceed this limit, you will be forced to provide an immediate answer.
Your overall generation limit is 200 tokens.
2026-01-24 18:23:05,867 - src.driver - INFO - GENERATED CONTENT: <action>  top generosity clever </action> 
 PARSED ACTION: top generosity clever
2026-01-24 18:23:05,868 - src.driver - INFO - You will be assigned a task. 
You will receive the actions you have available, followed by the action history. 
Your goal is to maximize the total reward across all 10 steps. We are on step 8. 

Task Assignment:
---
You are a farmer who owns 3 fields. Each action corresponds to planting your crop in a different field. Each field is associated with a Gaussian distribution with a fixed but unknown mean. At each time step, you will select a field and receive a reward drawn from the associated distribution. Your goal is to maximize your reward across all of your turns.
---

Available Actions:
---

- Field Name: top generosity clever - This action has been selected 6 time(s) for an observed mean of -26.139668920480243

- Field Name: bitch obligor slaughtering - This action has been selected 1 time(s) for an observed mean of -86.26035400732864

- Field Name: simultaneous crow matriculation - This action has been selected 1 time(s) for an observed mean of -36.32495968545565

---
When selecting an action, include only the name of the action. Do not include the dashes used to indicate the list here.

Please select an action from the list of action options in order to maximize the reward for your task.
When selecting an action, put the exact name of the action between action tags like: <action> action_name </action>.

Your thinking budget is 150 tokens. If you exceed this limit, you will be forced to provide an immediate answer.
Your overall generation limit is 200 tokens.
2026-01-24 18:23:20,954 - src.driver - INFO - GENERATED CONTENT: <action>  top generosity clever </action> 
 PARSED ACTION: top generosity clever
2026-01-24 18:23:20,955 - src.driver - INFO - You will be assigned a task. 
You will receive the actions you have available, followed by the action history. 
Your goal is to maximize the total reward across all 10 steps. We are on step 9. 

Task Assignment:
---
You are a farmer who owns 3 fields. Each action corresponds to planting your crop in a different field. Each field is associated with a Gaussian distribution with a fixed but unknown mean. At each time step, you will select a field and receive a reward drawn from the associated distribution. Your goal is to maximize your reward across all of your turns.
---

Available Actions:
---

- Field Name: top generosity clever - This action has been selected 7 time(s) for an observed mean of -26.996620927162002

- Field Name: bitch obligor slaughtering - This action has been selected 1 time(s) for an observed mean of -86.26035400732864

- Field Name: simultaneous crow matriculation - This action has been selected 1 time(s) for an observed mean of -36.32495968545565

---
When selecting an action, include only the name of the action. Do not include the dashes used to indicate the list here.

Please select an action from the list of action options in order to maximize the reward for your task.
When selecting an action, put the exact name of the action between action tags like: <action> action_name </action>.

Your thinking budget is 150 tokens. If you exceed this limit, you will be forced to provide an immediate answer.
Your overall generation limit is 200 tokens.
2026-01-24 18:23:36,046 - src.driver - INFO - GENERATED CONTENT: <action>  top generosity clever </action> 
 PARSED ACTION: top generosity clever
2026-01-24 18:23:36,063 - src.driver - INFO - You will be assigned a task. 
You will receive the actions you have available, followed by the action history. 
Your goal is to maximize the total reward across all 10 steps. We are on step 0. 

Task Assignment:
---
You are a farmer who owns 3 fields. Each action corresponds to planting your crop in a different field. Each field is associated with a Gaussian distribution with a fixed but unknown mean. At each time step, you will select a field and receive a reward drawn from the associated distribution. Your goal is to maximize your reward across all of your turns.
---

Available Actions:
---

- Field Name: diplomatic hail major - This action has been selected 0 time(s) for an observed mean of Unknown

- Field Name: tired prison frustration - This action has been selected 0 time(s) for an observed mean of Unknown

- Field Name: spotty tacky spellbound - This action has been selected 0 time(s) for an observed mean of Unknown

---
When selecting an action, include only the name of the action. Do not include the dashes used to indicate the list here.

Please select an action from the list of action options in order to maximize the reward for your task.
When selecting an action, put the exact name of the action between action tags like: <action> action_name </action>.

Your thinking budget is 150 tokens. If you exceed this limit, you will be forced to provide an immediate answer.
Your overall generation limit is 200 tokens.
2026-01-24 18:23:50,890 - src.driver - INFO - GENERATED CONTENT: <action>  diplomatic hail major </action> 
 PARSED ACTION: diplomatic hail major
2026-01-24 18:23:50,891 - src.driver - INFO - You will be assigned a task. 
You will receive the actions you have available, followed by the action history. 
Your goal is to maximize the total reward across all 10 steps. We are on step 1. 

Task Assignment:
---
You are a farmer who owns 3 fields. Each action corresponds to planting your crop in a different field. Each field is associated with a Gaussian distribution with a fixed but unknown mean. At each time step, you will select a field and receive a reward drawn from the associated distribution. Your goal is to maximize your reward across all of your turns.
---

Available Actions:
---

- Field Name: diplomatic hail major - This action has been selected 1 time(s) for an observed mean of -21.05400227190763

- Field Name: tired prison frustration - This action has been selected 0 time(s) for an observed mean of Unknown

- Field Name: spotty tacky spellbound - This action has been selected 0 time(s) for an observed mean of Unknown

---
When selecting an action, include only the name of the action. Do not include the dashes used to indicate the list here.

Please select an action from the list of action options in order to maximize the reward for your task.
When selecting an action, put the exact name of the action between action tags like: <action> action_name </action>.

Your thinking budget is 150 tokens. If you exceed this limit, you will be forced to provide an immediate answer.
Your overall generation limit is 200 tokens.
2026-01-24 18:24:05,934 - src.driver - INFO - GENERATED CONTENT: <action>  tired prison frustration </action> 
 PARSED ACTION: tired prison frustration
2026-01-24 18:24:05,934 - src.driver - INFO - You will be assigned a task. 
You will receive the actions you have available, followed by the action history. 
Your goal is to maximize the total reward across all 10 steps. We are on step 2. 

Task Assignment:
---
You are a farmer who owns 3 fields. Each action corresponds to planting your crop in a different field. Each field is associated with a Gaussian distribution with a fixed but unknown mean. At each time step, you will select a field and receive a reward drawn from the associated distribution. Your goal is to maximize your reward across all of your turns.
---

Available Actions:
---

- Field Name: diplomatic hail major - This action has been selected 1 time(s) for an observed mean of -21.05400227190763

- Field Name: tired prison frustration - This action has been selected 1 time(s) for an observed mean of -70.2906599080519

- Field Name: spotty tacky spellbound - This action has been selected 0 time(s) for an observed mean of Unknown

---
When selecting an action, include only the name of the action. Do not include the dashes used to indicate the list here.

Please select an action from the list of action options in order to maximize the reward for your task.
When selecting an action, put the exact name of the action between action tags like: <action> action_name </action>.

Your thinking budget is 150 tokens. If you exceed this limit, you will be forced to provide an immediate answer.
Your overall generation limit is 200 tokens.
2026-01-24 18:24:21,213 - src.driver - INFO - GENERATED CONTENT: <action>  spotty tacky spellbound </action> 
 PARSED ACTION: spotty tacky spellbound
2026-01-24 18:24:21,214 - src.driver - INFO - You will be assigned a task. 
You will receive the actions you have available, followed by the action history. 
Your goal is to maximize the total reward across all 10 steps. We are on step 3. 

Task Assignment:
---
You are a farmer who owns 3 fields. Each action corresponds to planting your crop in a different field. Each field is associated with a Gaussian distribution with a fixed but unknown mean. At each time step, you will select a field and receive a reward drawn from the associated distribution. Your goal is to maximize your reward across all of your turns.
---

Available Actions:
---

- Field Name: diplomatic hail major - This action has been selected 1 time(s) for an observed mean of -21.05400227190763

- Field Name: tired prison frustration - This action has been selected 1 time(s) for an observed mean of -70.2906599080519

- Field Name: spotty tacky spellbound - This action has been selected 1 time(s) for an observed mean of -47.774668030698265

---
When selecting an action, include only the name of the action. Do not include the dashes used to indicate the list here.

Please select an action from the list of action options in order to maximize the reward for your task.
When selecting an action, put the exact name of the action between action tags like: <action> action_name </action>.

Your thinking budget is 150 tokens. If you exceed this limit, you will be forced to provide an immediate answer.
Your overall generation limit is 200 tokens.
2026-01-24 18:24:36,400 - src.driver - INFO - GENERATED CONTENT: <action>  diplomatic hail major </action> 
 PARSED ACTION: diplomatic hail major
2026-01-24 18:24:36,400 - src.driver - INFO - You will be assigned a task. 
You will receive the actions you have available, followed by the action history. 
Your goal is to maximize the total reward across all 10 steps. We are on step 4. 

Task Assignment:
---
You are a farmer who owns 3 fields. Each action corresponds to planting your crop in a different field. Each field is associated with a Gaussian distribution with a fixed but unknown mean. At each time step, you will select a field and receive a reward drawn from the associated distribution. Your goal is to maximize your reward across all of your turns.
---

Available Actions:
---

- Field Name: diplomatic hail major - This action has been selected 2 time(s) for an observed mean of -27.463533151628347

- Field Name: tired prison frustration - This action has been selected 1 time(s) for an observed mean of -70.2906599080519

- Field Name: spotty tacky spellbound - This action has been selected 1 time(s) for an observed mean of -47.774668030698265

---
When selecting an action, include only the name of the action. Do not include the dashes used to indicate the list here.

Please select an action from the list of action options in order to maximize the reward for your task.
When selecting an action, put the exact name of the action between action tags like: <action> action_name </action>.

Your thinking budget is 150 tokens. If you exceed this limit, you will be forced to provide an immediate answer.
Your overall generation limit is 200 tokens.
2026-01-24 18:24:51,544 - src.driver - INFO - GENERATED CONTENT: <action>  diplomatic hail major </action> 
 PARSED ACTION: diplomatic hail major
2026-01-24 18:24:51,544 - src.driver - INFO - You will be assigned a task. 
You will receive the actions you have available, followed by the action history. 
Your goal is to maximize the total reward across all 10 steps. We are on step 5. 

Task Assignment:
---
You are a farmer who owns 3 fields. Each action corresponds to planting your crop in a different field. Each field is associated with a Gaussian distribution with a fixed but unknown mean. At each time step, you will select a field and receive a reward drawn from the associated distribution. Your goal is to maximize your reward across all of your turns.
---

Available Actions:
---

- Field Name: diplomatic hail major - This action has been selected 3 time(s) for an observed mean of -25.66624238751857

- Field Name: tired prison frustration - This action has been selected 1 time(s) for an observed mean of -70.2906599080519

- Field Name: spotty tacky spellbound - This action has been selected 1 time(s) for an observed mean of -47.774668030698265

---
When selecting an action, include only the name of the action. Do not include the dashes used to indicate the list here.

Please select an action from the list of action options in order to maximize the reward for your task.
When selecting an action, put the exact name of the action between action tags like: <action> action_name </action>.

Your thinking budget is 150 tokens. If you exceed this limit, you will be forced to provide an immediate answer.
Your overall generation limit is 200 tokens.
2026-01-24 18:25:06,655 - src.driver - INFO - GENERATED CONTENT: <action>  diplomatic hail major </action> 
 PARSED ACTION: diplomatic hail major
2026-01-24 18:25:06,655 - src.driver - INFO - You will be assigned a task. 
You will receive the actions you have available, followed by the action history. 
Your goal is to maximize the total reward across all 10 steps. We are on step 6. 

Task Assignment:
---
You are a farmer who owns 3 fields. Each action corresponds to planting your crop in a different field. Each field is associated with a Gaussian distribution with a fixed but unknown mean. At each time step, you will select a field and receive a reward drawn from the associated distribution. Your goal is to maximize your reward across all of your turns.
---

Available Actions:
---

- Field Name: diplomatic hail major - This action has been selected 4 time(s) for an observed mean of -24.03904672417416

- Field Name: tired prison frustration - This action has been selected 1 time(s) for an observed mean of -70.2906599080519

- Field Name: spotty tacky spellbound - This action has been selected 1 time(s) for an observed mean of -47.774668030698265

---
When selecting an action, include only the name of the action. Do not include the dashes used to indicate the list here.

Please select an action from the list of action options in order to maximize the reward for your task.
When selecting an action, put the exact name of the action between action tags like: <action> action_name </action>.

Your thinking budget is 150 tokens. If you exceed this limit, you will be forced to provide an immediate answer.
Your overall generation limit is 200 tokens.
2026-01-24 18:25:21,779 - src.driver - INFO - GENERATED CONTENT: <action>  diplomatic hail major </action> 
 PARSED ACTION: diplomatic hail major
2026-01-24 18:25:21,780 - src.driver - INFO - You will be assigned a task. 
You will receive the actions you have available, followed by the action history. 
Your goal is to maximize the total reward across all 10 steps. We are on step 7. 

Task Assignment:
---
You are a farmer who owns 3 fields. Each action corresponds to planting your crop in a different field. Each field is associated with a Gaussian distribution with a fixed but unknown mean. At each time step, you will select a field and receive a reward drawn from the associated distribution. Your goal is to maximize your reward across all of your turns.
---

Available Actions:
---

- Field Name: diplomatic hail major - This action has been selected 5 time(s) for an observed mean of -24.670259026785434

- Field Name: tired prison frustration - This action has been selected 1 time(s) for an observed mean of -70.2906599080519

- Field Name: spotty tacky spellbound - This action has been selected 1 time(s) for an observed mean of -47.774668030698265

---
When selecting an action, include only the name of the action. Do not include the dashes used to indicate the list here.

Please select an action from the list of action options in order to maximize the reward for your task.
When selecting an action, put the exact name of the action between action tags like: <action> action_name </action>.

Your thinking budget is 150 tokens. If you exceed this limit, you will be forced to provide an immediate answer.
Your overall generation limit is 200 tokens.
2026-01-24 18:25:37,848 - src.driver - INFO - GENERATED CONTENT: <action>  diplomatic hail major </action> has the highest observed mean and should be selected to maximize reward. 
 PARSED ACTION: diplomatic hail major
2026-01-24 18:25:37,848 - src.driver - INFO - You will be assigned a task. 
You will receive the actions you have available, followed by the action history. 
Your goal is to maximize the total reward across all 10 steps. We are on step 8. 

Task Assignment:
---
You are a farmer who owns 3 fields. Each action corresponds to planting your crop in a different field. Each field is associated with a Gaussian distribution with a fixed but unknown mean. At each time step, you will select a field and receive a reward drawn from the associated distribution. Your goal is to maximize your reward across all of your turns.
---

Available Actions:
---

- Field Name: diplomatic hail major - This action has been selected 6 time(s) for an observed mean of -22.304947424880194

- Field Name: tired prison frustration - This action has been selected 1 time(s) for an observed mean of -70.2906599080519

- Field Name: spotty tacky spellbound - This action has been selected 1 time(s) for an observed mean of -47.774668030698265

---
When selecting an action, include only the name of the action. Do not include the dashes used to indicate the list here.

Please select an action from the list of action options in order to maximize the reward for your task.
When selecting an action, put the exact name of the action between action tags like: <action> action_name </action>.

Your thinking budget is 150 tokens. If you exceed this limit, you will be forced to provide an immediate answer.
Your overall generation limit is 200 tokens.
2026-01-24 18:25:53,073 - src.driver - INFO - GENERATED CONTENT: <action>  diplomatic hail major </action> 
 PARSED ACTION: diplomatic hail major
2026-01-24 18:25:53,074 - src.driver - INFO - You will be assigned a task. 
You will receive the actions you have available, followed by the action history. 
Your goal is to maximize the total reward across all 10 steps. We are on step 9. 

Task Assignment:
---
You are a farmer who owns 3 fields. Each action corresponds to planting your crop in a different field. Each field is associated with a Gaussian distribution with a fixed but unknown mean. At each time step, you will select a field and receive a reward drawn from the associated distribution. Your goal is to maximize your reward across all of your turns.
---

Available Actions:
---

- Field Name: diplomatic hail major - This action has been selected 7 time(s) for an observed mean of -23.42099466516304

- Field Name: tired prison frustration - This action has been selected 1 time(s) for an observed mean of -70.2906599080519

- Field Name: spotty tacky spellbound - This action has been selected 1 time(s) for an observed mean of -47.774668030698265

---
When selecting an action, include only the name of the action. Do not include the dashes used to indicate the list here.

Please select an action from the list of action options in order to maximize the reward for your task.
When selecting an action, put the exact name of the action between action tags like: <action> action_name </action>.

Your thinking budget is 150 tokens. If you exceed this limit, you will be forced to provide an immediate answer.
Your overall generation limit is 200 tokens.
2026-01-24 18:26:09,411 - src.driver - INFO - GENERATED CONTENT: <action>  diplomatic hail major </action> has the highest observed mean, so I will choose it to maximize the reward. 
 PARSED ACTION: diplomatic hail major
2026-01-24 18:26:09,427 - src.driver - INFO - You will be assigned a task. 
You will receive the actions you have available, followed by the action history. 
Your goal is to maximize the total reward across all 10 steps. We are on step 0. 

Task Assignment:
---
You are a farmer who owns 3 fields. Each action corresponds to planting your crop in a different field. Each field is associated with a Gaussian distribution with a fixed but unknown mean. At each time step, you will select a field and receive a reward drawn from the associated distribution. Your goal is to maximize your reward across all of your turns.
---

Available Actions:
---

- Field Name: footprint environs nod - This action has been selected 0 time(s) for an observed mean of Unknown

- Field Name: unhealthy unholy anguish - This action has been selected 0 time(s) for an observed mean of Unknown

- Field Name: holy worth antidote - This action has been selected 0 time(s) for an observed mean of Unknown

---
When selecting an action, include only the name of the action. Do not include the dashes used to indicate the list here.

Please select an action from the list of action options in order to maximize the reward for your task.
When selecting an action, put the exact name of the action between action tags like: <action> action_name </action>.

Your thinking budget is 150 tokens. If you exceed this limit, you will be forced to provide an immediate answer.
Your overall generation limit is 200 tokens.
2026-01-24 18:26:24,515 - src.driver - INFO - GENERATED CONTENT: <action>  footprint environs nod </action> 
 PARSED ACTION: footprint environs nod
2026-01-24 18:26:24,515 - src.driver - INFO - You will be assigned a task. 
You will receive the actions you have available, followed by the action history. 
Your goal is to maximize the total reward across all 10 steps. We are on step 1. 

Task Assignment:
---
You are a farmer who owns 3 fields. Each action corresponds to planting your crop in a different field. Each field is associated with a Gaussian distribution with a fixed but unknown mean. At each time step, you will select a field and receive a reward drawn from the associated distribution. Your goal is to maximize your reward across all of your turns.
---

Available Actions:
---

- Field Name: footprint environs nod - This action has been selected 1 time(s) for an observed mean of -50.637027963249466

- Field Name: unhealthy unholy anguish - This action has been selected 0 time(s) for an observed mean of Unknown

- Field Name: holy worth antidote - This action has been selected 0 time(s) for an observed mean of Unknown

---
When selecting an action, include only the name of the action. Do not include the dashes used to indicate the list here.

Please select an action from the list of action options in order to maximize the reward for your task.
When selecting an action, put the exact name of the action between action tags like: <action> action_name </action>.

Your thinking budget is 150 tokens. If you exceed this limit, you will be forced to provide an immediate answer.
Your overall generation limit is 200 tokens.
2026-01-24 18:26:39,633 - src.driver - INFO - GENERATED CONTENT: <action>  unhealthy unholy anguish </action> 
 PARSED ACTION: unhealthy unholy anguish
2026-01-24 18:26:39,634 - src.driver - INFO - You will be assigned a task. 
You will receive the actions you have available, followed by the action history. 
Your goal is to maximize the total reward across all 10 steps. We are on step 2. 

Task Assignment:
---
You are a farmer who owns 3 fields. Each action corresponds to planting your crop in a different field. Each field is associated with a Gaussian distribution with a fixed but unknown mean. At each time step, you will select a field and receive a reward drawn from the associated distribution. Your goal is to maximize your reward across all of your turns.
---

Available Actions:
---

- Field Name: footprint environs nod - This action has been selected 1 time(s) for an observed mean of -50.637027963249466

- Field Name: unhealthy unholy anguish - This action has been selected 1 time(s) for an observed mean of -75.11551074268368

- Field Name: holy worth antidote - This action has been selected 0 time(s) for an observed mean of Unknown

---
When selecting an action, include only the name of the action. Do not include the dashes used to indicate the list here.

Please select an action from the list of action options in order to maximize the reward for your task.
When selecting an action, put the exact name of the action between action tags like: <action> action_name </action>.

Your thinking budget is 150 tokens. If you exceed this limit, you will be forced to provide an immediate answer.
Your overall generation limit is 200 tokens.
2026-01-24 18:26:54,826 - src.driver - INFO - GENERATED CONTENT: <action>  holy worth antidote </action> 
 PARSED ACTION: holy worth antidote
2026-01-24 18:26:54,827 - src.driver - INFO - You will be assigned a task. 
You will receive the actions you have available, followed by the action history. 
Your goal is to maximize the total reward across all 10 steps. We are on step 3. 

Task Assignment:
---
You are a farmer who owns 3 fields. Each action corresponds to planting your crop in a different field. Each field is associated with a Gaussian distribution with a fixed but unknown mean. At each time step, you will select a field and receive a reward drawn from the associated distribution. Your goal is to maximize your reward across all of your turns.
---

Available Actions:
---

- Field Name: footprint environs nod - This action has been selected 1 time(s) for an observed mean of -50.637027963249466

- Field Name: unhealthy unholy anguish - This action has been selected 1 time(s) for an observed mean of -75.11551074268368

- Field Name: holy worth antidote - This action has been selected 1 time(s) for an observed mean of -29.292264301897212

---
When selecting an action, include only the name of the action. Do not include the dashes used to indicate the list here.

Please select an action from the list of action options in order to maximize the reward for your task.
When selecting an action, put the exact name of the action between action tags like: <action> action_name </action>.

Your thinking budget is 150 tokens. If you exceed this limit, you will be forced to provide an immediate answer.
Your overall generation limit is 200 tokens.
2026-01-24 18:27:10,062 - src.driver - INFO - GENERATED CONTENT: <action>  holy worth antidote </action> 
 PARSED ACTION: holy worth antidote
2026-01-24 18:27:10,062 - src.driver - INFO - You will be assigned a task. 
You will receive the actions you have available, followed by the action history. 
Your goal is to maximize the total reward across all 10 steps. We are on step 4. 

Task Assignment:
---
You are a farmer who owns 3 fields. Each action corresponds to planting your crop in a different field. Each field is associated with a Gaussian distribution with a fixed but unknown mean. At each time step, you will select a field and receive a reward drawn from the associated distribution. Your goal is to maximize your reward across all of your turns.
---

Available Actions:
---

- Field Name: footprint environs nod - This action has been selected 1 time(s) for an observed mean of -50.637027963249466

- Field Name: unhealthy unholy anguish - This action has been selected 1 time(s) for an observed mean of -75.11551074268368

- Field Name: holy worth antidote - This action has been selected 2 time(s) for an observed mean of -22.941746031740205

---
When selecting an action, include only the name of the action. Do not include the dashes used to indicate the list here.

Please select an action from the list of action options in order to maximize the reward for your task.
When selecting an action, put the exact name of the action between action tags like: <action> action_name </action>.

Your thinking budget is 150 tokens. If you exceed this limit, you will be forced to provide an immediate answer.
Your overall generation limit is 200 tokens.
2026-01-24 18:27:26,255 - src.driver - INFO - GENERATED CONTENT: <action>  holy worth antidote </action> has the highest observed mean and should be selected to maximize reward. 
 PARSED ACTION: holy worth antidote
2026-01-24 18:27:26,256 - src.driver - INFO - You will be assigned a task. 
You will receive the actions you have available, followed by the action history. 
Your goal is to maximize the total reward across all 10 steps. We are on step 5. 

Task Assignment:
---
You are a farmer who owns 3 fields. Each action corresponds to planting your crop in a different field. Each field is associated with a Gaussian distribution with a fixed but unknown mean. At each time step, you will select a field and receive a reward drawn from the associated distribution. Your goal is to maximize your reward across all of your turns.
---

Available Actions:
---

- Field Name: footprint environs nod - This action has been selected 1 time(s) for an observed mean of -50.637027963249466

- Field Name: unhealthy unholy anguish - This action has been selected 1 time(s) for an observed mean of -75.11551074268368

- Field Name: holy worth antidote - This action has been selected 3 time(s) for an observed mean of -21.660600619062198

---
When selecting an action, include only the name of the action. Do not include the dashes used to indicate the list here.

Please select an action from the list of action options in order to maximize the reward for your task.
When selecting an action, put the exact name of the action between action tags like: <action> action_name </action>.

Your thinking budget is 150 tokens. If you exceed this limit, you will be forced to provide an immediate answer.
Your overall generation limit is 200 tokens.
2026-01-24 18:27:41,526 - src.driver - INFO - GENERATED CONTENT: <action>  holy worth antidote </action> 
 PARSED ACTION: holy worth antidote
2026-01-24 18:27:41,527 - src.driver - INFO - You will be assigned a task. 
You will receive the actions you have available, followed by the action history. 
Your goal is to maximize the total reward across all 10 steps. We are on step 6. 

Task Assignment:
---
You are a farmer who owns 3 fields. Each action corresponds to planting your crop in a different field. Each field is associated with a Gaussian distribution with a fixed but unknown mean. At each time step, you will select a field and receive a reward drawn from the associated distribution. Your goal is to maximize your reward across all of your turns.
---

Available Actions:
---

- Field Name: footprint environs nod - This action has been selected 1 time(s) for an observed mean of -50.637027963249466

- Field Name: unhealthy unholy anguish - This action has been selected 1 time(s) for an observed mean of -75.11551074268368

- Field Name: holy worth antidote - This action has been selected 4 time(s) for an observed mean of -23.881622162702058

---
When selecting an action, include only the name of the action. Do not include the dashes used to indicate the list here.

Please select an action from the list of action options in order to maximize the reward for your task.
When selecting an action, put the exact name of the action between action tags like: <action> action_name </action>.

Your thinking budget is 150 tokens. If you exceed this limit, you will be forced to provide an immediate answer.
Your overall generation limit is 200 tokens.
2026-01-24 18:27:58,319 - src.driver - INFO - GENERATED CONTENT: <action>  holy worth antidote </action> has the highest observed mean and has been selected the most, suggesting it's the best choice to maximize reward 
 PARSED ACTION: holy worth antidote
2026-01-24 18:27:58,319 - src.driver - INFO - You will be assigned a task. 
You will receive the actions you have available, followed by the action history. 
Your goal is to maximize the total reward across all 10 steps. We are on step 7. 

Task Assignment:
---
You are a farmer who owns 3 fields. Each action corresponds to planting your crop in a different field. Each field is associated with a Gaussian distribution with a fixed but unknown mean. At each time step, you will select a field and receive a reward drawn from the associated distribution. Your goal is to maximize your reward across all of your turns.
---

Available Actions:
---

- Field Name: footprint environs nod - This action has been selected 1 time(s) for an observed mean of -50.637027963249466

- Field Name: unhealthy unholy anguish - This action has been selected 1 time(s) for an observed mean of -75.11551074268368

- Field Name: holy worth antidote - This action has been selected 5 time(s) for an observed mean of -23.998295411107286

---
When selecting an action, include only the name of the action. Do not include the dashes used to indicate the list here.

Please select an action from the list of action options in order to maximize the reward for your task.
When selecting an action, put the exact name of the action between action tags like: <action> action_name </action>.

Your thinking budget is 150 tokens. If you exceed this limit, you will be forced to provide an immediate answer.
Your overall generation limit is 200 tokens.
2026-01-24 18:28:13,597 - src.driver - INFO - GENERATED CONTENT: <action>  holy worth antidote </action> 
 PARSED ACTION: holy worth antidote
2026-01-24 18:28:13,598 - src.driver - INFO - You will be assigned a task. 
You will receive the actions you have available, followed by the action history. 
Your goal is to maximize the total reward across all 10 steps. We are on step 8. 

Task Assignment:
---
You are a farmer who owns 3 fields. Each action corresponds to planting your crop in a different field. Each field is associated with a Gaussian distribution with a fixed but unknown mean. At each time step, you will select a field and receive a reward drawn from the associated distribution. Your goal is to maximize your reward across all of your turns.
---

Available Actions:
---

- Field Name: footprint environs nod - This action has been selected 1 time(s) for an observed mean of -50.637027963249466

- Field Name: unhealthy unholy anguish - This action has been selected 1 time(s) for an observed mean of -75.11551074268368

- Field Name: holy worth antidote - This action has been selected 6 time(s) for an observed mean of -25.468673447197414

---
When selecting an action, include only the name of the action. Do not include the dashes used to indicate the list here.

Please select an action from the list of action options in order to maximize the reward for your task.
When selecting an action, put the exact name of the action between action tags like: <action> action_name </action>.

Your thinking budget is 150 tokens. If you exceed this limit, you will be forced to provide an immediate answer.
Your overall generation limit is 200 tokens.
2026-01-24 18:28:28,835 - src.driver - INFO - GENERATED CONTENT: <action>  holy worth antidote </action> 
 PARSED ACTION: holy worth antidote
2026-01-24 18:28:28,835 - src.driver - INFO - You will be assigned a task. 
You will receive the actions you have available, followed by the action history. 
Your goal is to maximize the total reward across all 10 steps. We are on step 9. 

Task Assignment:
---
You are a farmer who owns 3 fields. Each action corresponds to planting your crop in a different field. Each field is associated with a Gaussian distribution with a fixed but unknown mean. At each time step, you will select a field and receive a reward drawn from the associated distribution. Your goal is to maximize your reward across all of your turns.
---

Available Actions:
---

- Field Name: footprint environs nod - This action has been selected 1 time(s) for an observed mean of -50.637027963249466

- Field Name: unhealthy unholy anguish - This action has been selected 1 time(s) for an observed mean of -75.11551074268368

- Field Name: holy worth antidote - This action has been selected 7 time(s) for an observed mean of -25.583142868322394

---
When selecting an action, include only the name of the action. Do not include the dashes used to indicate the list here.

Please select an action from the list of action options in order to maximize the reward for your task.
When selecting an action, put the exact name of the action between action tags like: <action> action_name </action>.

Your thinking budget is 150 tokens. If you exceed this limit, you will be forced to provide an immediate answer.
Your overall generation limit is 200 tokens.
2026-01-24 18:28:44,022 - src.driver - INFO - GENERATED CONTENT: <action>  holy worth antidote </action> 
 PARSED ACTION: holy worth antidote
2026-01-24 18:28:44,039 - src.driver - INFO - You will be assigned a task. 
You will receive the actions you have available, followed by the action history. 
Your goal is to maximize the total reward across all 10 steps. We are on step 0. 

Task Assignment:
---
You are a farmer who owns 3 fields. Each action corresponds to planting your crop in a different field. Each field is associated with a Gaussian distribution with a fixed but unknown mean. At each time step, you will select a field and receive a reward drawn from the associated distribution. Your goal is to maximize your reward across all of your turns.
---

Available Actions:
---

- Field Name: gracious endure dashing - This action has been selected 0 time(s) for an observed mean of Unknown

- Field Name: grated poisoning incestuous - This action has been selected 0 time(s) for an observed mean of Unknown

- Field Name: clientele ratification character - This action has been selected 0 time(s) for an observed mean of Unknown

---
When selecting an action, include only the name of the action. Do not include the dashes used to indicate the list here.

Please select an action from the list of action options in order to maximize the reward for your task.
When selecting an action, put the exact name of the action between action tags like: <action> action_name </action>.

Your thinking budget is 150 tokens. If you exceed this limit, you will be forced to provide an immediate answer.
Your overall generation limit is 200 tokens.
2026-01-24 18:28:58,969 - src.driver - INFO - GENERATED CONTENT: <action>  gracious endure dashing </action> 
 PARSED ACTION: gracious endure dashing
2026-01-24 18:28:58,970 - src.driver - INFO - You will be assigned a task. 
You will receive the actions you have available, followed by the action history. 
Your goal is to maximize the total reward across all 10 steps. We are on step 1. 

Task Assignment:
---
You are a farmer who owns 3 fields. Each action corresponds to planting your crop in a different field. Each field is associated with a Gaussian distribution with a fixed but unknown mean. At each time step, you will select a field and receive a reward drawn from the associated distribution. Your goal is to maximize your reward across all of your turns.
---

Available Actions:
---

- Field Name: gracious endure dashing - This action has been selected 1 time(s) for an observed mean of -30.29519178122741

- Field Name: grated poisoning incestuous - This action has been selected 0 time(s) for an observed mean of Unknown

- Field Name: clientele ratification character - This action has been selected 0 time(s) for an observed mean of Unknown

---
When selecting an action, include only the name of the action. Do not include the dashes used to indicate the list here.

Please select an action from the list of action options in order to maximize the reward for your task.
When selecting an action, put the exact name of the action between action tags like: <action> action_name </action>.

Your thinking budget is 150 tokens. If you exceed this limit, you will be forced to provide an immediate answer.
Your overall generation limit is 200 tokens.
2026-01-24 18:29:14,092 - src.driver - INFO - GENERATED CONTENT: <action>  grated poisoning incestuous </action> 
 PARSED ACTION: grated poisoning incestuous
2026-01-24 18:29:14,093 - src.driver - INFO - You will be assigned a task. 
You will receive the actions you have available, followed by the action history. 
Your goal is to maximize the total reward across all 10 steps. We are on step 2. 

Task Assignment:
---
You are a farmer who owns 3 fields. Each action corresponds to planting your crop in a different field. Each field is associated with a Gaussian distribution with a fixed but unknown mean. At each time step, you will select a field and receive a reward drawn from the associated distribution. Your goal is to maximize your reward across all of your turns.
---

Available Actions:
---

- Field Name: gracious endure dashing - This action has been selected 1 time(s) for an observed mean of -30.29519178122741

- Field Name: grated poisoning incestuous - This action has been selected 1 time(s) for an observed mean of -72.98957845705134

- Field Name: clientele ratification character - This action has been selected 0 time(s) for an observed mean of Unknown

---
When selecting an action, include only the name of the action. Do not include the dashes used to indicate the list here.

Please select an action from the list of action options in order to maximize the reward for your task.
When selecting an action, put the exact name of the action between action tags like: <action> action_name </action>.

Your thinking budget is 150 tokens. If you exceed this limit, you will be forced to provide an immediate answer.
Your overall generation limit is 200 tokens.
2026-01-24 18:29:29,301 - src.driver - INFO - GENERATED CONTENT: <action>  clientele ratification character </action> 
 PARSED ACTION: clientele ratification character
2026-01-24 18:29:29,302 - src.driver - INFO - You will be assigned a task. 
You will receive the actions you have available, followed by the action history. 
Your goal is to maximize the total reward across all 10 steps. We are on step 3. 

Task Assignment:
---
You are a farmer who owns 3 fields. Each action corresponds to planting your crop in a different field. Each field is associated with a Gaussian distribution with a fixed but unknown mean. At each time step, you will select a field and receive a reward drawn from the associated distribution. Your goal is to maximize your reward across all of your turns.
---

Available Actions:
---

- Field Name: gracious endure dashing - This action has been selected 1 time(s) for an observed mean of -30.29519178122741

- Field Name: grated poisoning incestuous - This action has been selected 1 time(s) for an observed mean of -72.98957845705134

- Field Name: clientele ratification character - This action has been selected 1 time(s) for an observed mean of -38.87550517630518

---
When selecting an action, include only the name of the action. Do not include the dashes used to indicate the list here.

Please select an action from the list of action options in order to maximize the reward for your task.
When selecting an action, put the exact name of the action between action tags like: <action> action_name </action>.

Your thinking budget is 150 tokens. If you exceed this limit, you will be forced to provide an immediate answer.
Your overall generation limit is 200 tokens.
2026-01-24 18:29:44,564 - src.driver - INFO - GENERATED CONTENT: <action> gracious endure dashing</action> 
 PARSED ACTION: gracious endure dashing
2026-01-24 18:29:44,564 - src.driver - INFO - You will be assigned a task. 
You will receive the actions you have available, followed by the action history. 
Your goal is to maximize the total reward across all 10 steps. We are on step 4. 

Task Assignment:
---
You are a farmer who owns 3 fields. Each action corresponds to planting your crop in a different field. Each field is associated with a Gaussian distribution with a fixed but unknown mean. At each time step, you will select a field and receive a reward drawn from the associated distribution. Your goal is to maximize your reward across all of your turns.
---

Available Actions:
---

- Field Name: gracious endure dashing - This action has been selected 2 time(s) for an observed mean of -25.78375945186215

- Field Name: grated poisoning incestuous - This action has been selected 1 time(s) for an observed mean of -72.98957845705134

- Field Name: clientele ratification character - This action has been selected 1 time(s) for an observed mean of -38.87550517630518

---
When selecting an action, include only the name of the action. Do not include the dashes used to indicate the list here.

Please select an action from the list of action options in order to maximize the reward for your task.
When selecting an action, put the exact name of the action between action tags like: <action> action_name </action>.

Your thinking budget is 150 tokens. If you exceed this limit, you will be forced to provide an immediate answer.
Your overall generation limit is 200 tokens.
2026-01-24 18:29:59,784 - src.driver - INFO - GENERATED CONTENT: <action>  gracious endure dashing </action> 
 PARSED ACTION: gracious endure dashing
2026-01-24 18:29:59,785 - src.driver - INFO - You will be assigned a task. 
You will receive the actions you have available, followed by the action history. 
Your goal is to maximize the total reward across all 10 steps. We are on step 5. 

Task Assignment:
---
You are a farmer who owns 3 fields. Each action corresponds to planting your crop in a different field. Each field is associated with a Gaussian distribution with a fixed but unknown mean. At each time step, you will select a field and receive a reward drawn from the associated distribution. Your goal is to maximize your reward across all of your turns.
---

Available Actions:
---

- Field Name: gracious endure dashing - This action has been selected 3 time(s) for an observed mean of -22.655209116700153

- Field Name: grated poisoning incestuous - This action has been selected 1 time(s) for an observed mean of -72.98957845705134

- Field Name: clientele ratification character - This action has been selected 1 time(s) for an observed mean of -38.87550517630518

---
When selecting an action, include only the name of the action. Do not include the dashes used to indicate the list here.

Please select an action from the list of action options in order to maximize the reward for your task.
When selecting an action, put the exact name of the action between action tags like: <action> action_name </action>.

Your thinking budget is 150 tokens. If you exceed this limit, you will be forced to provide an immediate answer.
Your overall generation limit is 200 tokens.
2026-01-24 18:30:14,991 - src.driver - INFO - GENERATED CONTENT: <action>  gracious endure dashing </action> 
 PARSED ACTION: gracious endure dashing
2026-01-24 18:30:14,991 - src.driver - INFO - You will be assigned a task. 
You will receive the actions you have available, followed by the action history. 
Your goal is to maximize the total reward across all 10 steps. We are on step 6. 

Task Assignment:
---
You are a farmer who owns 3 fields. Each action corresponds to planting your crop in a different field. Each field is associated with a Gaussian distribution with a fixed but unknown mean. At each time step, you will select a field and receive a reward drawn from the associated distribution. Your goal is to maximize your reward across all of your turns.
---

Available Actions:
---

- Field Name: gracious endure dashing - This action has been selected 4 time(s) for an observed mean of -26.622989146617783

- Field Name: grated poisoning incestuous - This action has been selected 1 time(s) for an observed mean of -72.98957845705134

- Field Name: clientele ratification character - This action has been selected 1 time(s) for an observed mean of -38.87550517630518

---
When selecting an action, include only the name of the action. Do not include the dashes used to indicate the list here.

Please select an action from the list of action options in order to maximize the reward for your task.
When selecting an action, put the exact name of the action between action tags like: <action> action_name </action>.

Your thinking budget is 150 tokens. If you exceed this limit, you will be forced to provide an immediate answer.
Your overall generation limit is 200 tokens.
2026-01-24 18:30:30,290 - src.driver - INFO - GENERATED CONTENT: <action> gracious endure dashing</action> 
 PARSED ACTION: gracious endure dashing
2026-01-24 18:30:30,291 - src.driver - INFO - You will be assigned a task. 
You will receive the actions you have available, followed by the action history. 
Your goal is to maximize the total reward across all 10 steps. We are on step 7. 

Task Assignment:
---
You are a farmer who owns 3 fields. Each action corresponds to planting your crop in a different field. Each field is associated with a Gaussian distribution with a fixed but unknown mean. At each time step, you will select a field and receive a reward drawn from the associated distribution. Your goal is to maximize your reward across all of your turns.
---

Available Actions:
---

- Field Name: gracious endure dashing - This action has been selected 5 time(s) for an observed mean of -25.57770018282897

- Field Name: grated poisoning incestuous - This action has been selected 1 time(s) for an observed mean of -72.98957845705134

- Field Name: clientele ratification character - This action has been selected 1 time(s) for an observed mean of -38.87550517630518

---
When selecting an action, include only the name of the action. Do not include the dashes used to indicate the list here.

Please select an action from the list of action options in order to maximize the reward for your task.
When selecting an action, put the exact name of the action between action tags like: <action> action_name </action>.

Your thinking budget is 150 tokens. If you exceed this limit, you will be forced to provide an immediate answer.
Your overall generation limit is 200 tokens.
2026-01-24 18:30:45,563 - src.driver - INFO - GENERATED CONTENT: <action> gracious endure dashing</action> 
 PARSED ACTION: gracious endure dashing
2026-01-24 18:30:45,564 - src.driver - INFO - You will be assigned a task. 
You will receive the actions you have available, followed by the action history. 
Your goal is to maximize the total reward across all 10 steps. We are on step 8. 

Task Assignment:
---
You are a farmer who owns 3 fields. Each action corresponds to planting your crop in a different field. Each field is associated with a Gaussian distribution with a fixed but unknown mean. At each time step, you will select a field and receive a reward drawn from the associated distribution. Your goal is to maximize your reward across all of your turns.
---

Available Actions:
---

- Field Name: gracious endure dashing - This action has been selected 6 time(s) for an observed mean of -23.978218741941806

- Field Name: grated poisoning incestuous - This action has been selected 1 time(s) for an observed mean of -72.98957845705134

- Field Name: clientele ratification character - This action has been selected 1 time(s) for an observed mean of -38.87550517630518

---
When selecting an action, include only the name of the action. Do not include the dashes used to indicate the list here.

Please select an action from the list of action options in order to maximize the reward for your task.
When selecting an action, put the exact name of the action between action tags like: <action> action_name </action>.

Your thinking budget is 150 tokens. If you exceed this limit, you will be forced to provide an immediate answer.
Your overall generation limit is 200 tokens.
2026-01-24 18:31:00,872 - src.driver - INFO - GENERATED CONTENT: <action> gracious endure dashing</action> 
 PARSED ACTION: gracious endure dashing
2026-01-24 18:31:00,873 - src.driver - INFO - You will be assigned a task. 
You will receive the actions you have available, followed by the action history. 
Your goal is to maximize the total reward across all 10 steps. We are on step 9. 

Task Assignment:
---
You are a farmer who owns 3 fields. Each action corresponds to planting your crop in a different field. Each field is associated with a Gaussian distribution with a fixed but unknown mean. At each time step, you will select a field and receive a reward drawn from the associated distribution. Your goal is to maximize your reward across all of your turns.
---

Available Actions:
---

- Field Name: gracious endure dashing - This action has been selected 7 time(s) for an observed mean of -23.79403519313048

- Field Name: grated poisoning incestuous - This action has been selected 1 time(s) for an observed mean of -72.98957845705134

- Field Name: clientele ratification character - This action has been selected 1 time(s) for an observed mean of -38.87550517630518

---
When selecting an action, include only the name of the action. Do not include the dashes used to indicate the list here.

Please select an action from the list of action options in order to maximize the reward for your task.
When selecting an action, put the exact name of the action between action tags like: <action> action_name </action>.

Your thinking budget is 150 tokens. If you exceed this limit, you will be forced to provide an immediate answer.
Your overall generation limit is 200 tokens.
2026-01-24 18:31:16,050 - src.driver - INFO - GENERATED CONTENT: <action>  gracious endure dashing </action> 
 PARSED ACTION: gracious endure dashing
2026-01-24 18:31:16,067 - src.driver - INFO - You will be assigned a task. 
You will receive the actions you have available, followed by the action history. 
Your goal is to maximize the total reward across all 10 steps. We are on step 0. 

Task Assignment:
---
You are a farmer who owns 3 fields. Each action corresponds to planting your crop in a different field. Each field is associated with a Gaussian distribution with a fixed but unknown mean. At each time step, you will select a field and receive a reward drawn from the associated distribution. Your goal is to maximize your reward across all of your turns.
---

Available Actions:
---

- Field Name: delirium indifference exaggerated - This action has been selected 0 time(s) for an observed mean of Unknown

- Field Name: clientele ratification character - This action has been selected 0 time(s) for an observed mean of Unknown

- Field Name: smile supremely immortal - This action has been selected 0 time(s) for an observed mean of Unknown

---
When selecting an action, include only the name of the action. Do not include the dashes used to indicate the list here.

Please select an action from the list of action options in order to maximize the reward for your task.
When selecting an action, put the exact name of the action between action tags like: <action> action_name </action>.

Your thinking budget is 150 tokens. If you exceed this limit, you will be forced to provide an immediate answer.
Your overall generation limit is 200 tokens.
2026-01-24 18:31:31,043 - src.driver - INFO - GENERATED CONTENT: <action>  delirium indifference exaggerated </action> 
 PARSED ACTION: delirium indifference exaggerated
2026-01-24 18:31:31,044 - src.driver - INFO - You will be assigned a task. 
You will receive the actions you have available, followed by the action history. 
Your goal is to maximize the total reward across all 10 steps. We are on step 1. 

Task Assignment:
---
You are a farmer who owns 3 fields. Each action corresponds to planting your crop in a different field. Each field is associated with a Gaussian distribution with a fixed but unknown mean. At each time step, you will select a field and receive a reward drawn from the associated distribution. Your goal is to maximize your reward across all of your turns.
---

Available Actions:
---

- Field Name: delirium indifference exaggerated - This action has been selected 1 time(s) for an observed mean of -73.27914321948158

- Field Name: clientele ratification character - This action has been selected 0 time(s) for an observed mean of Unknown

- Field Name: smile supremely immortal - This action has been selected 0 time(s) for an observed mean of Unknown

---
When selecting an action, include only the name of the action. Do not include the dashes used to indicate the list here.

Please select an action from the list of action options in order to maximize the reward for your task.
When selecting an action, put the exact name of the action between action tags like: <action> action_name </action>.

Your thinking budget is 150 tokens. If you exceed this limit, you will be forced to provide an immediate answer.
Your overall generation limit is 200 tokens.
2026-01-24 18:31:46,152 - src.driver - INFO - GENERATED CONTENT: <action>  clientele ratification character </action> 
 PARSED ACTION: clientele ratification character
2026-01-24 18:31:46,153 - src.driver - INFO - You will be assigned a task. 
You will receive the actions you have available, followed by the action history. 
Your goal is to maximize the total reward across all 10 steps. We are on step 2. 

Task Assignment:
---
You are a farmer who owns 3 fields. Each action corresponds to planting your crop in a different field. Each field is associated with a Gaussian distribution with a fixed but unknown mean. At each time step, you will select a field and receive a reward drawn from the associated distribution. Your goal is to maximize your reward across all of your turns.
---

Available Actions:
---

- Field Name: delirium indifference exaggerated - This action has been selected 1 time(s) for an observed mean of -73.27914321948158

- Field Name: clientele ratification character - This action has been selected 1 time(s) for an observed mean of -43.017630586971656

- Field Name: smile supremely immortal - This action has been selected 0 time(s) for an observed mean of Unknown

---
When selecting an action, include only the name of the action. Do not include the dashes used to indicate the list here.

Please select an action from the list of action options in order to maximize the reward for your task.
When selecting an action, put the exact name of the action between action tags like: <action> action_name </action>.

Your thinking budget is 150 tokens. If you exceed this limit, you will be forced to provide an immediate answer.
Your overall generation limit is 200 tokens.
2026-01-24 18:32:01,350 - src.driver - INFO - GENERATED CONTENT: <action>  smile supremely immortal </action> 
 PARSED ACTION: smile supremely immortal
2026-01-24 18:32:01,351 - src.driver - INFO - You will be assigned a task. 
You will receive the actions you have available, followed by the action history. 
Your goal is to maximize the total reward across all 10 steps. We are on step 3. 

Task Assignment:
---
You are a farmer who owns 3 fields. Each action corresponds to planting your crop in a different field. Each field is associated with a Gaussian distribution with a fixed but unknown mean. At each time step, you will select a field and receive a reward drawn from the associated distribution. Your goal is to maximize your reward across all of your turns.
---

Available Actions:
---

- Field Name: delirium indifference exaggerated - This action has been selected 1 time(s) for an observed mean of -73.27914321948158

- Field Name: clientele ratification character - This action has been selected 1 time(s) for an observed mean of -43.017630586971656

- Field Name: smile supremely immortal - This action has been selected 1 time(s) for an observed mean of -25.598713230620213

---
When selecting an action, include only the name of the action. Do not include the dashes used to indicate the list here.

Please select an action from the list of action options in order to maximize the reward for your task.
When selecting an action, put the exact name of the action between action tags like: <action> action_name </action>.

Your thinking budget is 150 tokens. If you exceed this limit, you will be forced to provide an immediate answer.
Your overall generation limit is 200 tokens.
2026-01-24 18:32:16,521 - src.driver - INFO - GENERATED CONTENT: <action>  smile supremely immortal </action> 
 PARSED ACTION: smile supremely immortal
2026-01-24 18:32:16,522 - src.driver - INFO - You will be assigned a task. 
You will receive the actions you have available, followed by the action history. 
Your goal is to maximize the total reward across all 10 steps. We are on step 4. 

Task Assignment:
---
You are a farmer who owns 3 fields. Each action corresponds to planting your crop in a different field. Each field is associated with a Gaussian distribution with a fixed but unknown mean. At each time step, you will select a field and receive a reward drawn from the associated distribution. Your goal is to maximize your reward across all of your turns.
---

Available Actions:
---

- Field Name: delirium indifference exaggerated - This action has been selected 1 time(s) for an observed mean of -73.27914321948158

- Field Name: clientele ratification character - This action has been selected 1 time(s) for an observed mean of -43.017630586971656

- Field Name: smile supremely immortal - This action has been selected 2 time(s) for an observed mean of -23.460655719599416

---
When selecting an action, include only the name of the action. Do not include the dashes used to indicate the list here.

Please select an action from the list of action options in order to maximize the reward for your task.
When selecting an action, put the exact name of the action between action tags like: <action> action_name </action>.

Your thinking budget is 150 tokens. If you exceed this limit, you will be forced to provide an immediate answer.
Your overall generation limit is 200 tokens.
2026-01-24 18:32:31,769 - src.driver - INFO - GENERATED CONTENT: <action>  smile supremely immortal </action> 
 PARSED ACTION: smile supremely immortal
2026-01-24 18:32:31,769 - src.driver - INFO - You will be assigned a task. 
You will receive the actions you have available, followed by the action history. 
Your goal is to maximize the total reward across all 10 steps. We are on step 5. 

Task Assignment:
---
You are a farmer who owns 3 fields. Each action corresponds to planting your crop in a different field. Each field is associated with a Gaussian distribution with a fixed but unknown mean. At each time step, you will select a field and receive a reward drawn from the associated distribution. Your goal is to maximize your reward across all of your turns.
---

Available Actions:
---

- Field Name: delirium indifference exaggerated - This action has been selected 1 time(s) for an observed mean of -73.27914321948158

- Field Name: clientele ratification character - This action has been selected 1 time(s) for an observed mean of -43.017630586971656

- Field Name: smile supremely immortal - This action has been selected 3 time(s) for an observed mean of -24.36794337048646

---
When selecting an action, include only the name of the action. Do not include the dashes used to indicate the list here.

Please select an action from the list of action options in order to maximize the reward for your task.
When selecting an action, put the exact name of the action between action tags like: <action> action_name </action>.

Your thinking budget is 150 tokens. If you exceed this limit, you will be forced to provide an immediate answer.
Your overall generation limit is 200 tokens.
2026-01-24 18:32:46,997 - src.driver - INFO - GENERATED CONTENT: <action>  smile supremely immortal </action> 
 PARSED ACTION: smile supremely immortal
2026-01-24 18:32:46,998 - src.driver - INFO - You will be assigned a task. 
You will receive the actions you have available, followed by the action history. 
Your goal is to maximize the total reward across all 10 steps. We are on step 6. 

Task Assignment:
---
You are a farmer who owns 3 fields. Each action corresponds to planting your crop in a different field. Each field is associated with a Gaussian distribution with a fixed but unknown mean. At each time step, you will select a field and receive a reward drawn from the associated distribution. Your goal is to maximize your reward across all of your turns.
---

Available Actions:
---

- Field Name: delirium indifference exaggerated - This action has been selected 1 time(s) for an observed mean of -73.27914321948158

- Field Name: clientele ratification character - This action has been selected 1 time(s) for an observed mean of -43.017630586971656

- Field Name: smile supremely immortal - This action has been selected 4 time(s) for an observed mean of -21.864084804849153

---
When selecting an action, include only the name of the action. Do not include the dashes used to indicate the list here.

Please select an action from the list of action options in order to maximize the reward for your task.
When selecting an action, put the exact name of the action between action tags like: <action> action_name </action>.

Your thinking budget is 150 tokens. If you exceed this limit, you will be forced to provide an immediate answer.
Your overall generation limit is 200 tokens.
2026-01-24 18:33:02,198 - src.driver - INFO - GENERATED CONTENT: <action>  smile supremely immortal </action> 
 PARSED ACTION: smile supremely immortal
2026-01-24 18:33:02,199 - src.driver - INFO - You will be assigned a task. 
You will receive the actions you have available, followed by the action history. 
Your goal is to maximize the total reward across all 10 steps. We are on step 7. 

Task Assignment:
---
You are a farmer who owns 3 fields. Each action corresponds to planting your crop in a different field. Each field is associated with a Gaussian distribution with a fixed but unknown mean. At each time step, you will select a field and receive a reward drawn from the associated distribution. Your goal is to maximize your reward across all of your turns.
---

Available Actions:
---

- Field Name: delirium indifference exaggerated - This action has been selected 1 time(s) for an observed mean of -73.27914321948158

- Field Name: clientele ratification character - This action has been selected 1 time(s) for an observed mean of -43.017630586971656

- Field Name: smile supremely immortal - This action has been selected 5 time(s) for an observed mean of -21.62023286720807

---
When selecting an action, include only the name of the action. Do not include the dashes used to indicate the list here.

Please select an action from the list of action options in order to maximize the reward for your task.
When selecting an action, put the exact name of the action between action tags like: <action> action_name </action>.

Your thinking budget is 150 tokens. If you exceed this limit, you will be forced to provide an immediate answer.
Your overall generation limit is 200 tokens.
2026-01-24 18:33:17,408 - src.driver - INFO - GENERATED CONTENT: <action>  smile supremely immortal </action> 
 PARSED ACTION: smile supremely immortal
2026-01-24 18:33:17,410 - src.driver - INFO - You will be assigned a task. 
You will receive the actions you have available, followed by the action history. 
Your goal is to maximize the total reward across all 10 steps. We are on step 8. 

Task Assignment:
---
You are a farmer who owns 3 fields. Each action corresponds to planting your crop in a different field. Each field is associated with a Gaussian distribution with a fixed but unknown mean. At each time step, you will select a field and receive a reward drawn from the associated distribution. Your goal is to maximize your reward across all of your turns.
---

Available Actions:
---

- Field Name: delirium indifference exaggerated - This action has been selected 1 time(s) for an observed mean of -73.27914321948158

- Field Name: clientele ratification character - This action has been selected 1 time(s) for an observed mean of -43.017630586971656

- Field Name: smile supremely immortal - This action has been selected 6 time(s) for an observed mean of -20.632040058183186

---
When selecting an action, include only the name of the action. Do not include the dashes used to indicate the list here.

Please select an action from the list of action options in order to maximize the reward for your task.
When selecting an action, put the exact name of the action between action tags like: <action> action_name </action>.

Your thinking budget is 150 tokens. If you exceed this limit, you will be forced to provide an immediate answer.
Your overall generation limit is 200 tokens.
2026-01-24 18:33:32,616 - src.driver - INFO - GENERATED CONTENT: <action>  smile supremely immortal </action> 
 PARSED ACTION: smile supremely immortal
2026-01-24 18:33:32,616 - src.driver - INFO - You will be assigned a task. 
You will receive the actions you have available, followed by the action history. 
Your goal is to maximize the total reward across all 10 steps. We are on step 9. 

Task Assignment:
---
You are a farmer who owns 3 fields. Each action corresponds to planting your crop in a different field. Each field is associated with a Gaussian distribution with a fixed but unknown mean. At each time step, you will select a field and receive a reward drawn from the associated distribution. Your goal is to maximize your reward across all of your turns.
---

Available Actions:
---

- Field Name: delirium indifference exaggerated - This action has been selected 1 time(s) for an observed mean of -73.27914321948158

- Field Name: clientele ratification character - This action has been selected 1 time(s) for an observed mean of -43.017630586971656

- Field Name: smile supremely immortal - This action has been selected 7 time(s) for an observed mean of -21.30864925246442

---
When selecting an action, include only the name of the action. Do not include the dashes used to indicate the list here.

Please select an action from the list of action options in order to maximize the reward for your task.
When selecting an action, put the exact name of the action between action tags like: <action> action_name </action>.

Your thinking budget is 150 tokens. If you exceed this limit, you will be forced to provide an immediate answer.
Your overall generation limit is 200 tokens.
2026-01-24 18:33:47,840 - src.driver - INFO - GENERATED CONTENT: <action>  smile supremely immortal </action> 
 PARSED ACTION: smile supremely immortal
2026-01-24 18:33:47,856 - src.driver - INFO - You will be assigned a task. 
You will receive the actions you have available, followed by the action history. 
Your goal is to maximize the total reward across all 10 steps. We are on step 0. 

Task Assignment:
---
You are a farmer who owns 3 fields. Each action corresponds to planting your crop in a different field. Each field is associated with a Gaussian distribution with a fixed but unknown mean. At each time step, you will select a field and receive a reward drawn from the associated distribution. Your goal is to maximize your reward across all of your turns.
---

Available Actions:
---

- Field Name: emancipation dictionary granted - This action has been selected 0 time(s) for an observed mean of Unknown

- Field Name: deserving beeswax intercom - This action has been selected 0 time(s) for an observed mean of Unknown

- Field Name: delirium indifference exaggerated - This action has been selected 0 time(s) for an observed mean of Unknown

---
When selecting an action, include only the name of the action. Do not include the dashes used to indicate the list here.

Please select an action from the list of action options in order to maximize the reward for your task.
When selecting an action, put the exact name of the action between action tags like: <action> action_name </action>.

Your thinking budget is 150 tokens. If you exceed this limit, you will be forced to provide an immediate answer.
Your overall generation limit is 200 tokens.
2026-01-24 18:34:02,788 - src.driver - INFO - GENERATED CONTENT: <action>  emancipation dictionary granted </action> 
 PARSED ACTION: emancipation dictionary granted
2026-01-24 18:34:02,789 - src.driver - INFO - You will be assigned a task. 
You will receive the actions you have available, followed by the action history. 
Your goal is to maximize the total reward across all 10 steps. We are on step 1. 

Task Assignment:
---
You are a farmer who owns 3 fields. Each action corresponds to planting your crop in a different field. Each field is associated with a Gaussian distribution with a fixed but unknown mean. At each time step, you will select a field and receive a reward drawn from the associated distribution. Your goal is to maximize your reward across all of your turns.
---

Available Actions:
---

- Field Name: emancipation dictionary granted - This action has been selected 1 time(s) for an observed mean of -27.09192995067627

- Field Name: deserving beeswax intercom - This action has been selected 0 time(s) for an observed mean of Unknown

- Field Name: delirium indifference exaggerated - This action has been selected 0 time(s) for an observed mean of Unknown

---
When selecting an action, include only the name of the action. Do not include the dashes used to indicate the list here.

Please select an action from the list of action options in order to maximize the reward for your task.
When selecting an action, put the exact name of the action between action tags like: <action> action_name </action>.

Your thinking budget is 150 tokens. If you exceed this limit, you will be forced to provide an immediate answer.
Your overall generation limit is 200 tokens.
2026-01-24 18:34:18,039 - src.driver - INFO - GENERATED CONTENT: <action>  deserving beeswax intercom </action> 
 PARSED ACTION: deserving beeswax intercom
2026-01-24 18:34:18,039 - src.driver - INFO - You will be assigned a task. 
You will receive the actions you have available, followed by the action history. 
Your goal is to maximize the total reward across all 10 steps. We are on step 2. 

Task Assignment:
---
You are a farmer who owns 3 fields. Each action corresponds to planting your crop in a different field. Each field is associated with a Gaussian distribution with a fixed but unknown mean. At each time step, you will select a field and receive a reward drawn from the associated distribution. Your goal is to maximize your reward across all of your turns.
---

Available Actions:
---

- Field Name: emancipation dictionary granted - This action has been selected 1 time(s) for an observed mean of -27.09192995067627

- Field Name: deserving beeswax intercom - This action has been selected 1 time(s) for an observed mean of -32.62510686039573

- Field Name: delirium indifference exaggerated - This action has been selected 0 time(s) for an observed mean of Unknown

---
When selecting an action, include only the name of the action. Do not include the dashes used to indicate the list here.

Please select an action from the list of action options in order to maximize the reward for your task.
When selecting an action, put the exact name of the action between action tags like: <action> action_name </action>.

Your thinking budget is 150 tokens. If you exceed this limit, you will be forced to provide an immediate answer.
Your overall generation limit is 200 tokens.
2026-01-24 18:34:33,312 - src.driver - INFO - GENERATED CONTENT: <action>  delirium indifference exaggerated </action> 
 PARSED ACTION: delirium indifference exaggerated
2026-01-24 18:34:33,312 - src.driver - INFO - You will be assigned a task. 
You will receive the actions you have available, followed by the action history. 
Your goal is to maximize the total reward across all 10 steps. We are on step 3. 

Task Assignment:
---
You are a farmer who owns 3 fields. Each action corresponds to planting your crop in a different field. Each field is associated with a Gaussian distribution with a fixed but unknown mean. At each time step, you will select a field and receive a reward drawn from the associated distribution. Your goal is to maximize your reward across all of your turns.
---

Available Actions:
---

- Field Name: emancipation dictionary granted - This action has been selected 1 time(s) for an observed mean of -27.09192995067627

- Field Name: deserving beeswax intercom - This action has been selected 1 time(s) for an observed mean of -32.62510686039573

- Field Name: delirium indifference exaggerated - This action has been selected 1 time(s) for an observed mean of -65.82019854458402

---
When selecting an action, include only the name of the action. Do not include the dashes used to indicate the list here.

Please select an action from the list of action options in order to maximize the reward for your task.
When selecting an action, put the exact name of the action between action tags like: <action> action_name </action>.

Your thinking budget is 150 tokens. If you exceed this limit, you will be forced to provide an immediate answer.
Your overall generation limit is 200 tokens.
2026-01-24 18:34:48,532 - src.driver - INFO - GENERATED CONTENT: <action>  emancipation dictionary granted </action> 
 PARSED ACTION: emancipation dictionary granted
2026-01-24 18:34:48,533 - src.driver - INFO - You will be assigned a task. 
You will receive the actions you have available, followed by the action history. 
Your goal is to maximize the total reward across all 10 steps. We are on step 4. 

Task Assignment:
---
You are a farmer who owns 3 fields. Each action corresponds to planting your crop in a different field. Each field is associated with a Gaussian distribution with a fixed but unknown mean. At each time step, you will select a field and receive a reward drawn from the associated distribution. Your goal is to maximize your reward across all of your turns.
---

Available Actions:
---

- Field Name: emancipation dictionary granted - This action has been selected 2 time(s) for an observed mean of -24.78169189936601

- Field Name: deserving beeswax intercom - This action has been selected 1 time(s) for an observed mean of -32.62510686039573

- Field Name: delirium indifference exaggerated - This action has been selected 1 time(s) for an observed mean of -65.82019854458402

---
When selecting an action, include only the name of the action. Do not include the dashes used to indicate the list here.

Please select an action from the list of action options in order to maximize the reward for your task.
When selecting an action, put the exact name of the action between action tags like: <action> action_name </action>.

Your thinking budget is 150 tokens. If you exceed this limit, you will be forced to provide an immediate answer.
Your overall generation limit is 200 tokens.
2026-01-24 18:35:03,791 - src.driver - INFO - GENERATED CONTENT: <action>  emancipation dictionary granted </action> 
 PARSED ACTION: emancipation dictionary granted
2026-01-24 18:35:03,792 - src.driver - INFO - You will be assigned a task. 
You will receive the actions you have available, followed by the action history. 
Your goal is to maximize the total reward across all 10 steps. We are on step 5. 

Task Assignment:
---
You are a farmer who owns 3 fields. Each action corresponds to planting your crop in a different field. Each field is associated with a Gaussian distribution with a fixed but unknown mean. At each time step, you will select a field and receive a reward drawn from the associated distribution. Your goal is to maximize your reward across all of your turns.
---

Available Actions:
---

- Field Name: emancipation dictionary granted - This action has been selected 3 time(s) for an observed mean of -24.532055140424955

- Field Name: deserving beeswax intercom - This action has been selected 1 time(s) for an observed mean of -32.62510686039573

- Field Name: delirium indifference exaggerated - This action has been selected 1 time(s) for an observed mean of -65.82019854458402

---
When selecting an action, include only the name of the action. Do not include the dashes used to indicate the list here.

Please select an action from the list of action options in order to maximize the reward for your task.
When selecting an action, put the exact name of the action between action tags like: <action> action_name </action>.

Your thinking budget is 150 tokens. If you exceed this limit, you will be forced to provide an immediate answer.
Your overall generation limit is 200 tokens.
2026-01-24 18:35:19,275 - src.driver - INFO - GENERATED CONTENT: <action>  emancipation dictionary granted </action> 
 PARSED ACTION: emancipation dictionary granted
2026-01-24 18:35:19,276 - src.driver - INFO - You will be assigned a task. 
You will receive the actions you have available, followed by the action history. 
Your goal is to maximize the total reward across all 10 steps. We are on step 6. 

Task Assignment:
---
You are a farmer who owns 3 fields. Each action corresponds to planting your crop in a different field. Each field is associated with a Gaussian distribution with a fixed but unknown mean. At each time step, you will select a field and receive a reward drawn from the associated distribution. Your goal is to maximize your reward across all of your turns.
---

Available Actions:
---

- Field Name: emancipation dictionary granted - This action has been selected 4 time(s) for an observed mean of -24.26100536728701

- Field Name: deserving beeswax intercom - This action has been selected 1 time(s) for an observed mean of -32.62510686039573

- Field Name: delirium indifference exaggerated - This action has been selected 1 time(s) for an observed mean of -65.82019854458402

---
When selecting an action, include only the name of the action. Do not include the dashes used to indicate the list here.

Please select an action from the list of action options in order to maximize the reward for your task.
When selecting an action, put the exact name of the action between action tags like: <action> action_name </action>.

Your thinking budget is 150 tokens. If you exceed this limit, you will be forced to provide an immediate answer.
Your overall generation limit is 200 tokens.
2026-01-24 18:35:34,485 - src.driver - INFO - GENERATED CONTENT: <action>  emancipation dictionary granted </action> 
 PARSED ACTION: emancipation dictionary granted
2026-01-24 18:35:34,486 - src.driver - INFO - You will be assigned a task. 
You will receive the actions you have available, followed by the action history. 
Your goal is to maximize the total reward across all 10 steps. We are on step 7. 

Task Assignment:
---
You are a farmer who owns 3 fields. Each action corresponds to planting your crop in a different field. Each field is associated with a Gaussian distribution with a fixed but unknown mean. At each time step, you will select a field and receive a reward drawn from the associated distribution. Your goal is to maximize your reward across all of your turns.
---

Available Actions:
---

- Field Name: emancipation dictionary granted - This action has been selected 5 time(s) for an observed mean of -24.518594025545042

- Field Name: deserving beeswax intercom - This action has been selected 1 time(s) for an observed mean of -32.62510686039573

- Field Name: delirium indifference exaggerated - This action has been selected 1 time(s) for an observed mean of -65.82019854458402

---
When selecting an action, include only the name of the action. Do not include the dashes used to indicate the list here.

Please select an action from the list of action options in order to maximize the reward for your task.
When selecting an action, put the exact name of the action between action tags like: <action> action_name </action>.

Your thinking budget is 150 tokens. If you exceed this limit, you will be forced to provide an immediate answer.
Your overall generation limit is 200 tokens.
2026-01-24 18:35:49,898 - src.driver - INFO - GENERATED CONTENT: <action>  emancipation dictionary granted </action> 
 PARSED ACTION: emancipation dictionary granted
2026-01-24 18:35:49,899 - src.driver - INFO - You will be assigned a task. 
You will receive the actions you have available, followed by the action history. 
Your goal is to maximize the total reward across all 10 steps. We are on step 8. 

Task Assignment:
---
You are a farmer who owns 3 fields. Each action corresponds to planting your crop in a different field. Each field is associated with a Gaussian distribution with a fixed but unknown mean. At each time step, you will select a field and receive a reward drawn from the associated distribution. Your goal is to maximize your reward across all of your turns.
---

Available Actions:
---

- Field Name: emancipation dictionary granted - This action has been selected 6 time(s) for an observed mean of -26.131280218598395

- Field Name: deserving beeswax intercom - This action has been selected 1 time(s) for an observed mean of -32.62510686039573

- Field Name: delirium indifference exaggerated - This action has been selected 1 time(s) for an observed mean of -65.82019854458402

---
When selecting an action, include only the name of the action. Do not include the dashes used to indicate the list here.

Please select an action from the list of action options in order to maximize the reward for your task.
When selecting an action, put the exact name of the action between action tags like: <action> action_name </action>.

Your thinking budget is 150 tokens. If you exceed this limit, you will be forced to provide an immediate answer.
Your overall generation limit is 200 tokens.
2026-01-24 18:36:05,345 - src.driver - INFO - GENERATED CONTENT: <action>  emancipation dictionary granted </action> 
 PARSED ACTION: emancipation dictionary granted
2026-01-24 18:36:05,346 - src.driver - INFO - You will be assigned a task. 
You will receive the actions you have available, followed by the action history. 
Your goal is to maximize the total reward across all 10 steps. We are on step 9. 

Task Assignment:
---
You are a farmer who owns 3 fields. Each action corresponds to planting your crop in a different field. Each field is associated with a Gaussian distribution with a fixed but unknown mean. At each time step, you will select a field and receive a reward drawn from the associated distribution. Your goal is to maximize your reward across all of your turns.
---

Available Actions:
---

- Field Name: emancipation dictionary granted - This action has been selected 7 time(s) for an observed mean of -26.01175094514998

- Field Name: deserving beeswax intercom - This action has been selected 1 time(s) for an observed mean of -32.62510686039573

- Field Name: delirium indifference exaggerated - This action has been selected 1 time(s) for an observed mean of -65.82019854458402

---
When selecting an action, include only the name of the action. Do not include the dashes used to indicate the list here.

Please select an action from the list of action options in order to maximize the reward for your task.
When selecting an action, put the exact name of the action between action tags like: <action> action_name </action>.

Your thinking budget is 150 tokens. If you exceed this limit, you will be forced to provide an immediate answer.
Your overall generation limit is 200 tokens.
2026-01-24 18:36:20,569 - src.driver - INFO - GENERATED CONTENT: <action>  emancipation dictionary granted </action> 
 PARSED ACTION: emancipation dictionary granted
