2026-01-24 18:13:44,626 - src.driver - INFO - You will be assigned a task. 
You will receive the actions you have available, followed by the action history. 
Your goal is to maximize the total reward across all 10 steps. We are on step 0. 

Task Assignment:
---
You are a farmer who owns 3 fields. Each action corresponds to planting your crop in a different field. Each field is associated with a Gaussian distribution with a fixed but unknown mean. At each time step, you will select a field and receive a reward drawn from the associated distribution. Your goal is to maximize your reward across all of your turns.
---

Available Actions:
---

- Field Name: unconscious incrimination withered - This action has been selected 0 time(s) for an observed mean of Unknown

- Field Name: primed lapel hue - This action has been selected 0 time(s) for an observed mean of Unknown

- Field Name: special heyday perceptible - This action has been selected 0 time(s) for an observed mean of Unknown

---
When selecting an action, include only the name of the action. Do not include the dashes used to indicate the list here.

Please select an action from the list of action options in order to maximize the reward for your task.
When selecting an action, put the exact name of the action between action tags like: <action> action_name </action>.

Your thinking budget is 150 tokens. If you exceed this limit, you will be forced to provide an immediate answer.
Your overall generation limit is 200 tokens.
2026-01-24 18:13:59,890 - src.driver - INFO - GENERATED CONTENT: <action>  unconscious incrimination withered </action> 
 PARSED ACTION: unconscious incrimination withered
2026-01-24 18:13:59,890 - src.driver - INFO - You will be assigned a task. 
You will receive the actions you have available, followed by the action history. 
Your goal is to maximize the total reward across all 10 steps. We are on step 1. 

Task Assignment:
---
You are a farmer who owns 3 fields. Each action corresponds to planting your crop in a different field. Each field is associated with a Gaussian distribution with a fixed but unknown mean. At each time step, you will select a field and receive a reward drawn from the associated distribution. Your goal is to maximize your reward across all of your turns.
---

Available Actions:
---

- Field Name: unconscious incrimination withered - This action has been selected 1 time(s) for an observed mean of -22.697029591715417

- Field Name: primed lapel hue - This action has been selected 0 time(s) for an observed mean of Unknown

- Field Name: special heyday perceptible - This action has been selected 0 time(s) for an observed mean of Unknown

---
When selecting an action, include only the name of the action. Do not include the dashes used to indicate the list here.

Please select an action from the list of action options in order to maximize the reward for your task.
When selecting an action, put the exact name of the action between action tags like: <action> action_name </action>.

Your thinking budget is 150 tokens. If you exceed this limit, you will be forced to provide an immediate answer.
Your overall generation limit is 200 tokens.
2026-01-24 18:14:15,279 - src.driver - INFO - GENERATED CONTENT: <action>  primed lapel hue </action> 
 PARSED ACTION: primed lapel hue
2026-01-24 18:14:15,280 - src.driver - INFO - You will be assigned a task. 
You will receive the actions you have available, followed by the action history. 
Your goal is to maximize the total reward across all 10 steps. We are on step 2. 

Task Assignment:
---
You are a farmer who owns 3 fields. Each action corresponds to planting your crop in a different field. Each field is associated with a Gaussian distribution with a fixed but unknown mean. At each time step, you will select a field and receive a reward drawn from the associated distribution. Your goal is to maximize your reward across all of your turns.
---

Available Actions:
---

- Field Name: unconscious incrimination withered - This action has been selected 1 time(s) for an observed mean of -22.697029591715417

- Field Name: primed lapel hue - This action has been selected 1 time(s) for an observed mean of -51.895136505927354

- Field Name: special heyday perceptible - This action has been selected 0 time(s) for an observed mean of Unknown

---
When selecting an action, include only the name of the action. Do not include the dashes used to indicate the list here.

Please select an action from the list of action options in order to maximize the reward for your task.
When selecting an action, put the exact name of the action between action tags like: <action> action_name </action>.

Your thinking budget is 150 tokens. If you exceed this limit, you will be forced to provide an immediate answer.
Your overall generation limit is 200 tokens.
2026-01-24 18:14:30,661 - src.driver - INFO - GENERATED CONTENT: <action>  special heyday perceptible </action> 
 PARSED ACTION: special heyday perceptible
2026-01-24 18:14:30,661 - src.driver - INFO - You will be assigned a task. 
You will receive the actions you have available, followed by the action history. 
Your goal is to maximize the total reward across all 10 steps. We are on step 3. 

Task Assignment:
---
You are a farmer who owns 3 fields. Each action corresponds to planting your crop in a different field. Each field is associated with a Gaussian distribution with a fixed but unknown mean. At each time step, you will select a field and receive a reward drawn from the associated distribution. Your goal is to maximize your reward across all of your turns.
---

Available Actions:
---

- Field Name: unconscious incrimination withered - This action has been selected 1 time(s) for an observed mean of -22.697029591715417

- Field Name: primed lapel hue - This action has been selected 1 time(s) for an observed mean of -51.895136505927354

- Field Name: special heyday perceptible - This action has been selected 1 time(s) for an observed mean of -78.04765823895002

---
When selecting an action, include only the name of the action. Do not include the dashes used to indicate the list here.

Please select an action from the list of action options in order to maximize the reward for your task.
When selecting an action, put the exact name of the action between action tags like: <action> action_name </action>.

Your thinking budget is 150 tokens. If you exceed this limit, you will be forced to provide an immediate answer.
Your overall generation limit is 200 tokens.
2026-01-24 18:14:46,412 - src.driver - INFO - GENERATED CONTENT: <action>  unconscious incrimination withered </action> 
 PARSED ACTION: unconscious incrimination withered
2026-01-24 18:14:46,412 - src.driver - INFO - You will be assigned a task. 
You will receive the actions you have available, followed by the action history. 
Your goal is to maximize the total reward across all 10 steps. We are on step 4. 

Task Assignment:
---
You are a farmer who owns 3 fields. Each action corresponds to planting your crop in a different field. Each field is associated with a Gaussian distribution with a fixed but unknown mean. At each time step, you will select a field and receive a reward drawn from the associated distribution. Your goal is to maximize your reward across all of your turns.
---

Available Actions:
---

- Field Name: unconscious incrimination withered - This action has been selected 2 time(s) for an observed mean of -20.94793231974522

- Field Name: primed lapel hue - This action has been selected 1 time(s) for an observed mean of -51.895136505927354

- Field Name: special heyday perceptible - This action has been selected 1 time(s) for an observed mean of -78.04765823895002

---
When selecting an action, include only the name of the action. Do not include the dashes used to indicate the list here.

Please select an action from the list of action options in order to maximize the reward for your task.
When selecting an action, put the exact name of the action between action tags like: <action> action_name </action>.

Your thinking budget is 150 tokens. If you exceed this limit, you will be forced to provide an immediate answer.
Your overall generation limit is 200 tokens.
2026-01-24 18:15:02,162 - src.driver - INFO - GENERATED CONTENT: <action>  unconscious incrimination withered </action> 
 PARSED ACTION: unconscious incrimination withered
2026-01-24 18:15:02,163 - src.driver - INFO - You will be assigned a task. 
You will receive the actions you have available, followed by the action history. 
Your goal is to maximize the total reward across all 10 steps. We are on step 5. 

Task Assignment:
---
You are a farmer who owns 3 fields. Each action corresponds to planting your crop in a different field. Each field is associated with a Gaussian distribution with a fixed but unknown mean. At each time step, you will select a field and receive a reward drawn from the associated distribution. Your goal is to maximize your reward across all of your turns.
---

Available Actions:
---

- Field Name: unconscious incrimination withered - This action has been selected 3 time(s) for an observed mean of -20.109579090234384

- Field Name: primed lapel hue - This action has been selected 1 time(s) for an observed mean of -51.895136505927354

- Field Name: special heyday perceptible - This action has been selected 1 time(s) for an observed mean of -78.04765823895002

---
When selecting an action, include only the name of the action. Do not include the dashes used to indicate the list here.

Please select an action from the list of action options in order to maximize the reward for your task.
When selecting an action, put the exact name of the action between action tags like: <action> action_name </action>.

Your thinking budget is 150 tokens. If you exceed this limit, you will be forced to provide an immediate answer.
Your overall generation limit is 200 tokens.
2026-01-24 18:15:17,875 - src.driver - INFO - GENERATED CONTENT: <action>  unconscious incrimination withered </action> 
 PARSED ACTION: unconscious incrimination withered
2026-01-24 18:15:17,875 - src.driver - INFO - You will be assigned a task. 
You will receive the actions you have available, followed by the action history. 
Your goal is to maximize the total reward across all 10 steps. We are on step 6. 

Task Assignment:
---
You are a farmer who owns 3 fields. Each action corresponds to planting your crop in a different field. Each field is associated with a Gaussian distribution with a fixed but unknown mean. At each time step, you will select a field and receive a reward drawn from the associated distribution. Your goal is to maximize your reward across all of your turns.
---

Available Actions:
---

- Field Name: unconscious incrimination withered - This action has been selected 4 time(s) for an observed mean of -21.57758997457217

- Field Name: primed lapel hue - This action has been selected 1 time(s) for an observed mean of -51.895136505927354

- Field Name: special heyday perceptible - This action has been selected 1 time(s) for an observed mean of -78.04765823895002

---
When selecting an action, include only the name of the action. Do not include the dashes used to indicate the list here.

Please select an action from the list of action options in order to maximize the reward for your task.
When selecting an action, put the exact name of the action between action tags like: <action> action_name </action>.

Your thinking budget is 150 tokens. If you exceed this limit, you will be forced to provide an immediate answer.
Your overall generation limit is 200 tokens.
2026-01-24 18:15:33,573 - src.driver - INFO - GENERATED CONTENT: <action>  unconscious incrimination withered </action> 
 PARSED ACTION: unconscious incrimination withered
2026-01-24 18:15:33,574 - src.driver - INFO - You will be assigned a task. 
You will receive the actions you have available, followed by the action history. 
Your goal is to maximize the total reward across all 10 steps. We are on step 7. 

Task Assignment:
---
You are a farmer who owns 3 fields. Each action corresponds to planting your crop in a different field. Each field is associated with a Gaussian distribution with a fixed but unknown mean. At each time step, you will select a field and receive a reward drawn from the associated distribution. Your goal is to maximize your reward across all of your turns.
---

Available Actions:
---

- Field Name: unconscious incrimination withered - This action has been selected 5 time(s) for an observed mean of -24.31133301481926

- Field Name: primed lapel hue - This action has been selected 1 time(s) for an observed mean of -51.895136505927354

- Field Name: special heyday perceptible - This action has been selected 1 time(s) for an observed mean of -78.04765823895002

---
When selecting an action, include only the name of the action. Do not include the dashes used to indicate the list here.

Please select an action from the list of action options in order to maximize the reward for your task.
When selecting an action, put the exact name of the action between action tags like: <action> action_name </action>.

Your thinking budget is 150 tokens. If you exceed this limit, you will be forced to provide an immediate answer.
Your overall generation limit is 200 tokens.
2026-01-24 18:15:49,247 - src.driver - INFO - GENERATED CONTENT: <action>  unconscious incrimination withered </action> 
 PARSED ACTION: unconscious incrimination withered
2026-01-24 18:15:49,248 - src.driver - INFO - You will be assigned a task. 
You will receive the actions you have available, followed by the action history. 
Your goal is to maximize the total reward across all 10 steps. We are on step 8. 

Task Assignment:
---
You are a farmer who owns 3 fields. Each action corresponds to planting your crop in a different field. Each field is associated with a Gaussian distribution with a fixed but unknown mean. At each time step, you will select a field and receive a reward drawn from the associated distribution. Your goal is to maximize your reward across all of your turns.
---

Available Actions:
---

- Field Name: unconscious incrimination withered - This action has been selected 6 time(s) for an observed mean of -25.580196393553248

- Field Name: primed lapel hue - This action has been selected 1 time(s) for an observed mean of -51.895136505927354

- Field Name: special heyday perceptible - This action has been selected 1 time(s) for an observed mean of -78.04765823895002

---
When selecting an action, include only the name of the action. Do not include the dashes used to indicate the list here.

Please select an action from the list of action options in order to maximize the reward for your task.
When selecting an action, put the exact name of the action between action tags like: <action> action_name </action>.

Your thinking budget is 150 tokens. If you exceed this limit, you will be forced to provide an immediate answer.
Your overall generation limit is 200 tokens.
2026-01-24 18:16:04,965 - src.driver - INFO - GENERATED CONTENT: <action>  unconscious incrimination withered </action> 
 PARSED ACTION: unconscious incrimination withered
2026-01-24 18:16:04,966 - src.driver - INFO - You will be assigned a task. 
You will receive the actions you have available, followed by the action history. 
Your goal is to maximize the total reward across all 10 steps. We are on step 9. 

Task Assignment:
---
You are a farmer who owns 3 fields. Each action corresponds to planting your crop in a different field. Each field is associated with a Gaussian distribution with a fixed but unknown mean. At each time step, you will select a field and receive a reward drawn from the associated distribution. Your goal is to maximize your reward across all of your turns.
---

Available Actions:
---

- Field Name: unconscious incrimination withered - This action has been selected 7 time(s) for an observed mean of -24.819183972968478

- Field Name: primed lapel hue - This action has been selected 1 time(s) for an observed mean of -51.895136505927354

- Field Name: special heyday perceptible - This action has been selected 1 time(s) for an observed mean of -78.04765823895002

---
When selecting an action, include only the name of the action. Do not include the dashes used to indicate the list here.

Please select an action from the list of action options in order to maximize the reward for your task.
When selecting an action, put the exact name of the action between action tags like: <action> action_name </action>.

Your thinking budget is 150 tokens. If you exceed this limit, you will be forced to provide an immediate answer.
Your overall generation limit is 200 tokens.
2026-01-24 18:16:20,692 - src.driver - INFO - GENERATED CONTENT: <action>  unconscious incrimination withered </action> 
 PARSED ACTION: unconscious incrimination withered
2026-01-24 18:16:20,708 - src.driver - INFO - You will be assigned a task. 
You will receive the actions you have available, followed by the action history. 
Your goal is to maximize the total reward across all 10 steps. We are on step 0. 

Task Assignment:
---
You are a farmer who owns 3 fields. Each action corresponds to planting your crop in a different field. Each field is associated with a Gaussian distribution with a fixed but unknown mean. At each time step, you will select a field and receive a reward drawn from the associated distribution. Your goal is to maximize your reward across all of your turns.
---

Available Actions:
---

- Field Name: attain complex freezer - This action has been selected 0 time(s) for an observed mean of Unknown

- Field Name: cutters rekindle impartial - This action has been selected 0 time(s) for an observed mean of Unknown

- Field Name: desolation meddle stranded - This action has been selected 0 time(s) for an observed mean of Unknown

---
When selecting an action, include only the name of the action. Do not include the dashes used to indicate the list here.

Please select an action from the list of action options in order to maximize the reward for your task.
When selecting an action, put the exact name of the action between action tags like: <action> action_name </action>.

Your thinking budget is 150 tokens. If you exceed this limit, you will be forced to provide an immediate answer.
Your overall generation limit is 200 tokens.
2026-01-24 18:16:35,828 - src.driver - INFO - GENERATED CONTENT: <action>  attain complex freezer </action> 
 PARSED ACTION: attain complex freezer
2026-01-24 18:16:35,828 - src.driver - INFO - You will be assigned a task. 
You will receive the actions you have available, followed by the action history. 
Your goal is to maximize the total reward across all 10 steps. We are on step 1. 

Task Assignment:
---
You are a farmer who owns 3 fields. Each action corresponds to planting your crop in a different field. Each field is associated with a Gaussian distribution with a fixed but unknown mean. At each time step, you will select a field and receive a reward drawn from the associated distribution. Your goal is to maximize your reward across all of your turns.
---

Available Actions:
---

- Field Name: attain complex freezer - This action has been selected 1 time(s) for an observed mean of -58.13323079199506

- Field Name: cutters rekindle impartial - This action has been selected 0 time(s) for an observed mean of Unknown

- Field Name: desolation meddle stranded - This action has been selected 0 time(s) for an observed mean of Unknown

---
When selecting an action, include only the name of the action. Do not include the dashes used to indicate the list here.

Please select an action from the list of action options in order to maximize the reward for your task.
When selecting an action, put the exact name of the action between action tags like: <action> action_name </action>.

Your thinking budget is 150 tokens. If you exceed this limit, you will be forced to provide an immediate answer.
Your overall generation limit is 200 tokens.
2026-01-24 18:16:51,265 - src.driver - INFO - GENERATED CONTENT: <action>  cutters rekindle impartial </action> 
 PARSED ACTION: cutters rekindle impartial
2026-01-24 18:16:51,265 - src.driver - INFO - You will be assigned a task. 
You will receive the actions you have available, followed by the action history. 
Your goal is to maximize the total reward across all 10 steps. We are on step 2. 

Task Assignment:
---
You are a farmer who owns 3 fields. Each action corresponds to planting your crop in a different field. Each field is associated with a Gaussian distribution with a fixed but unknown mean. At each time step, you will select a field and receive a reward drawn from the associated distribution. Your goal is to maximize your reward across all of your turns.
---

Available Actions:
---

- Field Name: attain complex freezer - This action has been selected 1 time(s) for an observed mean of -58.13323079199506

- Field Name: cutters rekindle impartial - This action has been selected 1 time(s) for an observed mean of -78.02296004008265

- Field Name: desolation meddle stranded - This action has been selected 0 time(s) for an observed mean of Unknown

---
When selecting an action, include only the name of the action. Do not include the dashes used to indicate the list here.

Please select an action from the list of action options in order to maximize the reward for your task.
When selecting an action, put the exact name of the action between action tags like: <action> action_name </action>.

Your thinking budget is 150 tokens. If you exceed this limit, you will be forced to provide an immediate answer.
Your overall generation limit is 200 tokens.
2026-01-24 18:17:06,653 - src.driver - INFO - GENERATED CONTENT: <action>  desolation meddle stranded </action> 
 PARSED ACTION: desolation meddle stranded
2026-01-24 18:17:06,653 - src.driver - INFO - You will be assigned a task. 
You will receive the actions you have available, followed by the action history. 
Your goal is to maximize the total reward across all 10 steps. We are on step 3. 

Task Assignment:
---
You are a farmer who owns 3 fields. Each action corresponds to planting your crop in a different field. Each field is associated with a Gaussian distribution with a fixed but unknown mean. At each time step, you will select a field and receive a reward drawn from the associated distribution. Your goal is to maximize your reward across all of your turns.
---

Available Actions:
---

- Field Name: attain complex freezer - This action has been selected 1 time(s) for an observed mean of -58.13323079199506

- Field Name: cutters rekindle impartial - This action has been selected 1 time(s) for an observed mean of -78.02296004008265

- Field Name: desolation meddle stranded - This action has been selected 1 time(s) for an observed mean of -16.069084367792914

---
When selecting an action, include only the name of the action. Do not include the dashes used to indicate the list here.

Please select an action from the list of action options in order to maximize the reward for your task.
When selecting an action, put the exact name of the action between action tags like: <action> action_name </action>.

Your thinking budget is 150 tokens. If you exceed this limit, you will be forced to provide an immediate answer.
Your overall generation limit is 200 tokens.
2026-01-24 18:17:23,581 - src.driver - INFO - GENERATED CONTENT: <action>  desolation meddle stranded </action> has the highest observed mean (-16.07) compared to the other two fields, which 
 PARSED ACTION: desolation meddle stranded
2026-01-24 18:17:23,582 - src.driver - INFO - You will be assigned a task. 
You will receive the actions you have available, followed by the action history. 
Your goal is to maximize the total reward across all 10 steps. We are on step 4. 

Task Assignment:
---
You are a farmer who owns 3 fields. Each action corresponds to planting your crop in a different field. Each field is associated with a Gaussian distribution with a fixed but unknown mean. At each time step, you will select a field and receive a reward drawn from the associated distribution. Your goal is to maximize your reward across all of your turns.
---

Available Actions:
---

- Field Name: attain complex freezer - This action has been selected 1 time(s) for an observed mean of -58.13323079199506

- Field Name: cutters rekindle impartial - This action has been selected 1 time(s) for an observed mean of -78.02296004008265

- Field Name: desolation meddle stranded - This action has been selected 2 time(s) for an observed mean of -25.061598570124033

---
When selecting an action, include only the name of the action. Do not include the dashes used to indicate the list here.

Please select an action from the list of action options in order to maximize the reward for your task.
When selecting an action, put the exact name of the action between action tags like: <action> action_name </action>.

Your thinking budget is 150 tokens. If you exceed this limit, you will be forced to provide an immediate answer.
Your overall generation limit is 200 tokens.
2026-01-24 18:17:39,048 - src.driver - INFO - GENERATED CONTENT: <action>  desolation meddle stranded </action> 
 PARSED ACTION: desolation meddle stranded
2026-01-24 18:17:39,048 - src.driver - INFO - You will be assigned a task. 
You will receive the actions you have available, followed by the action history. 
Your goal is to maximize the total reward across all 10 steps. We are on step 5. 

Task Assignment:
---
You are a farmer who owns 3 fields. Each action corresponds to planting your crop in a different field. Each field is associated with a Gaussian distribution with a fixed but unknown mean. At each time step, you will select a field and receive a reward drawn from the associated distribution. Your goal is to maximize your reward across all of your turns.
---

Available Actions:
---

- Field Name: attain complex freezer - This action has been selected 1 time(s) for an observed mean of -58.13323079199506

- Field Name: cutters rekindle impartial - This action has been selected 1 time(s) for an observed mean of -78.02296004008265

- Field Name: desolation meddle stranded - This action has been selected 3 time(s) for an observed mean of -22.954638501222615

---
When selecting an action, include only the name of the action. Do not include the dashes used to indicate the list here.

Please select an action from the list of action options in order to maximize the reward for your task.
When selecting an action, put the exact name of the action between action tags like: <action> action_name </action>.

Your thinking budget is 150 tokens. If you exceed this limit, you will be forced to provide an immediate answer.
Your overall generation limit is 200 tokens.
2026-01-24 18:17:56,071 - src.driver - INFO - GENERATED CONTENT: <action>  desolation meddle stranded </action> has the highest observed mean among the three fields, even though all are negative. It has been sampled more 
 PARSED ACTION: desolation meddle stranded
2026-01-24 18:17:56,072 - src.driver - INFO - You will be assigned a task. 
You will receive the actions you have available, followed by the action history. 
Your goal is to maximize the total reward across all 10 steps. We are on step 6. 

Task Assignment:
---
You are a farmer who owns 3 fields. Each action corresponds to planting your crop in a different field. Each field is associated with a Gaussian distribution with a fixed but unknown mean. At each time step, you will select a field and receive a reward drawn from the associated distribution. Your goal is to maximize your reward across all of your turns.
---

Available Actions:
---

- Field Name: attain complex freezer - This action has been selected 1 time(s) for an observed mean of -58.13323079199506

- Field Name: cutters rekindle impartial - This action has been selected 1 time(s) for an observed mean of -78.02296004008265

- Field Name: desolation meddle stranded - This action has been selected 4 time(s) for an observed mean of -23.640640928209688

---
When selecting an action, include only the name of the action. Do not include the dashes used to indicate the list here.

Please select an action from the list of action options in order to maximize the reward for your task.
When selecting an action, put the exact name of the action between action tags like: <action> action_name </action>.

Your thinking budget is 150 tokens. If you exceed this limit, you will be forced to provide an immediate answer.
Your overall generation limit is 200 tokens.
2026-01-24 18:18:11,484 - src.driver - INFO - GENERATED CONTENT: <action>  desolation meddle stranded </action> 
 PARSED ACTION: desolation meddle stranded
2026-01-24 18:18:11,485 - src.driver - INFO - You will be assigned a task. 
You will receive the actions you have available, followed by the action history. 
Your goal is to maximize the total reward across all 10 steps. We are on step 7. 

Task Assignment:
---
You are a farmer who owns 3 fields. Each action corresponds to planting your crop in a different field. Each field is associated with a Gaussian distribution with a fixed but unknown mean. At each time step, you will select a field and receive a reward drawn from the associated distribution. Your goal is to maximize your reward across all of your turns.
---

Available Actions:
---

- Field Name: attain complex freezer - This action has been selected 1 time(s) for an observed mean of -58.13323079199506

- Field Name: cutters rekindle impartial - This action has been selected 1 time(s) for an observed mean of -78.02296004008265

- Field Name: desolation meddle stranded - This action has been selected 5 time(s) for an observed mean of -22.991908318499835

---
When selecting an action, include only the name of the action. Do not include the dashes used to indicate the list here.

Please select an action from the list of action options in order to maximize the reward for your task.
When selecting an action, put the exact name of the action between action tags like: <action> action_name </action>.

Your thinking budget is 150 tokens. If you exceed this limit, you will be forced to provide an immediate answer.
Your overall generation limit is 200 tokens.
2026-01-24 18:18:26,950 - src.driver - INFO - GENERATED CONTENT: <action>  desolation meddle stranded </action> 
 PARSED ACTION: desolation meddle stranded
2026-01-24 18:18:26,950 - src.driver - INFO - You will be assigned a task. 
You will receive the actions you have available, followed by the action history. 
Your goal is to maximize the total reward across all 10 steps. We are on step 8. 

Task Assignment:
---
You are a farmer who owns 3 fields. Each action corresponds to planting your crop in a different field. Each field is associated with a Gaussian distribution with a fixed but unknown mean. At each time step, you will select a field and receive a reward drawn from the associated distribution. Your goal is to maximize your reward across all of your turns.
---

Available Actions:
---

- Field Name: attain complex freezer - This action has been selected 1 time(s) for an observed mean of -58.13323079199506

- Field Name: cutters rekindle impartial - This action has been selected 1 time(s) for an observed mean of -78.02296004008265

- Field Name: desolation meddle stranded - This action has been selected 6 time(s) for an observed mean of -23.02039053148735

---
When selecting an action, include only the name of the action. Do not include the dashes used to indicate the list here.

Please select an action from the list of action options in order to maximize the reward for your task.
When selecting an action, put the exact name of the action between action tags like: <action> action_name </action>.

Your thinking budget is 150 tokens. If you exceed this limit, you will be forced to provide an immediate answer.
Your overall generation limit is 200 tokens.
2026-01-24 18:18:42,370 - src.driver - INFO - GENERATED CONTENT: <action>  desolation meddle stranded </action> 
 PARSED ACTION: desolation meddle stranded
2026-01-24 18:18:42,371 - src.driver - INFO - You will be assigned a task. 
You will receive the actions you have available, followed by the action history. 
Your goal is to maximize the total reward across all 10 steps. We are on step 9. 

Task Assignment:
---
You are a farmer who owns 3 fields. Each action corresponds to planting your crop in a different field. Each field is associated with a Gaussian distribution with a fixed but unknown mean. At each time step, you will select a field and receive a reward drawn from the associated distribution. Your goal is to maximize your reward across all of your turns.
---

Available Actions:
---

- Field Name: attain complex freezer - This action has been selected 1 time(s) for an observed mean of -58.13323079199506

- Field Name: cutters rekindle impartial - This action has been selected 1 time(s) for an observed mean of -78.02296004008265

- Field Name: desolation meddle stranded - This action has been selected 7 time(s) for an observed mean of -24.261906542146228

---
When selecting an action, include only the name of the action. Do not include the dashes used to indicate the list here.

Please select an action from the list of action options in order to maximize the reward for your task.
When selecting an action, put the exact name of the action between action tags like: <action> action_name </action>.

Your thinking budget is 150 tokens. If you exceed this limit, you will be forced to provide an immediate answer.
Your overall generation limit is 200 tokens.
2026-01-24 18:18:57,804 - src.driver - INFO - GENERATED CONTENT: <action>  desolation meddle stranded </action> 
 PARSED ACTION: desolation meddle stranded
2026-01-24 18:18:57,819 - src.driver - INFO - You will be assigned a task. 
You will receive the actions you have available, followed by the action history. 
Your goal is to maximize the total reward across all 10 steps. We are on step 0. 

Task Assignment:
---
You are a farmer who owns 3 fields. Each action corresponds to planting your crop in a different field. Each field is associated with a Gaussian distribution with a fixed but unknown mean. At each time step, you will select a field and receive a reward drawn from the associated distribution. Your goal is to maximize your reward across all of your turns.
---

Available Actions:
---

- Field Name: clientele ratification character - This action has been selected 0 time(s) for an observed mean of Unknown

- Field Name: deficiency whine overdue - This action has been selected 0 time(s) for an observed mean of Unknown

- Field Name: manly chocolate wits - This action has been selected 0 time(s) for an observed mean of Unknown

---
When selecting an action, include only the name of the action. Do not include the dashes used to indicate the list here.

Please select an action from the list of action options in order to maximize the reward for your task.
When selecting an action, put the exact name of the action between action tags like: <action> action_name </action>.

Your thinking budget is 150 tokens. If you exceed this limit, you will be forced to provide an immediate answer.
Your overall generation limit is 200 tokens.
2026-01-24 18:19:12,944 - src.driver - INFO - GENERATED CONTENT: <action>  clientele ratification character </action> 
 PARSED ACTION: clientele ratification character
2026-01-24 18:19:12,945 - src.driver - INFO - You will be assigned a task. 
You will receive the actions you have available, followed by the action history. 
Your goal is to maximize the total reward across all 10 steps. We are on step 1. 

Task Assignment:
---
You are a farmer who owns 3 fields. Each action corresponds to planting your crop in a different field. Each field is associated with a Gaussian distribution with a fixed but unknown mean. At each time step, you will select a field and receive a reward drawn from the associated distribution. Your goal is to maximize your reward across all of your turns.
---

Available Actions:
---

- Field Name: clientele ratification character - This action has been selected 1 time(s) for an observed mean of -44.68989775933724

- Field Name: deficiency whine overdue - This action has been selected 0 time(s) for an observed mean of Unknown

- Field Name: manly chocolate wits - This action has been selected 0 time(s) for an observed mean of Unknown

---
When selecting an action, include only the name of the action. Do not include the dashes used to indicate the list here.

Please select an action from the list of action options in order to maximize the reward for your task.
When selecting an action, put the exact name of the action between action tags like: <action> action_name </action>.

Your thinking budget is 150 tokens. If you exceed this limit, you will be forced to provide an immediate answer.
Your overall generation limit is 200 tokens.
2026-01-24 18:19:28,186 - src.driver - INFO - GENERATED CONTENT: <action>  deficiency whine overdue </action> 
 PARSED ACTION: deficiency whine overdue
2026-01-24 18:19:28,186 - src.driver - INFO - You will be assigned a task. 
You will receive the actions you have available, followed by the action history. 
Your goal is to maximize the total reward across all 10 steps. We are on step 2. 

Task Assignment:
---
You are a farmer who owns 3 fields. Each action corresponds to planting your crop in a different field. Each field is associated with a Gaussian distribution with a fixed but unknown mean. At each time step, you will select a field and receive a reward drawn from the associated distribution. Your goal is to maximize your reward across all of your turns.
---

Available Actions:
---

- Field Name: clientele ratification character - This action has been selected 1 time(s) for an observed mean of -44.68989775933724

- Field Name: deficiency whine overdue - This action has been selected 1 time(s) for an observed mean of -32.17917403121337

- Field Name: manly chocolate wits - This action has been selected 0 time(s) for an observed mean of Unknown

---
When selecting an action, include only the name of the action. Do not include the dashes used to indicate the list here.

Please select an action from the list of action options in order to maximize the reward for your task.
When selecting an action, put the exact name of the action between action tags like: <action> action_name </action>.

Your thinking budget is 150 tokens. If you exceed this limit, you will be forced to provide an immediate answer.
Your overall generation limit is 200 tokens.
2026-01-24 18:19:43,530 - src.driver - INFO - GENERATED CONTENT: <action>  manly chocolate wits </action> 
 PARSED ACTION: manly chocolate wits
2026-01-24 18:19:43,531 - src.driver - INFO - You will be assigned a task. 
You will receive the actions you have available, followed by the action history. 
Your goal is to maximize the total reward across all 10 steps. We are on step 3. 

Task Assignment:
---
You are a farmer who owns 3 fields. Each action corresponds to planting your crop in a different field. Each field is associated with a Gaussian distribution with a fixed but unknown mean. At each time step, you will select a field and receive a reward drawn from the associated distribution. Your goal is to maximize your reward across all of your turns.
---

Available Actions:
---

- Field Name: clientele ratification character - This action has been selected 1 time(s) for an observed mean of -44.68989775933724

- Field Name: deficiency whine overdue - This action has been selected 1 time(s) for an observed mean of -32.17917403121337

- Field Name: manly chocolate wits - This action has been selected 1 time(s) for an observed mean of -84.76617784285067

---
When selecting an action, include only the name of the action. Do not include the dashes used to indicate the list here.

Please select an action from the list of action options in order to maximize the reward for your task.
When selecting an action, put the exact name of the action between action tags like: <action> action_name </action>.

Your thinking budget is 150 tokens. If you exceed this limit, you will be forced to provide an immediate answer.
Your overall generation limit is 200 tokens.
2026-01-24 18:19:58,881 - src.driver - INFO - GENERATED CONTENT: <action>  deficiency whine overdue </action> 
 PARSED ACTION: deficiency whine overdue
2026-01-24 18:19:58,882 - src.driver - INFO - You will be assigned a task. 
You will receive the actions you have available, followed by the action history. 
Your goal is to maximize the total reward across all 10 steps. We are on step 4. 

Task Assignment:
---
You are a farmer who owns 3 fields. Each action corresponds to planting your crop in a different field. Each field is associated with a Gaussian distribution with a fixed but unknown mean. At each time step, you will select a field and receive a reward drawn from the associated distribution. Your goal is to maximize your reward across all of your turns.
---

Available Actions:
---

- Field Name: clientele ratification character - This action has been selected 1 time(s) for an observed mean of -44.68989775933724

- Field Name: deficiency whine overdue - This action has been selected 2 time(s) for an observed mean of -28.567931541696556

- Field Name: manly chocolate wits - This action has been selected 1 time(s) for an observed mean of -84.76617784285067

---
When selecting an action, include only the name of the action. Do not include the dashes used to indicate the list here.

Please select an action from the list of action options in order to maximize the reward for your task.
When selecting an action, put the exact name of the action between action tags like: <action> action_name </action>.

Your thinking budget is 150 tokens. If you exceed this limit, you will be forced to provide an immediate answer.
Your overall generation limit is 200 tokens.
2026-01-24 18:20:14,152 - src.driver - INFO - GENERATED CONTENT: <action>  deficiency whine overdue </action> 
 PARSED ACTION: deficiency whine overdue
2026-01-24 18:20:14,152 - src.driver - INFO - You will be assigned a task. 
You will receive the actions you have available, followed by the action history. 
Your goal is to maximize the total reward across all 10 steps. We are on step 5. 

Task Assignment:
---
You are a farmer who owns 3 fields. Each action corresponds to planting your crop in a different field. Each field is associated with a Gaussian distribution with a fixed but unknown mean. At each time step, you will select a field and receive a reward drawn from the associated distribution. Your goal is to maximize your reward across all of your turns.
---

Available Actions:
---

- Field Name: clientele ratification character - This action has been selected 1 time(s) for an observed mean of -44.68989775933724

- Field Name: deficiency whine overdue - This action has been selected 3 time(s) for an observed mean of -27.60108756462539

- Field Name: manly chocolate wits - This action has been selected 1 time(s) for an observed mean of -84.76617784285067

---
When selecting an action, include only the name of the action. Do not include the dashes used to indicate the list here.

Please select an action from the list of action options in order to maximize the reward for your task.
When selecting an action, put the exact name of the action between action tags like: <action> action_name </action>.

Your thinking budget is 150 tokens. If you exceed this limit, you will be forced to provide an immediate answer.
Your overall generation limit is 200 tokens.
2026-01-24 18:20:29,448 - src.driver - INFO - GENERATED CONTENT: <action>  deficiency whine overdue </action> 
 PARSED ACTION: deficiency whine overdue
2026-01-24 18:20:29,449 - src.driver - INFO - You will be assigned a task. 
You will receive the actions you have available, followed by the action history. 
Your goal is to maximize the total reward across all 10 steps. We are on step 6. 

Task Assignment:
---
You are a farmer who owns 3 fields. Each action corresponds to planting your crop in a different field. Each field is associated with a Gaussian distribution with a fixed but unknown mean. At each time step, you will select a field and receive a reward drawn from the associated distribution. Your goal is to maximize your reward across all of your turns.
---

Available Actions:
---

- Field Name: clientele ratification character - This action has been selected 1 time(s) for an observed mean of -44.68989775933724

- Field Name: deficiency whine overdue - This action has been selected 4 time(s) for an observed mean of -28.31016012211999

- Field Name: manly chocolate wits - This action has been selected 1 time(s) for an observed mean of -84.76617784285067

---
When selecting an action, include only the name of the action. Do not include the dashes used to indicate the list here.

Please select an action from the list of action options in order to maximize the reward for your task.
When selecting an action, put the exact name of the action between action tags like: <action> action_name </action>.

Your thinking budget is 150 tokens. If you exceed this limit, you will be forced to provide an immediate answer.
Your overall generation limit is 200 tokens.
2026-01-24 18:20:44,738 - src.driver - INFO - GENERATED CONTENT: <action>  deficiency whine overdue </action> 
 PARSED ACTION: deficiency whine overdue
2026-01-24 18:20:44,739 - src.driver - INFO - You will be assigned a task. 
You will receive the actions you have available, followed by the action history. 
Your goal is to maximize the total reward across all 10 steps. We are on step 7. 

Task Assignment:
---
You are a farmer who owns 3 fields. Each action corresponds to planting your crop in a different field. Each field is associated with a Gaussian distribution with a fixed but unknown mean. At each time step, you will select a field and receive a reward drawn from the associated distribution. Your goal is to maximize your reward across all of your turns.
---

Available Actions:
---

- Field Name: clientele ratification character - This action has been selected 1 time(s) for an observed mean of -44.68989775933724

- Field Name: deficiency whine overdue - This action has been selected 5 time(s) for an observed mean of -27.467879054353972

- Field Name: manly chocolate wits - This action has been selected 1 time(s) for an observed mean of -84.76617784285067

---
When selecting an action, include only the name of the action. Do not include the dashes used to indicate the list here.

Please select an action from the list of action options in order to maximize the reward for your task.
When selecting an action, put the exact name of the action between action tags like: <action> action_name </action>.

Your thinking budget is 150 tokens. If you exceed this limit, you will be forced to provide an immediate answer.
Your overall generation limit is 200 tokens.
2026-01-24 18:21:00,160 - src.driver - INFO - GENERATED CONTENT: <action>  deficiency whine overdue </action> 
 PARSED ACTION: deficiency whine overdue
2026-01-24 18:21:00,160 - src.driver - INFO - You will be assigned a task. 
You will receive the actions you have available, followed by the action history. 
Your goal is to maximize the total reward across all 10 steps. We are on step 8. 

Task Assignment:
---
You are a farmer who owns 3 fields. Each action corresponds to planting your crop in a different field. Each field is associated with a Gaussian distribution with a fixed but unknown mean. At each time step, you will select a field and receive a reward drawn from the associated distribution. Your goal is to maximize your reward across all of your turns.
---

Available Actions:
---

- Field Name: clientele ratification character - This action has been selected 1 time(s) for an observed mean of -44.68989775933724

- Field Name: deficiency whine overdue - This action has been selected 6 time(s) for an observed mean of -26.211616864054502

- Field Name: manly chocolate wits - This action has been selected 1 time(s) for an observed mean of -84.76617784285067

---
When selecting an action, include only the name of the action. Do not include the dashes used to indicate the list here.

Please select an action from the list of action options in order to maximize the reward for your task.
When selecting an action, put the exact name of the action between action tags like: <action> action_name </action>.

Your thinking budget is 150 tokens. If you exceed this limit, you will be forced to provide an immediate answer.
Your overall generation limit is 200 tokens.
2026-01-24 18:21:15,515 - src.driver - INFO - GENERATED CONTENT: <action>  deficiency whine overdue </action> 
 PARSED ACTION: deficiency whine overdue
2026-01-24 18:21:15,516 - src.driver - INFO - You will be assigned a task. 
You will receive the actions you have available, followed by the action history. 
Your goal is to maximize the total reward across all 10 steps. We are on step 9. 

Task Assignment:
---
You are a farmer who owns 3 fields. Each action corresponds to planting your crop in a different field. Each field is associated with a Gaussian distribution with a fixed but unknown mean. At each time step, you will select a field and receive a reward drawn from the associated distribution. Your goal is to maximize your reward across all of your turns.
---

Available Actions:
---

- Field Name: clientele ratification character - This action has been selected 1 time(s) for an observed mean of -44.68989775933724

- Field Name: deficiency whine overdue - This action has been selected 7 time(s) for an observed mean of -26.860392125401578

- Field Name: manly chocolate wits - This action has been selected 1 time(s) for an observed mean of -84.76617784285067

---
When selecting an action, include only the name of the action. Do not include the dashes used to indicate the list here.

Please select an action from the list of action options in order to maximize the reward for your task.
When selecting an action, put the exact name of the action between action tags like: <action> action_name </action>.

Your thinking budget is 150 tokens. If you exceed this limit, you will be forced to provide an immediate answer.
Your overall generation limit is 200 tokens.
2026-01-24 18:21:30,861 - src.driver - INFO - GENERATED CONTENT: <action>  deficiency whine overdue </action> 
 PARSED ACTION: deficiency whine overdue
2026-01-24 18:21:30,877 - src.driver - INFO - You will be assigned a task. 
You will receive the actions you have available, followed by the action history. 
Your goal is to maximize the total reward across all 10 steps. We are on step 0. 

Task Assignment:
---
You are a farmer who owns 3 fields. Each action corresponds to planting your crop in a different field. Each field is associated with a Gaussian distribution with a fixed but unknown mean. At each time step, you will select a field and receive a reward drawn from the associated distribution. Your goal is to maximize your reward across all of your turns.
---

Available Actions:
---

- Field Name: desolation meddle stranded - This action has been selected 0 time(s) for an observed mean of Unknown

- Field Name: defender pleasurable enablement - This action has been selected 0 time(s) for an observed mean of Unknown

- Field Name: simultaneous crow matriculation - This action has been selected 0 time(s) for an observed mean of Unknown

---
When selecting an action, include only the name of the action. Do not include the dashes used to indicate the list here.

Please select an action from the list of action options in order to maximize the reward for your task.
When selecting an action, put the exact name of the action between action tags like: <action> action_name </action>.

Your thinking budget is 150 tokens. If you exceed this limit, you will be forced to provide an immediate answer.
Your overall generation limit is 200 tokens.
2026-01-24 18:21:45,987 - src.driver - INFO - GENERATED CONTENT: <action>  desolation meddle stranded </action> 
 PARSED ACTION: desolation meddle stranded
2026-01-24 18:21:45,988 - src.driver - INFO - You will be assigned a task. 
You will receive the actions you have available, followed by the action history. 
Your goal is to maximize the total reward across all 10 steps. We are on step 1. 

Task Assignment:
---
You are a farmer who owns 3 fields. Each action corresponds to planting your crop in a different field. Each field is associated with a Gaussian distribution with a fixed but unknown mean. At each time step, you will select a field and receive a reward drawn from the associated distribution. Your goal is to maximize your reward across all of your turns.
---

Available Actions:
---

- Field Name: desolation meddle stranded - This action has been selected 1 time(s) for an observed mean of -24.795357429148527

- Field Name: defender pleasurable enablement - This action has been selected 0 time(s) for an observed mean of Unknown

- Field Name: simultaneous crow matriculation - This action has been selected 0 time(s) for an observed mean of Unknown

---
When selecting an action, include only the name of the action. Do not include the dashes used to indicate the list here.

Please select an action from the list of action options in order to maximize the reward for your task.
When selecting an action, put the exact name of the action between action tags like: <action> action_name </action>.

Your thinking budget is 150 tokens. If you exceed this limit, you will be forced to provide an immediate answer.
Your overall generation limit is 200 tokens.
2026-01-24 18:22:01,280 - src.driver - INFO - GENERATED CONTENT: <action>  defender pleasurable enablement </action> 
 PARSED ACTION: defender pleasurable enablement
2026-01-24 18:22:01,281 - src.driver - INFO - You will be assigned a task. 
You will receive the actions you have available, followed by the action history. 
Your goal is to maximize the total reward across all 10 steps. We are on step 2. 

Task Assignment:
---
You are a farmer who owns 3 fields. Each action corresponds to planting your crop in a different field. Each field is associated with a Gaussian distribution with a fixed but unknown mean. At each time step, you will select a field and receive a reward drawn from the associated distribution. Your goal is to maximize your reward across all of your turns.
---

Available Actions:
---

- Field Name: desolation meddle stranded - This action has been selected 1 time(s) for an observed mean of -24.795357429148527

- Field Name: defender pleasurable enablement - This action has been selected 1 time(s) for an observed mean of -73.24442716044408

- Field Name: simultaneous crow matriculation - This action has been selected 0 time(s) for an observed mean of Unknown

---
When selecting an action, include only the name of the action. Do not include the dashes used to indicate the list here.

Please select an action from the list of action options in order to maximize the reward for your task.
When selecting an action, put the exact name of the action between action tags like: <action> action_name </action>.

Your thinking budget is 150 tokens. If you exceed this limit, you will be forced to provide an immediate answer.
Your overall generation limit is 200 tokens.
2026-01-24 18:22:16,650 - src.driver - INFO - GENERATED CONTENT: <action>  simultaneous crow matriculation </action> 
 PARSED ACTION: simultaneous crow matriculation
2026-01-24 18:22:16,651 - src.driver - INFO - You will be assigned a task. 
You will receive the actions you have available, followed by the action history. 
Your goal is to maximize the total reward across all 10 steps. We are on step 3. 

Task Assignment:
---
You are a farmer who owns 3 fields. Each action corresponds to planting your crop in a different field. Each field is associated with a Gaussian distribution with a fixed but unknown mean. At each time step, you will select a field and receive a reward drawn from the associated distribution. Your goal is to maximize your reward across all of your turns.
---

Available Actions:
---

- Field Name: desolation meddle stranded - This action has been selected 1 time(s) for an observed mean of -24.795357429148527

- Field Name: defender pleasurable enablement - This action has been selected 1 time(s) for an observed mean of -73.24442716044408

- Field Name: simultaneous crow matriculation - This action has been selected 1 time(s) for an observed mean of -55.418536392653536

---
When selecting an action, include only the name of the action. Do not include the dashes used to indicate the list here.

Please select an action from the list of action options in order to maximize the reward for your task.
When selecting an action, put the exact name of the action between action tags like: <action> action_name </action>.

Your thinking budget is 150 tokens. If you exceed this limit, you will be forced to provide an immediate answer.
Your overall generation limit is 200 tokens.
2026-01-24 18:22:32,280 - src.driver - INFO - GENERATED CONTENT: <action>  desolation meddle stranded </action> 
 PARSED ACTION: desolation meddle stranded
2026-01-24 18:22:32,281 - src.driver - INFO - You will be assigned a task. 
You will receive the actions you have available, followed by the action history. 
Your goal is to maximize the total reward across all 10 steps. We are on step 4. 

Task Assignment:
---
You are a farmer who owns 3 fields. Each action corresponds to planting your crop in a different field. Each field is associated with a Gaussian distribution with a fixed but unknown mean. At each time step, you will select a field and receive a reward drawn from the associated distribution. Your goal is to maximize your reward across all of your turns.
---

Available Actions:
---

- Field Name: desolation meddle stranded - This action has been selected 2 time(s) for an observed mean of -26.614508019367214

- Field Name: defender pleasurable enablement - This action has been selected 1 time(s) for an observed mean of -73.24442716044408

- Field Name: simultaneous crow matriculation - This action has been selected 1 time(s) for an observed mean of -55.418536392653536

---
When selecting an action, include only the name of the action. Do not include the dashes used to indicate the list here.

Please select an action from the list of action options in order to maximize the reward for your task.
When selecting an action, put the exact name of the action between action tags like: <action> action_name </action>.

Your thinking budget is 150 tokens. If you exceed this limit, you will be forced to provide an immediate answer.
Your overall generation limit is 200 tokens.
2026-01-24 18:22:47,876 - src.driver - INFO - GENERATED CONTENT: <action>  desolation meddle stranded </action> 
 PARSED ACTION: desolation meddle stranded
2026-01-24 18:22:47,877 - src.driver - INFO - You will be assigned a task. 
You will receive the actions you have available, followed by the action history. 
Your goal is to maximize the total reward across all 10 steps. We are on step 5. 

Task Assignment:
---
You are a farmer who owns 3 fields. Each action corresponds to planting your crop in a different field. Each field is associated with a Gaussian distribution with a fixed but unknown mean. At each time step, you will select a field and receive a reward drawn from the associated distribution. Your goal is to maximize your reward across all of your turns.
---

Available Actions:
---

- Field Name: desolation meddle stranded - This action has been selected 3 time(s) for an observed mean of -27.289653904562755

- Field Name: defender pleasurable enablement - This action has been selected 1 time(s) for an observed mean of -73.24442716044408

- Field Name: simultaneous crow matriculation - This action has been selected 1 time(s) for an observed mean of -55.418536392653536

---
When selecting an action, include only the name of the action. Do not include the dashes used to indicate the list here.

Please select an action from the list of action options in order to maximize the reward for your task.
When selecting an action, put the exact name of the action between action tags like: <action> action_name </action>.

Your thinking budget is 150 tokens. If you exceed this limit, you will be forced to provide an immediate answer.
Your overall generation limit is 200 tokens.
2026-01-24 18:23:03,519 - src.driver - INFO - GENERATED CONTENT: <action>  desolation meddle stranded </action> 
 PARSED ACTION: desolation meddle stranded
2026-01-24 18:23:03,520 - src.driver - INFO - You will be assigned a task. 
You will receive the actions you have available, followed by the action history. 
Your goal is to maximize the total reward across all 10 steps. We are on step 6. 

Task Assignment:
---
You are a farmer who owns 3 fields. Each action corresponds to planting your crop in a different field. Each field is associated with a Gaussian distribution with a fixed but unknown mean. At each time step, you will select a field and receive a reward drawn from the associated distribution. Your goal is to maximize your reward across all of your turns.
---

Available Actions:
---

- Field Name: desolation meddle stranded - This action has been selected 4 time(s) for an observed mean of -25.6036623387961

- Field Name: defender pleasurable enablement - This action has been selected 1 time(s) for an observed mean of -73.24442716044408

- Field Name: simultaneous crow matriculation - This action has been selected 1 time(s) for an observed mean of -55.418536392653536

---
When selecting an action, include only the name of the action. Do not include the dashes used to indicate the list here.

Please select an action from the list of action options in order to maximize the reward for your task.
When selecting an action, put the exact name of the action between action tags like: <action> action_name </action>.

Your thinking budget is 150 tokens. If you exceed this limit, you will be forced to provide an immediate answer.
Your overall generation limit is 200 tokens.
2026-01-24 18:23:18,953 - src.driver - INFO - GENERATED CONTENT: <action>  desolation meddle stranded </action> 
 PARSED ACTION: desolation meddle stranded
2026-01-24 18:23:18,953 - src.driver - INFO - You will be assigned a task. 
You will receive the actions you have available, followed by the action history. 
Your goal is to maximize the total reward across all 10 steps. We are on step 7. 

Task Assignment:
---
You are a farmer who owns 3 fields. Each action corresponds to planting your crop in a different field. Each field is associated with a Gaussian distribution with a fixed but unknown mean. At each time step, you will select a field and receive a reward drawn from the associated distribution. Your goal is to maximize your reward across all of your turns.
---

Available Actions:
---

- Field Name: desolation meddle stranded - This action has been selected 5 time(s) for an observed mean of -25.583623437841208

- Field Name: defender pleasurable enablement - This action has been selected 1 time(s) for an observed mean of -73.24442716044408

- Field Name: simultaneous crow matriculation - This action has been selected 1 time(s) for an observed mean of -55.418536392653536

---
When selecting an action, include only the name of the action. Do not include the dashes used to indicate the list here.

Please select an action from the list of action options in order to maximize the reward for your task.
When selecting an action, put the exact name of the action between action tags like: <action> action_name </action>.

Your thinking budget is 150 tokens. If you exceed this limit, you will be forced to provide an immediate answer.
Your overall generation limit is 200 tokens.
2026-01-24 18:23:36,074 - src.driver - INFO - GENERATED CONTENT: <action>  desolation meddle stranded </action> has the highest observed mean, so it's optimal to select it again to maximize the reward. 
 PARSED ACTION: desolation meddle stranded
2026-01-24 18:23:36,075 - src.driver - INFO - You will be assigned a task. 
You will receive the actions you have available, followed by the action history. 
Your goal is to maximize the total reward across all 10 steps. We are on step 8. 

Task Assignment:
---
You are a farmer who owns 3 fields. Each action corresponds to planting your crop in a different field. Each field is associated with a Gaussian distribution with a fixed but unknown mean. At each time step, you will select a field and receive a reward drawn from the associated distribution. Your goal is to maximize your reward across all of your turns.
---

Available Actions:
---

- Field Name: desolation meddle stranded - This action has been selected 6 time(s) for an observed mean of -26.33141463677074

- Field Name: defender pleasurable enablement - This action has been selected 1 time(s) for an observed mean of -73.24442716044408

- Field Name: simultaneous crow matriculation - This action has been selected 1 time(s) for an observed mean of -55.418536392653536

---
When selecting an action, include only the name of the action. Do not include the dashes used to indicate the list here.

Please select an action from the list of action options in order to maximize the reward for your task.
When selecting an action, put the exact name of the action between action tags like: <action> action_name </action>.

Your thinking budget is 150 tokens. If you exceed this limit, you will be forced to provide an immediate answer.
Your overall generation limit is 200 tokens.
2026-01-24 18:23:51,705 - src.driver - INFO - GENERATED CONTENT: <action>  desolation meddle stranded </action> 
 PARSED ACTION: desolation meddle stranded
2026-01-24 18:23:51,705 - src.driver - INFO - You will be assigned a task. 
You will receive the actions you have available, followed by the action history. 
Your goal is to maximize the total reward across all 10 steps. We are on step 9. 

Task Assignment:
---
You are a farmer who owns 3 fields. Each action corresponds to planting your crop in a different field. Each field is associated with a Gaussian distribution with a fixed but unknown mean. At each time step, you will select a field and receive a reward drawn from the associated distribution. Your goal is to maximize your reward across all of your turns.
---

Available Actions:
---

- Field Name: desolation meddle stranded - This action has been selected 7 time(s) for an observed mean of -26.540413736098863

- Field Name: defender pleasurable enablement - This action has been selected 1 time(s) for an observed mean of -73.24442716044408

- Field Name: simultaneous crow matriculation - This action has been selected 1 time(s) for an observed mean of -55.418536392653536

---
When selecting an action, include only the name of the action. Do not include the dashes used to indicate the list here.

Please select an action from the list of action options in order to maximize the reward for your task.
When selecting an action, put the exact name of the action between action tags like: <action> action_name </action>.

Your thinking budget is 150 tokens. If you exceed this limit, you will be forced to provide an immediate answer.
Your overall generation limit is 200 tokens.
2026-01-24 18:24:07,326 - src.driver - INFO - GENERATED CONTENT: <action>  desolation meddle stranded </action> 
 PARSED ACTION: desolation meddle stranded
2026-01-24 18:24:07,342 - src.driver - INFO - You will be assigned a task. 
You will receive the actions you have available, followed by the action history. 
Your goal is to maximize the total reward across all 10 steps. We are on step 0. 

Task Assignment:
---
You are a farmer who owns 3 fields. Each action corresponds to planting your crop in a different field. Each field is associated with a Gaussian distribution with a fixed but unknown mean. At each time step, you will select a field and receive a reward drawn from the associated distribution. Your goal is to maximize your reward across all of your turns.
---

Available Actions:
---

- Field Name: hobo upheaval ruin - This action has been selected 0 time(s) for an observed mean of Unknown

- Field Name: delegate jam resources - This action has been selected 0 time(s) for an observed mean of Unknown

- Field Name: spotty tacky spellbound - This action has been selected 0 time(s) for an observed mean of Unknown

---
When selecting an action, include only the name of the action. Do not include the dashes used to indicate the list here.

Please select an action from the list of action options in order to maximize the reward for your task.
When selecting an action, put the exact name of the action between action tags like: <action> action_name </action>.

Your thinking budget is 150 tokens. If you exceed this limit, you will be forced to provide an immediate answer.
Your overall generation limit is 200 tokens.
2026-01-24 18:24:22,557 - src.driver - INFO - GENERATED CONTENT: <action>  hobo upheaval ruin </action> 
 PARSED ACTION: hobo upheaval ruin
2026-01-24 18:24:22,558 - src.driver - INFO - You will be assigned a task. 
You will receive the actions you have available, followed by the action history. 
Your goal is to maximize the total reward across all 10 steps. We are on step 1. 

Task Assignment:
---
You are a farmer who owns 3 fields. Each action corresponds to planting your crop in a different field. Each field is associated with a Gaussian distribution with a fixed but unknown mean. At each time step, you will select a field and receive a reward drawn from the associated distribution. Your goal is to maximize your reward across all of your turns.
---

Available Actions:
---

- Field Name: hobo upheaval ruin - This action has been selected 1 time(s) for an observed mean of -16.068278046462964

- Field Name: delegate jam resources - This action has been selected 0 time(s) for an observed mean of Unknown

- Field Name: spotty tacky spellbound - This action has been selected 0 time(s) for an observed mean of Unknown

---
When selecting an action, include only the name of the action. Do not include the dashes used to indicate the list here.

Please select an action from the list of action options in order to maximize the reward for your task.
When selecting an action, put the exact name of the action between action tags like: <action> action_name </action>.

Your thinking budget is 150 tokens. If you exceed this limit, you will be forced to provide an immediate answer.
Your overall generation limit is 200 tokens.
2026-01-24 18:24:37,723 - src.driver - INFO - GENERATED CONTENT: <action>  delegate jam resources </action> 
 PARSED ACTION: delegate jam resources
2026-01-24 18:24:37,723 - src.driver - INFO - You will be assigned a task. 
You will receive the actions you have available, followed by the action history. 
Your goal is to maximize the total reward across all 10 steps. We are on step 2. 

Task Assignment:
---
You are a farmer who owns 3 fields. Each action corresponds to planting your crop in a different field. Each field is associated with a Gaussian distribution with a fixed but unknown mean. At each time step, you will select a field and receive a reward drawn from the associated distribution. Your goal is to maximize your reward across all of your turns.
---

Available Actions:
---

- Field Name: hobo upheaval ruin - This action has been selected 1 time(s) for an observed mean of -16.068278046462964

- Field Name: delegate jam resources - This action has been selected 1 time(s) for an observed mean of -78.45820983269755

- Field Name: spotty tacky spellbound - This action has been selected 0 time(s) for an observed mean of Unknown

---
When selecting an action, include only the name of the action. Do not include the dashes used to indicate the list here.

Please select an action from the list of action options in order to maximize the reward for your task.
When selecting an action, put the exact name of the action between action tags like: <action> action_name </action>.

Your thinking budget is 150 tokens. If you exceed this limit, you will be forced to provide an immediate answer.
Your overall generation limit is 200 tokens.
2026-01-24 18:24:53,159 - src.driver - INFO - GENERATED CONTENT: <action>  spotty tacky spellbound </action> 
 PARSED ACTION: spotty tacky spellbound
2026-01-24 18:24:53,160 - src.driver - INFO - You will be assigned a task. 
You will receive the actions you have available, followed by the action history. 
Your goal is to maximize the total reward across all 10 steps. We are on step 3. 

Task Assignment:
---
You are a farmer who owns 3 fields. Each action corresponds to planting your crop in a different field. Each field is associated with a Gaussian distribution with a fixed but unknown mean. At each time step, you will select a field and receive a reward drawn from the associated distribution. Your goal is to maximize your reward across all of your turns.
---

Available Actions:
---

- Field Name: hobo upheaval ruin - This action has been selected 1 time(s) for an observed mean of -16.068278046462964

- Field Name: delegate jam resources - This action has been selected 1 time(s) for an observed mean of -78.45820983269755

- Field Name: spotty tacky spellbound - This action has been selected 1 time(s) for an observed mean of -52.63867027806886

---
When selecting an action, include only the name of the action. Do not include the dashes used to indicate the list here.

Please select an action from the list of action options in order to maximize the reward for your task.
When selecting an action, put the exact name of the action between action tags like: <action> action_name </action>.

Your thinking budget is 150 tokens. If you exceed this limit, you will be forced to provide an immediate answer.
Your overall generation limit is 200 tokens.
2026-01-24 18:25:08,562 - src.driver - INFO - GENERATED CONTENT: <action>  hobo upheaval ruin </action> 
 PARSED ACTION: hobo upheaval ruin
2026-01-24 18:25:08,562 - src.driver - INFO - You will be assigned a task. 
You will receive the actions you have available, followed by the action history. 
Your goal is to maximize the total reward across all 10 steps. We are on step 4. 

Task Assignment:
---
You are a farmer who owns 3 fields. Each action corresponds to planting your crop in a different field. Each field is associated with a Gaussian distribution with a fixed but unknown mean. At each time step, you will select a field and receive a reward drawn from the associated distribution. Your goal is to maximize your reward across all of your turns.
---

Available Actions:
---

- Field Name: hobo upheaval ruin - This action has been selected 2 time(s) for an observed mean of -25.10296135393716

- Field Name: delegate jam resources - This action has been selected 1 time(s) for an observed mean of -78.45820983269755

- Field Name: spotty tacky spellbound - This action has been selected 1 time(s) for an observed mean of -52.63867027806886

---
When selecting an action, include only the name of the action. Do not include the dashes used to indicate the list here.

Please select an action from the list of action options in order to maximize the reward for your task.
When selecting an action, put the exact name of the action between action tags like: <action> action_name </action>.

Your thinking budget is 150 tokens. If you exceed this limit, you will be forced to provide an immediate answer.
Your overall generation limit is 200 tokens.
2026-01-24 18:25:24,044 - src.driver - INFO - GENERATED CONTENT: <action>  hobo upheaval ruin </action> 
 PARSED ACTION: hobo upheaval ruin
2026-01-24 18:25:24,045 - src.driver - INFO - You will be assigned a task. 
You will receive the actions you have available, followed by the action history. 
Your goal is to maximize the total reward across all 10 steps. We are on step 5. 

Task Assignment:
---
You are a farmer who owns 3 fields. Each action corresponds to planting your crop in a different field. Each field is associated with a Gaussian distribution with a fixed but unknown mean. At each time step, you will select a field and receive a reward drawn from the associated distribution. Your goal is to maximize your reward across all of your turns.
---

Available Actions:
---

- Field Name: hobo upheaval ruin - This action has been selected 3 time(s) for an observed mean of -22.304049484937526

- Field Name: delegate jam resources - This action has been selected 1 time(s) for an observed mean of -78.45820983269755

- Field Name: spotty tacky spellbound - This action has been selected 1 time(s) for an observed mean of -52.63867027806886

---
When selecting an action, include only the name of the action. Do not include the dashes used to indicate the list here.

Please select an action from the list of action options in order to maximize the reward for your task.
When selecting an action, put the exact name of the action between action tags like: <action> action_name </action>.

Your thinking budget is 150 tokens. If you exceed this limit, you will be forced to provide an immediate answer.
Your overall generation limit is 200 tokens.
2026-01-24 18:25:39,559 - src.driver - INFO - GENERATED CONTENT: <action>  hobo upheaval ruin </action> 
 PARSED ACTION: hobo upheaval ruin
2026-01-24 18:25:39,560 - src.driver - INFO - You will be assigned a task. 
You will receive the actions you have available, followed by the action history. 
Your goal is to maximize the total reward across all 10 steps. We are on step 6. 

Task Assignment:
---
You are a farmer who owns 3 fields. Each action corresponds to planting your crop in a different field. Each field is associated with a Gaussian distribution with a fixed but unknown mean. At each time step, you will select a field and receive a reward drawn from the associated distribution. Your goal is to maximize your reward across all of your turns.
---

Available Actions:
---

- Field Name: hobo upheaval ruin - This action has been selected 4 time(s) for an observed mean of -25.395885825132936

- Field Name: delegate jam resources - This action has been selected 1 time(s) for an observed mean of -78.45820983269755

- Field Name: spotty tacky spellbound - This action has been selected 1 time(s) for an observed mean of -52.63867027806886

---
When selecting an action, include only the name of the action. Do not include the dashes used to indicate the list here.

Please select an action from the list of action options in order to maximize the reward for your task.
When selecting an action, put the exact name of the action between action tags like: <action> action_name </action>.

Your thinking budget is 150 tokens. If you exceed this limit, you will be forced to provide an immediate answer.
Your overall generation limit is 200 tokens.
2026-01-24 18:25:55,040 - src.driver - INFO - GENERATED CONTENT: <action>  hobo upheaval ruin </action> 
 PARSED ACTION: hobo upheaval ruin
2026-01-24 18:25:55,040 - src.driver - INFO - You will be assigned a task. 
You will receive the actions you have available, followed by the action history. 
Your goal is to maximize the total reward across all 10 steps. We are on step 7. 

Task Assignment:
---
You are a farmer who owns 3 fields. Each action corresponds to planting your crop in a different field. Each field is associated with a Gaussian distribution with a fixed but unknown mean. At each time step, you will select a field and receive a reward drawn from the associated distribution. Your goal is to maximize your reward across all of your turns.
---

Available Actions:
---

- Field Name: hobo upheaval ruin - This action has been selected 5 time(s) for an observed mean of -23.90447931720702

- Field Name: delegate jam resources - This action has been selected 1 time(s) for an observed mean of -78.45820983269755

- Field Name: spotty tacky spellbound - This action has been selected 1 time(s) for an observed mean of -52.63867027806886

---
When selecting an action, include only the name of the action. Do not include the dashes used to indicate the list here.

Please select an action from the list of action options in order to maximize the reward for your task.
When selecting an action, put the exact name of the action between action tags like: <action> action_name </action>.

Your thinking budget is 150 tokens. If you exceed this limit, you will be forced to provide an immediate answer.
Your overall generation limit is 200 tokens.
2026-01-24 18:26:10,472 - src.driver - INFO - GENERATED CONTENT: <action>  hobo upheaval ruin </action> 
 PARSED ACTION: hobo upheaval ruin
2026-01-24 18:26:10,472 - src.driver - INFO - You will be assigned a task. 
You will receive the actions you have available, followed by the action history. 
Your goal is to maximize the total reward across all 10 steps. We are on step 8. 

Task Assignment:
---
You are a farmer who owns 3 fields. Each action corresponds to planting your crop in a different field. Each field is associated with a Gaussian distribution with a fixed but unknown mean. At each time step, you will select a field and receive a reward drawn from the associated distribution. Your goal is to maximize your reward across all of your turns.
---

Available Actions:
---

- Field Name: hobo upheaval ruin - This action has been selected 6 time(s) for an observed mean of -23.14496405078587

- Field Name: delegate jam resources - This action has been selected 1 time(s) for an observed mean of -78.45820983269755

- Field Name: spotty tacky spellbound - This action has been selected 1 time(s) for an observed mean of -52.63867027806886

---
When selecting an action, include only the name of the action. Do not include the dashes used to indicate the list here.

Please select an action from the list of action options in order to maximize the reward for your task.
When selecting an action, put the exact name of the action between action tags like: <action> action_name </action>.

Your thinking budget is 150 tokens. If you exceed this limit, you will be forced to provide an immediate answer.
Your overall generation limit is 200 tokens.
2026-01-24 18:26:25,899 - src.driver - INFO - GENERATED CONTENT: <action>  hobo upheaval ruin </action> 
 PARSED ACTION: hobo upheaval ruin
2026-01-24 18:26:25,899 - src.driver - INFO - You will be assigned a task. 
You will receive the actions you have available, followed by the action history. 
Your goal is to maximize the total reward across all 10 steps. We are on step 9. 

Task Assignment:
---
You are a farmer who owns 3 fields. Each action corresponds to planting your crop in a different field. Each field is associated with a Gaussian distribution with a fixed but unknown mean. At each time step, you will select a field and receive a reward drawn from the associated distribution. Your goal is to maximize your reward across all of your turns.
---

Available Actions:
---

- Field Name: hobo upheaval ruin - This action has been selected 7 time(s) for an observed mean of -24.243247718816026

- Field Name: delegate jam resources - This action has been selected 1 time(s) for an observed mean of -78.45820983269755

- Field Name: spotty tacky spellbound - This action has been selected 1 time(s) for an observed mean of -52.63867027806886

---
When selecting an action, include only the name of the action. Do not include the dashes used to indicate the list here.

Please select an action from the list of action options in order to maximize the reward for your task.
When selecting an action, put the exact name of the action between action tags like: <action> action_name </action>.

Your thinking budget is 150 tokens. If you exceed this limit, you will be forced to provide an immediate answer.
Your overall generation limit is 200 tokens.
2026-01-24 18:26:41,323 - src.driver - INFO - GENERATED CONTENT: <action>  hobo upheaval ruin </action> 
 PARSED ACTION: hobo upheaval ruin
2026-01-24 18:26:41,339 - src.driver - INFO - You will be assigned a task. 
You will receive the actions you have available, followed by the action history. 
Your goal is to maximize the total reward across all 10 steps. We are on step 0. 

Task Assignment:
---
You are a farmer who owns 3 fields. Each action corresponds to planting your crop in a different field. Each field is associated with a Gaussian distribution with a fixed but unknown mean. At each time step, you will select a field and receive a reward drawn from the associated distribution. Your goal is to maximize your reward across all of your turns.
---

Available Actions:
---

- Field Name: footprint environs nod - This action has been selected 0 time(s) for an observed mean of Unknown

- Field Name: buoy script assembly - This action has been selected 0 time(s) for an observed mean of Unknown

- Field Name: delirious discards formless - This action has been selected 0 time(s) for an observed mean of Unknown

---
When selecting an action, include only the name of the action. Do not include the dashes used to indicate the list here.

Please select an action from the list of action options in order to maximize the reward for your task.
When selecting an action, put the exact name of the action between action tags like: <action> action_name </action>.

Your thinking budget is 150 tokens. If you exceed this limit, you will be forced to provide an immediate answer.
Your overall generation limit is 200 tokens.
2026-01-24 18:26:56,510 - src.driver - INFO - GENERATED CONTENT: <action>  footprint environs nod </action> 
 PARSED ACTION: footprint environs nod
2026-01-24 18:26:56,510 - src.driver - INFO - You will be assigned a task. 
You will receive the actions you have available, followed by the action history. 
Your goal is to maximize the total reward across all 10 steps. We are on step 1. 

Task Assignment:
---
You are a farmer who owns 3 fields. Each action corresponds to planting your crop in a different field. Each field is associated with a Gaussian distribution with a fixed but unknown mean. At each time step, you will select a field and receive a reward drawn from the associated distribution. Your goal is to maximize your reward across all of your turns.
---

Available Actions:
---

- Field Name: footprint environs nod - This action has been selected 1 time(s) for an observed mean of -48.446743946522695

- Field Name: buoy script assembly - This action has been selected 0 time(s) for an observed mean of Unknown

- Field Name: delirious discards formless - This action has been selected 0 time(s) for an observed mean of Unknown

---
When selecting an action, include only the name of the action. Do not include the dashes used to indicate the list here.

Please select an action from the list of action options in order to maximize the reward for your task.
When selecting an action, put the exact name of the action between action tags like: <action> action_name </action>.

Your thinking budget is 150 tokens. If you exceed this limit, you will be forced to provide an immediate answer.
Your overall generation limit is 200 tokens.
2026-01-24 18:27:11,708 - src.driver - INFO - GENERATED CONTENT: <action>  buoy script assembly </action> 
 PARSED ACTION: buoy script assembly
2026-01-24 18:27:11,708 - src.driver - INFO - You will be assigned a task. 
You will receive the actions you have available, followed by the action history. 
Your goal is to maximize the total reward across all 10 steps. We are on step 2. 

Task Assignment:
---
You are a farmer who owns 3 fields. Each action corresponds to planting your crop in a different field. Each field is associated with a Gaussian distribution with a fixed but unknown mean. At each time step, you will select a field and receive a reward drawn from the associated distribution. Your goal is to maximize your reward across all of your turns.
---

Available Actions:
---

- Field Name: footprint environs nod - This action has been selected 1 time(s) for an observed mean of -48.446743946522695

- Field Name: buoy script assembly - This action has been selected 1 time(s) for an observed mean of -77.43245066251573

- Field Name: delirious discards formless - This action has been selected 0 time(s) for an observed mean of Unknown

---
When selecting an action, include only the name of the action. Do not include the dashes used to indicate the list here.

Please select an action from the list of action options in order to maximize the reward for your task.
When selecting an action, put the exact name of the action between action tags like: <action> action_name </action>.

Your thinking budget is 150 tokens. If you exceed this limit, you will be forced to provide an immediate answer.
Your overall generation limit is 200 tokens.
2026-01-24 18:27:27,152 - src.driver - INFO - GENERATED CONTENT: <action>  delirious discards formless </action> 
 PARSED ACTION: delirious discards formless
2026-01-24 18:27:27,153 - src.driver - INFO - You will be assigned a task. 
You will receive the actions you have available, followed by the action history. 
Your goal is to maximize the total reward across all 10 steps. We are on step 3. 

Task Assignment:
---
You are a farmer who owns 3 fields. Each action corresponds to planting your crop in a different field. Each field is associated with a Gaussian distribution with a fixed but unknown mean. At each time step, you will select a field and receive a reward drawn from the associated distribution. Your goal is to maximize your reward across all of your turns.
---

Available Actions:
---

- Field Name: footprint environs nod - This action has been selected 1 time(s) for an observed mean of -48.446743946522695

- Field Name: buoy script assembly - This action has been selected 1 time(s) for an observed mean of -77.43245066251573

- Field Name: delirious discards formless - This action has been selected 1 time(s) for an observed mean of -29.874111100808502

---
When selecting an action, include only the name of the action. Do not include the dashes used to indicate the list here.

Please select an action from the list of action options in order to maximize the reward for your task.
When selecting an action, put the exact name of the action between action tags like: <action> action_name </action>.

Your thinking budget is 150 tokens. If you exceed this limit, you will be forced to provide an immediate answer.
Your overall generation limit is 200 tokens.
2026-01-24 18:27:43,000 - src.driver - INFO - GENERATED CONTENT: <action>  delirious discards formless </action> 
 PARSED ACTION: delirious discards formless
2026-01-24 18:27:43,000 - src.driver - INFO - You will be assigned a task. 
You will receive the actions you have available, followed by the action history. 
Your goal is to maximize the total reward across all 10 steps. We are on step 4. 

Task Assignment:
---
You are a farmer who owns 3 fields. Each action corresponds to planting your crop in a different field. Each field is associated with a Gaussian distribution with a fixed but unknown mean. At each time step, you will select a field and receive a reward drawn from the associated distribution. Your goal is to maximize your reward across all of your turns.
---

Available Actions:
---

- Field Name: footprint environs nod - This action has been selected 1 time(s) for an observed mean of -48.446743946522695

- Field Name: buoy script assembly - This action has been selected 1 time(s) for an observed mean of -77.43245066251573

- Field Name: delirious discards formless - This action has been selected 2 time(s) for an observed mean of -25.663368613588997

---
When selecting an action, include only the name of the action. Do not include the dashes used to indicate the list here.

Please select an action from the list of action options in order to maximize the reward for your task.
When selecting an action, put the exact name of the action between action tags like: <action> action_name </action>.

Your thinking budget is 150 tokens. If you exceed this limit, you will be forced to provide an immediate answer.
Your overall generation limit is 200 tokens.
2026-01-24 18:27:58,744 - src.driver - INFO - GENERATED CONTENT: <action>  delirious discards formless </action> 
 PARSED ACTION: delirious discards formless
2026-01-24 18:27:58,745 - src.driver - INFO - You will be assigned a task. 
You will receive the actions you have available, followed by the action history. 
Your goal is to maximize the total reward across all 10 steps. We are on step 5. 

Task Assignment:
---
You are a farmer who owns 3 fields. Each action corresponds to planting your crop in a different field. Each field is associated with a Gaussian distribution with a fixed but unknown mean. At each time step, you will select a field and receive a reward drawn from the associated distribution. Your goal is to maximize your reward across all of your turns.
---

Available Actions:
---

- Field Name: footprint environs nod - This action has been selected 1 time(s) for an observed mean of -48.446743946522695

- Field Name: buoy script assembly - This action has been selected 1 time(s) for an observed mean of -77.43245066251573

- Field Name: delirious discards formless - This action has been selected 3 time(s) for an observed mean of -24.28280975475549

---
When selecting an action, include only the name of the action. Do not include the dashes used to indicate the list here.

Please select an action from the list of action options in order to maximize the reward for your task.
When selecting an action, put the exact name of the action between action tags like: <action> action_name </action>.

Your thinking budget is 150 tokens. If you exceed this limit, you will be forced to provide an immediate answer.
Your overall generation limit is 200 tokens.
2026-01-24 18:28:14,540 - src.driver - INFO - GENERATED CONTENT: <action>  delirious discards formless </action> 
 PARSED ACTION: delirious discards formless
2026-01-24 18:28:14,541 - src.driver - INFO - You will be assigned a task. 
You will receive the actions you have available, followed by the action history. 
Your goal is to maximize the total reward across all 10 steps. We are on step 6. 

Task Assignment:
---
You are a farmer who owns 3 fields. Each action corresponds to planting your crop in a different field. Each field is associated with a Gaussian distribution with a fixed but unknown mean. At each time step, you will select a field and receive a reward drawn from the associated distribution. Your goal is to maximize your reward across all of your turns.
---

Available Actions:
---

- Field Name: footprint environs nod - This action has been selected 1 time(s) for an observed mean of -48.446743946522695

- Field Name: buoy script assembly - This action has been selected 1 time(s) for an observed mean of -77.43245066251573

- Field Name: delirious discards formless - This action has been selected 4 time(s) for an observed mean of -22.13825151046897

---
When selecting an action, include only the name of the action. Do not include the dashes used to indicate the list here.

Please select an action from the list of action options in order to maximize the reward for your task.
When selecting an action, put the exact name of the action between action tags like: <action> action_name </action>.

Your thinking budget is 150 tokens. If you exceed this limit, you will be forced to provide an immediate answer.
Your overall generation limit is 200 tokens.
2026-01-24 18:28:31,604 - src.driver - INFO - GENERATED CONTENT: <action>  delirious discards formless </action> has the highest observed mean among the three fields, so it's the optimal choice to maximize 
 PARSED ACTION: delirious discards formless
2026-01-24 18:28:31,605 - src.driver - INFO - You will be assigned a task. 
You will receive the actions you have available, followed by the action history. 
Your goal is to maximize the total reward across all 10 steps. We are on step 7. 

Task Assignment:
---
You are a farmer who owns 3 fields. Each action corresponds to planting your crop in a different field. Each field is associated with a Gaussian distribution with a fixed but unknown mean. At each time step, you will select a field and receive a reward drawn from the associated distribution. Your goal is to maximize your reward across all of your turns.
---

Available Actions:
---

- Field Name: footprint environs nod - This action has been selected 1 time(s) for an observed mean of -48.446743946522695

- Field Name: buoy script assembly - This action has been selected 1 time(s) for an observed mean of -77.43245066251573

- Field Name: delirious discards formless - This action has been selected 5 time(s) for an observed mean of -20.57618765677332

---
When selecting an action, include only the name of the action. Do not include the dashes used to indicate the list here.

Please select an action from the list of action options in order to maximize the reward for your task.
When selecting an action, put the exact name of the action between action tags like: <action> action_name </action>.

Your thinking budget is 150 tokens. If you exceed this limit, you will be forced to provide an immediate answer.
Your overall generation limit is 200 tokens.
2026-01-24 18:28:47,268 - src.driver - INFO - GENERATED CONTENT: <action>  delirious discards formless </action> 
 PARSED ACTION: delirious discards formless
2026-01-24 18:28:47,269 - src.driver - INFO - You will be assigned a task. 
You will receive the actions you have available, followed by the action history. 
Your goal is to maximize the total reward across all 10 steps. We are on step 8. 

Task Assignment:
---
You are a farmer who owns 3 fields. Each action corresponds to planting your crop in a different field. Each field is associated with a Gaussian distribution with a fixed but unknown mean. At each time step, you will select a field and receive a reward drawn from the associated distribution. Your goal is to maximize your reward across all of your turns.
---

Available Actions:
---

- Field Name: footprint environs nod - This action has been selected 1 time(s) for an observed mean of -48.446743946522695

- Field Name: buoy script assembly - This action has been selected 1 time(s) for an observed mean of -77.43245066251573

- Field Name: delirious discards formless - This action has been selected 6 time(s) for an observed mean of -19.632859239079192

---
When selecting an action, include only the name of the action. Do not include the dashes used to indicate the list here.

Please select an action from the list of action options in order to maximize the reward for your task.
When selecting an action, put the exact name of the action between action tags like: <action> action_name </action>.

Your thinking budget is 150 tokens. If you exceed this limit, you will be forced to provide an immediate answer.
Your overall generation limit is 200 tokens.
2026-01-24 18:29:02,999 - src.driver - INFO - GENERATED CONTENT: <action>  delirious discards formless </action> 
 PARSED ACTION: delirious discards formless
2026-01-24 18:29:03,000 - src.driver - INFO - You will be assigned a task. 
You will receive the actions you have available, followed by the action history. 
Your goal is to maximize the total reward across all 10 steps. We are on step 9. 

Task Assignment:
---
You are a farmer who owns 3 fields. Each action corresponds to planting your crop in a different field. Each field is associated with a Gaussian distribution with a fixed but unknown mean. At each time step, you will select a field and receive a reward drawn from the associated distribution. Your goal is to maximize your reward across all of your turns.
---

Available Actions:
---

- Field Name: footprint environs nod - This action has been selected 1 time(s) for an observed mean of -48.446743946522695

- Field Name: buoy script assembly - This action has been selected 1 time(s) for an observed mean of -77.43245066251573

- Field Name: delirious discards formless - This action has been selected 7 time(s) for an observed mean of -21.58994426941602

---
When selecting an action, include only the name of the action. Do not include the dashes used to indicate the list here.

Please select an action from the list of action options in order to maximize the reward for your task.
When selecting an action, put the exact name of the action between action tags like: <action> action_name </action>.

Your thinking budget is 150 tokens. If you exceed this limit, you will be forced to provide an immediate answer.
Your overall generation limit is 200 tokens.
2026-01-24 18:29:18,728 - src.driver - INFO - GENERATED CONTENT: <action> delirious discards formless</action> 
 PARSED ACTION: delirious discards formless
2026-01-24 18:29:18,744 - src.driver - INFO - You will be assigned a task. 
You will receive the actions you have available, followed by the action history. 
Your goal is to maximize the total reward across all 10 steps. We are on step 0. 

Task Assignment:
---
You are a farmer who owns 3 fields. Each action corresponds to planting your crop in a different field. Each field is associated with a Gaussian distribution with a fixed but unknown mean. At each time step, you will select a field and receive a reward drawn from the associated distribution. Your goal is to maximize your reward across all of your turns.
---

Available Actions:
---

- Field Name: unconscious incrimination withered - This action has been selected 0 time(s) for an observed mean of Unknown

- Field Name: quiet proposition word - This action has been selected 0 time(s) for an observed mean of Unknown

- Field Name: clientele ratification character - This action has been selected 0 time(s) for an observed mean of Unknown

---
When selecting an action, include only the name of the action. Do not include the dashes used to indicate the list here.

Please select an action from the list of action options in order to maximize the reward for your task.
When selecting an action, put the exact name of the action between action tags like: <action> action_name </action>.

Your thinking budget is 150 tokens. If you exceed this limit, you will be forced to provide an immediate answer.
Your overall generation limit is 200 tokens.
2026-01-24 18:29:33,991 - src.driver - INFO - GENERATED CONTENT: <action>  unconscious incrimination withered </action> 
 PARSED ACTION: unconscious incrimination withered
2026-01-24 18:29:33,992 - src.driver - INFO - You will be assigned a task. 
You will receive the actions you have available, followed by the action history. 
Your goal is to maximize the total reward across all 10 steps. We are on step 1. 

Task Assignment:
---
You are a farmer who owns 3 fields. Each action corresponds to planting your crop in a different field. Each field is associated with a Gaussian distribution with a fixed but unknown mean. At each time step, you will select a field and receive a reward drawn from the associated distribution. Your goal is to maximize your reward across all of your turns.
---

Available Actions:
---

- Field Name: unconscious incrimination withered - This action has been selected 1 time(s) for an observed mean of -29.46215331326868

- Field Name: quiet proposition word - This action has been selected 0 time(s) for an observed mean of Unknown

- Field Name: clientele ratification character - This action has been selected 0 time(s) for an observed mean of Unknown

---
When selecting an action, include only the name of the action. Do not include the dashes used to indicate the list here.

Please select an action from the list of action options in order to maximize the reward for your task.
When selecting an action, put the exact name of the action between action tags like: <action> action_name </action>.

Your thinking budget is 150 tokens. If you exceed this limit, you will be forced to provide an immediate answer.
Your overall generation limit is 200 tokens.
2026-01-24 18:29:49,291 - src.driver - INFO - GENERATED CONTENT: <action>  quiet proposition word </action> 
 PARSED ACTION: quiet proposition word
2026-01-24 18:29:49,292 - src.driver - INFO - You will be assigned a task. 
You will receive the actions you have available, followed by the action history. 
Your goal is to maximize the total reward across all 10 steps. We are on step 2. 

Task Assignment:
---
You are a farmer who owns 3 fields. Each action corresponds to planting your crop in a different field. Each field is associated with a Gaussian distribution with a fixed but unknown mean. At each time step, you will select a field and receive a reward drawn from the associated distribution. Your goal is to maximize your reward across all of your turns.
---

Available Actions:
---

- Field Name: unconscious incrimination withered - This action has been selected 1 time(s) for an observed mean of -29.46215331326868

- Field Name: quiet proposition word - This action has been selected 1 time(s) for an observed mean of -67.54273809010243

- Field Name: clientele ratification character - This action has been selected 0 time(s) for an observed mean of Unknown

---
When selecting an action, include only the name of the action. Do not include the dashes used to indicate the list here.

Please select an action from the list of action options in order to maximize the reward for your task.
When selecting an action, put the exact name of the action between action tags like: <action> action_name </action>.

Your thinking budget is 150 tokens. If you exceed this limit, you will be forced to provide an immediate answer.
Your overall generation limit is 200 tokens.
2026-01-24 18:30:04,518 - src.driver - INFO - GENERATED CONTENT: <action>  clientele ratification character </action> 
 PARSED ACTION: clientele ratification character
2026-01-24 18:30:04,518 - src.driver - INFO - You will be assigned a task. 
You will receive the actions you have available, followed by the action history. 
Your goal is to maximize the total reward across all 10 steps. We are on step 3. 

Task Assignment:
---
You are a farmer who owns 3 fields. Each action corresponds to planting your crop in a different field. Each field is associated with a Gaussian distribution with a fixed but unknown mean. At each time step, you will select a field and receive a reward drawn from the associated distribution. Your goal is to maximize your reward across all of your turns.
---

Available Actions:
---

- Field Name: unconscious incrimination withered - This action has been selected 1 time(s) for an observed mean of -29.46215331326868

- Field Name: quiet proposition word - This action has been selected 1 time(s) for an observed mean of -67.54273809010243

- Field Name: clientele ratification character - This action has been selected 1 time(s) for an observed mean of -41.72056417130149

---
When selecting an action, include only the name of the action. Do not include the dashes used to indicate the list here.

Please select an action from the list of action options in order to maximize the reward for your task.
When selecting an action, put the exact name of the action between action tags like: <action> action_name </action>.

Your thinking budget is 150 tokens. If you exceed this limit, you will be forced to provide an immediate answer.
Your overall generation limit is 200 tokens.
2026-01-24 18:30:20,018 - src.driver - INFO - GENERATED CONTENT: <action>  unconscious incrimination withered </action> 
 PARSED ACTION: unconscious incrimination withered
2026-01-24 18:30:20,019 - src.driver - INFO - You will be assigned a task. 
You will receive the actions you have available, followed by the action history. 
Your goal is to maximize the total reward across all 10 steps. We are on step 4. 

Task Assignment:
---
You are a farmer who owns 3 fields. Each action corresponds to planting your crop in a different field. Each field is associated with a Gaussian distribution with a fixed but unknown mean. At each time step, you will select a field and receive a reward drawn from the associated distribution. Your goal is to maximize your reward across all of your turns.
---

Available Actions:
---

- Field Name: unconscious incrimination withered - This action has been selected 2 time(s) for an observed mean of -27.22930345620217

- Field Name: quiet proposition word - This action has been selected 1 time(s) for an observed mean of -67.54273809010243

- Field Name: clientele ratification character - This action has been selected 1 time(s) for an observed mean of -41.72056417130149

---
When selecting an action, include only the name of the action. Do not include the dashes used to indicate the list here.

Please select an action from the list of action options in order to maximize the reward for your task.
When selecting an action, put the exact name of the action between action tags like: <action> action_name </action>.

Your thinking budget is 150 tokens. If you exceed this limit, you will be forced to provide an immediate answer.
Your overall generation limit is 200 tokens.
2026-01-24 18:30:35,496 - src.driver - INFO - GENERATED CONTENT: <action>  unconscious incrimination withered </action> 
 PARSED ACTION: unconscious incrimination withered
2026-01-24 18:30:35,497 - src.driver - INFO - You will be assigned a task. 
You will receive the actions you have available, followed by the action history. 
Your goal is to maximize the total reward across all 10 steps. We are on step 5. 

Task Assignment:
---
You are a farmer who owns 3 fields. Each action corresponds to planting your crop in a different field. Each field is associated with a Gaussian distribution with a fixed but unknown mean. At each time step, you will select a field and receive a reward drawn from the associated distribution. Your goal is to maximize your reward across all of your turns.
---

Available Actions:
---

- Field Name: unconscious incrimination withered - This action has been selected 3 time(s) for an observed mean of -27.26859048452107

- Field Name: quiet proposition word - This action has been selected 1 time(s) for an observed mean of -67.54273809010243

- Field Name: clientele ratification character - This action has been selected 1 time(s) for an observed mean of -41.72056417130149

---
When selecting an action, include only the name of the action. Do not include the dashes used to indicate the list here.

Please select an action from the list of action options in order to maximize the reward for your task.
When selecting an action, put the exact name of the action between action tags like: <action> action_name </action>.

Your thinking budget is 150 tokens. If you exceed this limit, you will be forced to provide an immediate answer.
Your overall generation limit is 200 tokens.
2026-01-24 18:30:50,977 - src.driver - INFO - GENERATED CONTENT: <action>  unconscious incrimination withered </action> 
 PARSED ACTION: unconscious incrimination withered
2026-01-24 18:30:50,978 - src.driver - INFO - You will be assigned a task. 
You will receive the actions you have available, followed by the action history. 
Your goal is to maximize the total reward across all 10 steps. We are on step 6. 

Task Assignment:
---
You are a farmer who owns 3 fields. Each action corresponds to planting your crop in a different field. Each field is associated with a Gaussian distribution with a fixed but unknown mean. At each time step, you will select a field and receive a reward drawn from the associated distribution. Your goal is to maximize your reward across all of your turns.
---

Available Actions:
---

- Field Name: unconscious incrimination withered - This action has been selected 4 time(s) for an observed mean of -28.905962374328432

- Field Name: quiet proposition word - This action has been selected 1 time(s) for an observed mean of -67.54273809010243

- Field Name: clientele ratification character - This action has been selected 1 time(s) for an observed mean of -41.72056417130149

---
When selecting an action, include only the name of the action. Do not include the dashes used to indicate the list here.

Please select an action from the list of action options in order to maximize the reward for your task.
When selecting an action, put the exact name of the action between action tags like: <action> action_name </action>.

Your thinking budget is 150 tokens. If you exceed this limit, you will be forced to provide an immediate answer.
Your overall generation limit is 200 tokens.
2026-01-24 18:31:07,460 - src.driver - INFO - GENERATED CONTENT: <action>  unconscious incrimination withered </action> has the highest observed mean and should be selected to maximize reward. 
 PARSED ACTION: unconscious incrimination withered
2026-01-24 18:31:07,461 - src.driver - INFO - You will be assigned a task. 
You will receive the actions you have available, followed by the action history. 
Your goal is to maximize the total reward across all 10 steps. We are on step 7. 

Task Assignment:
---
You are a farmer who owns 3 fields. Each action corresponds to planting your crop in a different field. Each field is associated with a Gaussian distribution with a fixed but unknown mean. At each time step, you will select a field and receive a reward drawn from the associated distribution. Your goal is to maximize your reward across all of your turns.
---

Available Actions:
---

- Field Name: unconscious incrimination withered - This action has been selected 5 time(s) for an observed mean of -27.517247045972518

- Field Name: quiet proposition word - This action has been selected 1 time(s) for an observed mean of -67.54273809010243

- Field Name: clientele ratification character - This action has been selected 1 time(s) for an observed mean of -41.72056417130149

---
When selecting an action, include only the name of the action. Do not include the dashes used to indicate the list here.

Please select an action from the list of action options in order to maximize the reward for your task.
When selecting an action, put the exact name of the action between action tags like: <action> action_name </action>.

Your thinking budget is 150 tokens. If you exceed this limit, you will be forced to provide an immediate answer.
Your overall generation limit is 200 tokens.
2026-01-24 18:31:22,977 - src.driver - INFO - GENERATED CONTENT: <action>  unconscious incrimination withered </action> 
 PARSED ACTION: unconscious incrimination withered
2026-01-24 18:31:22,978 - src.driver - INFO - You will be assigned a task. 
You will receive the actions you have available, followed by the action history. 
Your goal is to maximize the total reward across all 10 steps. We are on step 8. 

Task Assignment:
---
You are a farmer who owns 3 fields. Each action corresponds to planting your crop in a different field. Each field is associated with a Gaussian distribution with a fixed but unknown mean. At each time step, you will select a field and receive a reward drawn from the associated distribution. Your goal is to maximize your reward across all of your turns.
---

Available Actions:
---

- Field Name: unconscious incrimination withered - This action has been selected 6 time(s) for an observed mean of -26.39894756106658

- Field Name: quiet proposition word - This action has been selected 1 time(s) for an observed mean of -67.54273809010243

- Field Name: clientele ratification character - This action has been selected 1 time(s) for an observed mean of -41.72056417130149

---
When selecting an action, include only the name of the action. Do not include the dashes used to indicate the list here.

Please select an action from the list of action options in order to maximize the reward for your task.
When selecting an action, put the exact name of the action between action tags like: <action> action_name </action>.

Your thinking budget is 150 tokens. If you exceed this limit, you will be forced to provide an immediate answer.
Your overall generation limit is 200 tokens.
2026-01-24 18:31:38,515 - src.driver - INFO - GENERATED CONTENT: <action>  unconscious incrimination withered </action> 
 PARSED ACTION: unconscious incrimination withered
2026-01-24 18:31:38,516 - src.driver - INFO - You will be assigned a task. 
You will receive the actions you have available, followed by the action history. 
Your goal is to maximize the total reward across all 10 steps. We are on step 9. 

Task Assignment:
---
You are a farmer who owns 3 fields. Each action corresponds to planting your crop in a different field. Each field is associated with a Gaussian distribution with a fixed but unknown mean. At each time step, you will select a field and receive a reward drawn from the associated distribution. Your goal is to maximize your reward across all of your turns.
---

Available Actions:
---

- Field Name: unconscious incrimination withered - This action has been selected 7 time(s) for an observed mean of -26.62782753130154

- Field Name: quiet proposition word - This action has been selected 1 time(s) for an observed mean of -67.54273809010243

- Field Name: clientele ratification character - This action has been selected 1 time(s) for an observed mean of -41.72056417130149

---
When selecting an action, include only the name of the action. Do not include the dashes used to indicate the list here.

Please select an action from the list of action options in order to maximize the reward for your task.
When selecting an action, put the exact name of the action between action tags like: <action> action_name </action>.

Your thinking budget is 150 tokens. If you exceed this limit, you will be forced to provide an immediate answer.
Your overall generation limit is 200 tokens.
2026-01-24 18:31:54,040 - src.driver - INFO - GENERATED CONTENT: <action>  unconscious incrimination withered </action> 
 PARSED ACTION: unconscious incrimination withered
2026-01-24 18:31:54,057 - src.driver - INFO - You will be assigned a task. 
You will receive the actions you have available, followed by the action history. 
Your goal is to maximize the total reward across all 10 steps. We are on step 0. 

Task Assignment:
---
You are a farmer who owns 3 fields. Each action corresponds to planting your crop in a different field. Each field is associated with a Gaussian distribution with a fixed but unknown mean. At each time step, you will select a field and receive a reward drawn from the associated distribution. Your goal is to maximize your reward across all of your turns.
---

Available Actions:
---

- Field Name: special heyday perceptible - This action has been selected 0 time(s) for an observed mean of Unknown

- Field Name: clientele ratification character - This action has been selected 0 time(s) for an observed mean of Unknown

- Field Name: lying stupor negro - This action has been selected 0 time(s) for an observed mean of Unknown

---
When selecting an action, include only the name of the action. Do not include the dashes used to indicate the list here.

Please select an action from the list of action options in order to maximize the reward for your task.
When selecting an action, put the exact name of the action between action tags like: <action> action_name </action>.

Your thinking budget is 150 tokens. If you exceed this limit, you will be forced to provide an immediate answer.
Your overall generation limit is 200 tokens.
2026-01-24 18:32:09,194 - src.driver - INFO - GENERATED CONTENT: <action>  special heyday perceptible </action> 
 PARSED ACTION: special heyday perceptible
2026-01-24 18:32:09,195 - src.driver - INFO - You will be assigned a task. 
You will receive the actions you have available, followed by the action history. 
Your goal is to maximize the total reward across all 10 steps. We are on step 1. 

Task Assignment:
---
You are a farmer who owns 3 fields. Each action corresponds to planting your crop in a different field. Each field is associated with a Gaussian distribution with a fixed but unknown mean. At each time step, you will select a field and receive a reward drawn from the associated distribution. Your goal is to maximize your reward across all of your turns.
---

Available Actions:
---

- Field Name: special heyday perceptible - This action has been selected 1 time(s) for an observed mean of -61.98787822727479

- Field Name: clientele ratification character - This action has been selected 0 time(s) for an observed mean of Unknown

- Field Name: lying stupor negro - This action has been selected 0 time(s) for an observed mean of Unknown

---
When selecting an action, include only the name of the action. Do not include the dashes used to indicate the list here.

Please select an action from the list of action options in order to maximize the reward for your task.
When selecting an action, put the exact name of the action between action tags like: <action> action_name </action>.

Your thinking budget is 150 tokens. If you exceed this limit, you will be forced to provide an immediate answer.
Your overall generation limit is 200 tokens.
2026-01-24 18:32:24,484 - src.driver - INFO - GENERATED CONTENT: <action>  clientele ratification character </action> 
 PARSED ACTION: clientele ratification character
2026-01-24 18:32:24,485 - src.driver - INFO - You will be assigned a task. 
You will receive the actions you have available, followed by the action history. 
Your goal is to maximize the total reward across all 10 steps. We are on step 2. 

Task Assignment:
---
You are a farmer who owns 3 fields. Each action corresponds to planting your crop in a different field. Each field is associated with a Gaussian distribution with a fixed but unknown mean. At each time step, you will select a field and receive a reward drawn from the associated distribution. Your goal is to maximize your reward across all of your turns.
---

Available Actions:
---

- Field Name: special heyday perceptible - This action has been selected 1 time(s) for an observed mean of -61.98787822727479

- Field Name: clientele ratification character - This action has been selected 1 time(s) for an observed mean of -57.97044836327197

- Field Name: lying stupor negro - This action has been selected 0 time(s) for an observed mean of Unknown

---
When selecting an action, include only the name of the action. Do not include the dashes used to indicate the list here.

Please select an action from the list of action options in order to maximize the reward for your task.
When selecting an action, put the exact name of the action between action tags like: <action> action_name </action>.

Your thinking budget is 150 tokens. If you exceed this limit, you will be forced to provide an immediate answer.
Your overall generation limit is 200 tokens.
2026-01-24 18:32:39,773 - src.driver - INFO - GENERATED CONTENT: <action>  lying stupor negro </action> 
 PARSED ACTION: lying stupor negro
2026-01-24 18:32:39,774 - src.driver - INFO - You will be assigned a task. 
You will receive the actions you have available, followed by the action history. 
Your goal is to maximize the total reward across all 10 steps. We are on step 3. 

Task Assignment:
---
You are a farmer who owns 3 fields. Each action corresponds to planting your crop in a different field. Each field is associated with a Gaussian distribution with a fixed but unknown mean. At each time step, you will select a field and receive a reward drawn from the associated distribution. Your goal is to maximize your reward across all of your turns.
---

Available Actions:
---

- Field Name: special heyday perceptible - This action has been selected 1 time(s) for an observed mean of -61.98787822727479

- Field Name: clientele ratification character - This action has been selected 1 time(s) for an observed mean of -57.97044836327197

- Field Name: lying stupor negro - This action has been selected 1 time(s) for an observed mean of -30.948749914682768

---
When selecting an action, include only the name of the action. Do not include the dashes used to indicate the list here.

Please select an action from the list of action options in order to maximize the reward for your task.
When selecting an action, put the exact name of the action between action tags like: <action> action_name </action>.

Your thinking budget is 150 tokens. If you exceed this limit, you will be forced to provide an immediate answer.
Your overall generation limit is 200 tokens.
2026-01-24 18:32:55,096 - src.driver - INFO - GENERATED CONTENT: <action>  lying stupor negro </action> 
 PARSED ACTION: lying stupor negro
2026-01-24 18:32:55,097 - src.driver - INFO - You will be assigned a task. 
You will receive the actions you have available, followed by the action history. 
Your goal is to maximize the total reward across all 10 steps. We are on step 4. 

Task Assignment:
---
You are a farmer who owns 3 fields. Each action corresponds to planting your crop in a different field. Each field is associated with a Gaussian distribution with a fixed but unknown mean. At each time step, you will select a field and receive a reward drawn from the associated distribution. Your goal is to maximize your reward across all of your turns.
---

Available Actions:
---

- Field Name: special heyday perceptible - This action has been selected 1 time(s) for an observed mean of -61.98787822727479

- Field Name: clientele ratification character - This action has been selected 1 time(s) for an observed mean of -57.97044836327197

- Field Name: lying stupor negro - This action has been selected 2 time(s) for an observed mean of -27.911646072772022

---
When selecting an action, include only the name of the action. Do not include the dashes used to indicate the list here.

Please select an action from the list of action options in order to maximize the reward for your task.
When selecting an action, put the exact name of the action between action tags like: <action> action_name </action>.

Your thinking budget is 150 tokens. If you exceed this limit, you will be forced to provide an immediate answer.
Your overall generation limit is 200 tokens.
2026-01-24 18:33:10,411 - src.driver - INFO - GENERATED CONTENT: <action>  lying stupor negro </action> 
 PARSED ACTION: lying stupor negro
2026-01-24 18:33:10,412 - src.driver - INFO - You will be assigned a task. 
You will receive the actions you have available, followed by the action history. 
Your goal is to maximize the total reward across all 10 steps. We are on step 5. 

Task Assignment:
---
You are a farmer who owns 3 fields. Each action corresponds to planting your crop in a different field. Each field is associated with a Gaussian distribution with a fixed but unknown mean. At each time step, you will select a field and receive a reward drawn from the associated distribution. Your goal is to maximize your reward across all of your turns.
---

Available Actions:
---

- Field Name: special heyday perceptible - This action has been selected 1 time(s) for an observed mean of -61.98787822727479

- Field Name: clientele ratification character - This action has been selected 1 time(s) for an observed mean of -57.97044836327197

- Field Name: lying stupor negro - This action has been selected 3 time(s) for an observed mean of -25.582799245297323

---
When selecting an action, include only the name of the action. Do not include the dashes used to indicate the list here.

Please select an action from the list of action options in order to maximize the reward for your task.
When selecting an action, put the exact name of the action between action tags like: <action> action_name </action>.

Your thinking budget is 150 tokens. If you exceed this limit, you will be forced to provide an immediate answer.
Your overall generation limit is 200 tokens.
2026-01-24 18:33:25,738 - src.driver - INFO - GENERATED CONTENT: <action>  lying stupor negro </action> 
 PARSED ACTION: lying stupor negro
2026-01-24 18:33:25,739 - src.driver - INFO - You will be assigned a task. 
You will receive the actions you have available, followed by the action history. 
Your goal is to maximize the total reward across all 10 steps. We are on step 6. 

Task Assignment:
---
You are a farmer who owns 3 fields. Each action corresponds to planting your crop in a different field. Each field is associated with a Gaussian distribution with a fixed but unknown mean. At each time step, you will select a field and receive a reward drawn from the associated distribution. Your goal is to maximize your reward across all of your turns.
---

Available Actions:
---

- Field Name: special heyday perceptible - This action has been selected 1 time(s) for an observed mean of -61.98787822727479

- Field Name: clientele ratification character - This action has been selected 1 time(s) for an observed mean of -57.97044836327197

- Field Name: lying stupor negro - This action has been selected 4 time(s) for an observed mean of -25.674594032513003

---
When selecting an action, include only the name of the action. Do not include the dashes used to indicate the list here.

Please select an action from the list of action options in order to maximize the reward for your task.
When selecting an action, put the exact name of the action between action tags like: <action> action_name </action>.

Your thinking budget is 150 tokens. If you exceed this limit, you will be forced to provide an immediate answer.
Your overall generation limit is 200 tokens.
2026-01-24 18:33:41,041 - src.driver - INFO - GENERATED CONTENT: <action>  lying stupor negro </action> 
 PARSED ACTION: lying stupor negro
2026-01-24 18:33:41,041 - src.driver - INFO - You will be assigned a task. 
You will receive the actions you have available, followed by the action history. 
Your goal is to maximize the total reward across all 10 steps. We are on step 7. 

Task Assignment:
---
You are a farmer who owns 3 fields. Each action corresponds to planting your crop in a different field. Each field is associated with a Gaussian distribution with a fixed but unknown mean. At each time step, you will select a field and receive a reward drawn from the associated distribution. Your goal is to maximize your reward across all of your turns.
---

Available Actions:
---

- Field Name: special heyday perceptible - This action has been selected 1 time(s) for an observed mean of -61.98787822727479

- Field Name: clientele ratification character - This action has been selected 1 time(s) for an observed mean of -57.97044836327197

- Field Name: lying stupor negro - This action has been selected 5 time(s) for an observed mean of -25.58673629535287

---
When selecting an action, include only the name of the action. Do not include the dashes used to indicate the list here.

Please select an action from the list of action options in order to maximize the reward for your task.
When selecting an action, put the exact name of the action between action tags like: <action> action_name </action>.

Your thinking budget is 150 tokens. If you exceed this limit, you will be forced to provide an immediate answer.
Your overall generation limit is 200 tokens.
2026-01-24 18:33:56,440 - src.driver - INFO - GENERATED CONTENT: <action>  lying stupor negro </action> 
 PARSED ACTION: lying stupor negro
2026-01-24 18:33:56,440 - src.driver - INFO - You will be assigned a task. 
You will receive the actions you have available, followed by the action history. 
Your goal is to maximize the total reward across all 10 steps. We are on step 8. 

Task Assignment:
---
You are a farmer who owns 3 fields. Each action corresponds to planting your crop in a different field. Each field is associated with a Gaussian distribution with a fixed but unknown mean. At each time step, you will select a field and receive a reward drawn from the associated distribution. Your goal is to maximize your reward across all of your turns.
---

Available Actions:
---

- Field Name: special heyday perceptible - This action has been selected 1 time(s) for an observed mean of -61.98787822727479

- Field Name: clientele ratification character - This action has been selected 1 time(s) for an observed mean of -57.97044836327197

- Field Name: lying stupor negro - This action has been selected 6 time(s) for an observed mean of -26.087057165856578

---
When selecting an action, include only the name of the action. Do not include the dashes used to indicate the list here.

Please select an action from the list of action options in order to maximize the reward for your task.
When selecting an action, put the exact name of the action between action tags like: <action> action_name </action>.

Your thinking budget is 150 tokens. If you exceed this limit, you will be forced to provide an immediate answer.
Your overall generation limit is 200 tokens.
2026-01-24 18:34:11,762 - src.driver - INFO - GENERATED CONTENT: <action>  lying stupor negro </action> 
 PARSED ACTION: lying stupor negro
2026-01-24 18:34:11,762 - src.driver - INFO - You will be assigned a task. 
You will receive the actions you have available, followed by the action history. 
Your goal is to maximize the total reward across all 10 steps. We are on step 9. 

Task Assignment:
---
You are a farmer who owns 3 fields. Each action corresponds to planting your crop in a different field. Each field is associated with a Gaussian distribution with a fixed but unknown mean. At each time step, you will select a field and receive a reward drawn from the associated distribution. Your goal is to maximize your reward across all of your turns.
---

Available Actions:
---

- Field Name: special heyday perceptible - This action has been selected 1 time(s) for an observed mean of -61.98787822727479

- Field Name: clientele ratification character - This action has been selected 1 time(s) for an observed mean of -57.97044836327197

- Field Name: lying stupor negro - This action has been selected 7 time(s) for an observed mean of -26.655779912125205

---
When selecting an action, include only the name of the action. Do not include the dashes used to indicate the list here.

Please select an action from the list of action options in order to maximize the reward for your task.
When selecting an action, put the exact name of the action between action tags like: <action> action_name </action>.

Your thinking budget is 150 tokens. If you exceed this limit, you will be forced to provide an immediate answer.
Your overall generation limit is 200 tokens.
2026-01-24 18:34:27,072 - src.driver - INFO - GENERATED CONTENT: <action>  lying stupor negro </action> 
 PARSED ACTION: lying stupor negro
2026-01-24 18:34:27,088 - src.driver - INFO - You will be assigned a task. 
You will receive the actions you have available, followed by the action history. 
Your goal is to maximize the total reward across all 10 steps. We are on step 0. 

Task Assignment:
---
You are a farmer who owns 3 fields. Each action corresponds to planting your crop in a different field. Each field is associated with a Gaussian distribution with a fixed but unknown mean. At each time step, you will select a field and receive a reward drawn from the associated distribution. Your goal is to maximize your reward across all of your turns.
---

Available Actions:
---

- Field Name: disobedient horrified untrained - This action has been selected 0 time(s) for an observed mean of Unknown

- Field Name: deserving beeswax intercom - This action has been selected 0 time(s) for an observed mean of Unknown

- Field Name: special heyday perceptible - This action has been selected 0 time(s) for an observed mean of Unknown

---
When selecting an action, include only the name of the action. Do not include the dashes used to indicate the list here.

Please select an action from the list of action options in order to maximize the reward for your task.
When selecting an action, put the exact name of the action between action tags like: <action> action_name </action>.

Your thinking budget is 150 tokens. If you exceed this limit, you will be forced to provide an immediate answer.
Your overall generation limit is 200 tokens.
2026-01-24 18:34:42,181 - src.driver - INFO - GENERATED CONTENT: <action>  disobedient horrified untrained </action> 
 PARSED ACTION: disobedient horrified untrained
2026-01-24 18:34:42,182 - src.driver - INFO - You will be assigned a task. 
You will receive the actions you have available, followed by the action history. 
Your goal is to maximize the total reward across all 10 steps. We are on step 1. 

Task Assignment:
---
You are a farmer who owns 3 fields. Each action corresponds to planting your crop in a different field. Each field is associated with a Gaussian distribution with a fixed but unknown mean. At each time step, you will select a field and receive a reward drawn from the associated distribution. Your goal is to maximize your reward across all of your turns.
---

Available Actions:
---

- Field Name: disobedient horrified untrained - This action has been selected 1 time(s) for an observed mean of -12.836103362407167

- Field Name: deserving beeswax intercom - This action has been selected 0 time(s) for an observed mean of Unknown

- Field Name: special heyday perceptible - This action has been selected 0 time(s) for an observed mean of Unknown

---
When selecting an action, include only the name of the action. Do not include the dashes used to indicate the list here.

Please select an action from the list of action options in order to maximize the reward for your task.
When selecting an action, put the exact name of the action between action tags like: <action> action_name </action>.

Your thinking budget is 150 tokens. If you exceed this limit, you will be forced to provide an immediate answer.
Your overall generation limit is 200 tokens.
2026-01-24 18:34:57,608 - src.driver - INFO - GENERATED CONTENT: <action>  deserving beeswax intercom </action> 
 PARSED ACTION: deserving beeswax intercom
2026-01-24 18:34:57,609 - src.driver - INFO - You will be assigned a task. 
You will receive the actions you have available, followed by the action history. 
Your goal is to maximize the total reward across all 10 steps. We are on step 2. 

Task Assignment:
---
You are a farmer who owns 3 fields. Each action corresponds to planting your crop in a different field. Each field is associated with a Gaussian distribution with a fixed but unknown mean. At each time step, you will select a field and receive a reward drawn from the associated distribution. Your goal is to maximize your reward across all of your turns.
---

Available Actions:
---

- Field Name: disobedient horrified untrained - This action has been selected 1 time(s) for an observed mean of -12.836103362407167

- Field Name: deserving beeswax intercom - This action has been selected 1 time(s) for an observed mean of -46.57628569676138

- Field Name: special heyday perceptible - This action has been selected 0 time(s) for an observed mean of Unknown

---
When selecting an action, include only the name of the action. Do not include the dashes used to indicate the list here.

Please select an action from the list of action options in order to maximize the reward for your task.
When selecting an action, put the exact name of the action between action tags like: <action> action_name </action>.

Your thinking budget is 150 tokens. If you exceed this limit, you will be forced to provide an immediate answer.
Your overall generation limit is 200 tokens.
2026-01-24 18:35:13,025 - src.driver - INFO - GENERATED CONTENT: <action>  special heyday perceptible </action> 
 PARSED ACTION: special heyday perceptible
2026-01-24 18:35:13,025 - src.driver - INFO - You will be assigned a task. 
You will receive the actions you have available, followed by the action history. 
Your goal is to maximize the total reward across all 10 steps. We are on step 3. 

Task Assignment:
---
You are a farmer who owns 3 fields. Each action corresponds to planting your crop in a different field. Each field is associated with a Gaussian distribution with a fixed but unknown mean. At each time step, you will select a field and receive a reward drawn from the associated distribution. Your goal is to maximize your reward across all of your turns.
---

Available Actions:
---

- Field Name: disobedient horrified untrained - This action has been selected 1 time(s) for an observed mean of -12.836103362407167

- Field Name: deserving beeswax intercom - This action has been selected 1 time(s) for an observed mean of -46.57628569676138

- Field Name: special heyday perceptible - This action has been selected 1 time(s) for an observed mean of -76.4544682590757

---
When selecting an action, include only the name of the action. Do not include the dashes used to indicate the list here.

Please select an action from the list of action options in order to maximize the reward for your task.
When selecting an action, put the exact name of the action between action tags like: <action> action_name </action>.

Your thinking budget is 150 tokens. If you exceed this limit, you will be forced to provide an immediate answer.
Your overall generation limit is 200 tokens.
2026-01-24 18:35:28,708 - src.driver - INFO - GENERATED CONTENT: <action>  disobedient horrified untrained </action> 
 PARSED ACTION: disobedient horrified untrained
2026-01-24 18:35:28,709 - src.driver - INFO - You will be assigned a task. 
You will receive the actions you have available, followed by the action history. 
Your goal is to maximize the total reward across all 10 steps. We are on step 4. 

Task Assignment:
---
You are a farmer who owns 3 fields. Each action corresponds to planting your crop in a different field. Each field is associated with a Gaussian distribution with a fixed but unknown mean. At each time step, you will select a field and receive a reward drawn from the associated distribution. Your goal is to maximize your reward across all of your turns.
---

Available Actions:
---

- Field Name: disobedient horrified untrained - This action has been selected 2 time(s) for an observed mean of -23.597590429925862

- Field Name: deserving beeswax intercom - This action has been selected 1 time(s) for an observed mean of -46.57628569676138

- Field Name: special heyday perceptible - This action has been selected 1 time(s) for an observed mean of -76.4544682590757

---
When selecting an action, include only the name of the action. Do not include the dashes used to indicate the list here.

Please select an action from the list of action options in order to maximize the reward for your task.
When selecting an action, put the exact name of the action between action tags like: <action> action_name </action>.

Your thinking budget is 150 tokens. If you exceed this limit, you will be forced to provide an immediate answer.
Your overall generation limit is 200 tokens.
2026-01-24 18:35:44,333 - src.driver - INFO - GENERATED CONTENT: <action>  disobedient horrified untrained </action> 
 PARSED ACTION: disobedient horrified untrained
2026-01-24 18:35:44,334 - src.driver - INFO - You will be assigned a task. 
You will receive the actions you have available, followed by the action history. 
Your goal is to maximize the total reward across all 10 steps. We are on step 5. 

Task Assignment:
---
You are a farmer who owns 3 fields. Each action corresponds to planting your crop in a different field. Each field is associated with a Gaussian distribution with a fixed but unknown mean. At each time step, you will select a field and receive a reward drawn from the associated distribution. Your goal is to maximize your reward across all of your turns.
---

Available Actions:
---

- Field Name: disobedient horrified untrained - This action has been selected 3 time(s) for an observed mean of -24.961790113134015

- Field Name: deserving beeswax intercom - This action has been selected 1 time(s) for an observed mean of -46.57628569676138

- Field Name: special heyday perceptible - This action has been selected 1 time(s) for an observed mean of -76.4544682590757

---
When selecting an action, include only the name of the action. Do not include the dashes used to indicate the list here.

Please select an action from the list of action options in order to maximize the reward for your task.
When selecting an action, put the exact name of the action between action tags like: <action> action_name </action>.

Your thinking budget is 150 tokens. If you exceed this limit, you will be forced to provide an immediate answer.
Your overall generation limit is 200 tokens.
2026-01-24 18:35:59,996 - src.driver - INFO - GENERATED CONTENT: <action>  disobedient horrified untrained </action> 
 PARSED ACTION: disobedient horrified untrained
2026-01-24 18:35:59,997 - src.driver - INFO - You will be assigned a task. 
You will receive the actions you have available, followed by the action history. 
Your goal is to maximize the total reward across all 10 steps. We are on step 6. 

Task Assignment:
---
You are a farmer who owns 3 fields. Each action corresponds to planting your crop in a different field. Each field is associated with a Gaussian distribution with a fixed but unknown mean. At each time step, you will select a field and receive a reward drawn from the associated distribution. Your goal is to maximize your reward across all of your turns.
---

Available Actions:
---

- Field Name: disobedient horrified untrained - This action has been selected 4 time(s) for an observed mean of -23.54569224642579

- Field Name: deserving beeswax intercom - This action has been selected 1 time(s) for an observed mean of -46.57628569676138

- Field Name: special heyday perceptible - This action has been selected 1 time(s) for an observed mean of -76.4544682590757

---
When selecting an action, include only the name of the action. Do not include the dashes used to indicate the list here.

Please select an action from the list of action options in order to maximize the reward for your task.
When selecting an action, put the exact name of the action between action tags like: <action> action_name </action>.

Your thinking budget is 150 tokens. If you exceed this limit, you will be forced to provide an immediate answer.
Your overall generation limit is 200 tokens.
2026-01-24 18:36:15,456 - src.driver - INFO - GENERATED CONTENT: <action>  disobedient horrified untrained </action> 
 PARSED ACTION: disobedient horrified untrained
2026-01-24 18:36:15,457 - src.driver - INFO - You will be assigned a task. 
You will receive the actions you have available, followed by the action history. 
Your goal is to maximize the total reward across all 10 steps. We are on step 7. 

Task Assignment:
---
You are a farmer who owns 3 fields. Each action corresponds to planting your crop in a different field. Each field is associated with a Gaussian distribution with a fixed but unknown mean. At each time step, you will select a field and receive a reward drawn from the associated distribution. Your goal is to maximize your reward across all of your turns.
---

Available Actions:
---

- Field Name: disobedient horrified untrained - This action has been selected 5 time(s) for an observed mean of -26.588270336198928

- Field Name: deserving beeswax intercom - This action has been selected 1 time(s) for an observed mean of -46.57628569676138

- Field Name: special heyday perceptible - This action has been selected 1 time(s) for an observed mean of -76.4544682590757

---
When selecting an action, include only the name of the action. Do not include the dashes used to indicate the list here.

Please select an action from the list of action options in order to maximize the reward for your task.
When selecting an action, put the exact name of the action between action tags like: <action> action_name </action>.

Your thinking budget is 150 tokens. If you exceed this limit, you will be forced to provide an immediate answer.
Your overall generation limit is 200 tokens.
2026-01-24 18:36:31,090 - src.driver - INFO - GENERATED CONTENT: <action>  disobedient horrified untrained </action> 
 PARSED ACTION: disobedient horrified untrained
2026-01-24 18:36:31,090 - src.driver - INFO - You will be assigned a task. 
You will receive the actions you have available, followed by the action history. 
Your goal is to maximize the total reward across all 10 steps. We are on step 8. 

Task Assignment:
---
You are a farmer who owns 3 fields. Each action corresponds to planting your crop in a different field. Each field is associated with a Gaussian distribution with a fixed but unknown mean. At each time step, you will select a field and receive a reward drawn from the associated distribution. Your goal is to maximize your reward across all of your turns.
---

Available Actions:
---

- Field Name: disobedient horrified untrained - This action has been selected 6 time(s) for an observed mean of -25.837727932766523

- Field Name: deserving beeswax intercom - This action has been selected 1 time(s) for an observed mean of -46.57628569676138

- Field Name: special heyday perceptible - This action has been selected 1 time(s) for an observed mean of -76.4544682590757

---
When selecting an action, include only the name of the action. Do not include the dashes used to indicate the list here.

Please select an action from the list of action options in order to maximize the reward for your task.
When selecting an action, put the exact name of the action between action tags like: <action> action_name </action>.

Your thinking budget is 150 tokens. If you exceed this limit, you will be forced to provide an immediate answer.
Your overall generation limit is 200 tokens.
2026-01-24 18:36:46,745 - src.driver - INFO - GENERATED CONTENT: <action>  disobedient horrified untrained </action> 
 PARSED ACTION: disobedient horrified untrained
2026-01-24 18:36:46,746 - src.driver - INFO - You will be assigned a task. 
You will receive the actions you have available, followed by the action history. 
Your goal is to maximize the total reward across all 10 steps. We are on step 9. 

Task Assignment:
---
You are a farmer who owns 3 fields. Each action corresponds to planting your crop in a different field. Each field is associated with a Gaussian distribution with a fixed but unknown mean. At each time step, you will select a field and receive a reward drawn from the associated distribution. Your goal is to maximize your reward across all of your turns.
---

Available Actions:
---

- Field Name: disobedient horrified untrained - This action has been selected 7 time(s) for an observed mean of -26.063212086471772

- Field Name: deserving beeswax intercom - This action has been selected 1 time(s) for an observed mean of -46.57628569676138

- Field Name: special heyday perceptible - This action has been selected 1 time(s) for an observed mean of -76.4544682590757

---
When selecting an action, include only the name of the action. Do not include the dashes used to indicate the list here.

Please select an action from the list of action options in order to maximize the reward for your task.
When selecting an action, put the exact name of the action between action tags like: <action> action_name </action>.

Your thinking budget is 150 tokens. If you exceed this limit, you will be forced to provide an immediate answer.
Your overall generation limit is 200 tokens.
2026-01-24 18:37:02,364 - src.driver - INFO - GENERATED CONTENT: <action>  disobedient horrified untrained </action> 
 PARSED ACTION: disobedient horrified untrained
