2026-01-24 18:21:13,738 - src.driver - INFO - You will be assigned a task. 
You will receive the actions you have available, followed by the action history. 
Your goal is to maximize the total reward across all 10 steps. We are on step 0. 

Task Assignment:
---
You are a farmer who owns 3 fields. Each action corresponds to planting your crop in a different field. Each field is associated with a Gaussian distribution with a fixed but unknown mean. At each time step, you will select a field and receive a reward drawn from the associated distribution. Your goal is to maximize your reward across all of your turns.
---

Available Actions:
---

- Field Name: top generosity clever - This action has been selected 0 time(s) for an observed mean of Unknown

- Field Name: bitch obligor slaughtering - This action has been selected 0 time(s) for an observed mean of Unknown

- Field Name: simultaneous crow matriculation - This action has been selected 0 time(s) for an observed mean of Unknown

---
When selecting an action, include only the name of the action. Do not include the dashes used to indicate the list here.

Please select an action from the list of action options in order to maximize the reward for your task.
When selecting an action, put the exact name of the action between action tags like: <action> action_name </action>.

Your thinking budget is 150 tokens. If you exceed this limit, you will be forced to provide an immediate answer.
Your overall generation limit is 200 tokens.
2026-01-24 18:21:28,975 - src.driver - INFO - GENERATED CONTENT: <action>  top generosity clever </action> 
 PARSED ACTION: top generosity clever
2026-01-24 18:21:28,976 - src.driver - INFO - You will be assigned a task. 
You will receive the actions you have available, followed by the action history. 
Your goal is to maximize the total reward across all 10 steps. We are on step 1. 

Task Assignment:
---
You are a farmer who owns 3 fields. Each action corresponds to planting your crop in a different field. Each field is associated with a Gaussian distribution with a fixed but unknown mean. At each time step, you will select a field and receive a reward drawn from the associated distribution. Your goal is to maximize your reward across all of your turns.
---

Available Actions:
---

- Field Name: top generosity clever - This action has been selected 1 time(s) for an observed mean of 67.5904078289459

- Field Name: bitch obligor slaughtering - This action has been selected 0 time(s) for an observed mean of Unknown

- Field Name: simultaneous crow matriculation - This action has been selected 0 time(s) for an observed mean of Unknown

---
When selecting an action, include only the name of the action. Do not include the dashes used to indicate the list here.

Please select an action from the list of action options in order to maximize the reward for your task.
When selecting an action, put the exact name of the action between action tags like: <action> action_name </action>.

Your thinking budget is 150 tokens. If you exceed this limit, you will be forced to provide an immediate answer.
Your overall generation limit is 200 tokens.
2026-01-24 18:21:44,586 - src.driver - INFO - GENERATED CONTENT: <action>  bitch obligor slaughtering </action> 
 PARSED ACTION: bitch obligor slaughtering
2026-01-24 18:21:44,586 - src.driver - INFO - You will be assigned a task. 
You will receive the actions you have available, followed by the action history. 
Your goal is to maximize the total reward across all 10 steps. We are on step 2. 

Task Assignment:
---
You are a farmer who owns 3 fields. Each action corresponds to planting your crop in a different field. Each field is associated with a Gaussian distribution with a fixed but unknown mean. At each time step, you will select a field and receive a reward drawn from the associated distribution. Your goal is to maximize your reward across all of your turns.
---

Available Actions:
---

- Field Name: top generosity clever - This action has been selected 1 time(s) for an observed mean of 67.5904078289459

- Field Name: bitch obligor slaughtering - This action has been selected 1 time(s) for an observed mean of 18.03385561508557

- Field Name: simultaneous crow matriculation - This action has been selected 0 time(s) for an observed mean of Unknown

---
When selecting an action, include only the name of the action. Do not include the dashes used to indicate the list here.

Please select an action from the list of action options in order to maximize the reward for your task.
When selecting an action, put the exact name of the action between action tags like: <action> action_name </action>.

Your thinking budget is 150 tokens. If you exceed this limit, you will be forced to provide an immediate answer.
Your overall generation limit is 200 tokens.
2026-01-24 18:22:00,089 - src.driver - INFO - GENERATED CONTENT: <action>  top generosity clever </action> 
 PARSED ACTION: top generosity clever
2026-01-24 18:22:00,089 - src.driver - INFO - You will be assigned a task. 
You will receive the actions you have available, followed by the action history. 
Your goal is to maximize the total reward across all 10 steps. We are on step 3. 

Task Assignment:
---
You are a farmer who owns 3 fields. Each action corresponds to planting your crop in a different field. Each field is associated with a Gaussian distribution with a fixed but unknown mean. At each time step, you will select a field and receive a reward drawn from the associated distribution. Your goal is to maximize your reward across all of your turns.
---

Available Actions:
---

- Field Name: top generosity clever - This action has been selected 2 time(s) for an observed mean of 64.79905409786127

- Field Name: bitch obligor slaughtering - This action has been selected 1 time(s) for an observed mean of 18.03385561508557

- Field Name: simultaneous crow matriculation - This action has been selected 0 time(s) for an observed mean of Unknown

---
When selecting an action, include only the name of the action. Do not include the dashes used to indicate the list here.

Please select an action from the list of action options in order to maximize the reward for your task.
When selecting an action, put the exact name of the action between action tags like: <action> action_name </action>.

Your thinking budget is 150 tokens. If you exceed this limit, you will be forced to provide an immediate answer.
Your overall generation limit is 200 tokens.
2026-01-24 18:22:15,653 - src.driver - INFO - GENERATED CONTENT: <action>  simultaneous crow matriculation </action> 
 PARSED ACTION: simultaneous crow matriculation
2026-01-24 18:22:15,653 - src.driver - INFO - You will be assigned a task. 
You will receive the actions you have available, followed by the action history. 
Your goal is to maximize the total reward across all 10 steps. We are on step 4. 

Task Assignment:
---
You are a farmer who owns 3 fields. Each action corresponds to planting your crop in a different field. Each field is associated with a Gaussian distribution with a fixed but unknown mean. At each time step, you will select a field and receive a reward drawn from the associated distribution. Your goal is to maximize your reward across all of your turns.
---

Available Actions:
---

- Field Name: top generosity clever - This action has been selected 2 time(s) for an observed mean of 64.79905409786127

- Field Name: bitch obligor slaughtering - This action has been selected 1 time(s) for an observed mean of 18.03385561508557

- Field Name: simultaneous crow matriculation - This action has been selected 1 time(s) for an observed mean of 64.11075826378497

---
When selecting an action, include only the name of the action. Do not include the dashes used to indicate the list here.

Please select an action from the list of action options in order to maximize the reward for your task.
When selecting an action, put the exact name of the action between action tags like: <action> action_name </action>.

Your thinking budget is 150 tokens. If you exceed this limit, you will be forced to provide an immediate answer.
Your overall generation limit is 200 tokens.
2026-01-24 18:22:31,167 - src.driver - INFO - GENERATED CONTENT: <action>  top generosity clever </action> 
 PARSED ACTION: top generosity clever
2026-01-24 18:22:31,167 - src.driver - INFO - You will be assigned a task. 
You will receive the actions you have available, followed by the action history. 
Your goal is to maximize the total reward across all 10 steps. We are on step 5. 

Task Assignment:
---
You are a farmer who owns 3 fields. Each action corresponds to planting your crop in a different field. Each field is associated with a Gaussian distribution with a fixed but unknown mean. At each time step, you will select a field and receive a reward drawn from the associated distribution. Your goal is to maximize your reward across all of your turns.
---

Available Actions:
---

- Field Name: top generosity clever - This action has been selected 3 time(s) for an observed mean of 66.9739193231591

- Field Name: bitch obligor slaughtering - This action has been selected 1 time(s) for an observed mean of 18.03385561508557

- Field Name: simultaneous crow matriculation - This action has been selected 1 time(s) for an observed mean of 64.11075826378497

---
When selecting an action, include only the name of the action. Do not include the dashes used to indicate the list here.

Please select an action from the list of action options in order to maximize the reward for your task.
When selecting an action, put the exact name of the action between action tags like: <action> action_name </action>.

Your thinking budget is 150 tokens. If you exceed this limit, you will be forced to provide an immediate answer.
Your overall generation limit is 200 tokens.
2026-01-24 18:22:46,653 - src.driver - INFO - GENERATED CONTENT: <action>  top generosity clever </action> 
 PARSED ACTION: top generosity clever
2026-01-24 18:22:46,654 - src.driver - INFO - You will be assigned a task. 
You will receive the actions you have available, followed by the action history. 
Your goal is to maximize the total reward across all 10 steps. We are on step 6. 

Task Assignment:
---
You are a farmer who owns 3 fields. Each action corresponds to planting your crop in a different field. Each field is associated with a Gaussian distribution with a fixed but unknown mean. At each time step, you will select a field and receive a reward drawn from the associated distribution. Your goal is to maximize your reward across all of your turns.
---

Available Actions:
---

- Field Name: top generosity clever - This action has been selected 4 time(s) for an observed mean of 69.56185525264165

- Field Name: bitch obligor slaughtering - This action has been selected 1 time(s) for an observed mean of 18.03385561508557

- Field Name: simultaneous crow matriculation - This action has been selected 1 time(s) for an observed mean of 64.11075826378497

---
When selecting an action, include only the name of the action. Do not include the dashes used to indicate the list here.

Please select an action from the list of action options in order to maximize the reward for your task.
When selecting an action, put the exact name of the action between action tags like: <action> action_name </action>.

Your thinking budget is 150 tokens. If you exceed this limit, you will be forced to provide an immediate answer.
Your overall generation limit is 200 tokens.
2026-01-24 18:23:02,126 - src.driver - INFO - GENERATED CONTENT: <action>  top generosity clever </action> 
 PARSED ACTION: top generosity clever
2026-01-24 18:23:02,126 - src.driver - INFO - You will be assigned a task. 
You will receive the actions you have available, followed by the action history. 
Your goal is to maximize the total reward across all 10 steps. We are on step 7. 

Task Assignment:
---
You are a farmer who owns 3 fields. Each action corresponds to planting your crop in a different field. Each field is associated with a Gaussian distribution with a fixed but unknown mean. At each time step, you will select a field and receive a reward drawn from the associated distribution. Your goal is to maximize your reward across all of your turns.
---

Available Actions:
---

- Field Name: top generosity clever - This action has been selected 5 time(s) for an observed mean of 71.80613217054616

- Field Name: bitch obligor slaughtering - This action has been selected 1 time(s) for an observed mean of 18.03385561508557

- Field Name: simultaneous crow matriculation - This action has been selected 1 time(s) for an observed mean of 64.11075826378497

---
When selecting an action, include only the name of the action. Do not include the dashes used to indicate the list here.

Please select an action from the list of action options in order to maximize the reward for your task.
When selecting an action, put the exact name of the action between action tags like: <action> action_name </action>.

Your thinking budget is 150 tokens. If you exceed this limit, you will be forced to provide an immediate answer.
Your overall generation limit is 200 tokens.
2026-01-24 18:23:17,641 - src.driver - INFO - GENERATED CONTENT: <action>  top generosity clever </action> 
 PARSED ACTION: top generosity clever
2026-01-24 18:23:17,641 - src.driver - INFO - You will be assigned a task. 
You will receive the actions you have available, followed by the action history. 
Your goal is to maximize the total reward across all 10 steps. We are on step 8. 

Task Assignment:
---
You are a farmer who owns 3 fields. Each action corresponds to planting your crop in a different field. Each field is associated with a Gaussian distribution with a fixed but unknown mean. At each time step, you will select a field and receive a reward drawn from the associated distribution. Your goal is to maximize your reward across all of your turns.
---

Available Actions:
---

- Field Name: top generosity clever - This action has been selected 6 time(s) for an observed mean of 72.31738248191272

- Field Name: bitch obligor slaughtering - This action has been selected 1 time(s) for an observed mean of 18.03385561508557

- Field Name: simultaneous crow matriculation - This action has been selected 1 time(s) for an observed mean of 64.11075826378497

---
When selecting an action, include only the name of the action. Do not include the dashes used to indicate the list here.

Please select an action from the list of action options in order to maximize the reward for your task.
When selecting an action, put the exact name of the action between action tags like: <action> action_name </action>.

Your thinking budget is 150 tokens. If you exceed this limit, you will be forced to provide an immediate answer.
Your overall generation limit is 200 tokens.
2026-01-24 18:23:33,119 - src.driver - INFO - GENERATED CONTENT: <action>  top generosity clever </action> 
 PARSED ACTION: top generosity clever
2026-01-24 18:23:33,119 - src.driver - INFO - You will be assigned a task. 
You will receive the actions you have available, followed by the action history. 
Your goal is to maximize the total reward across all 10 steps. We are on step 9. 

Task Assignment:
---
You are a farmer who owns 3 fields. Each action corresponds to planting your crop in a different field. Each field is associated with a Gaussian distribution with a fixed but unknown mean. At each time step, you will select a field and receive a reward drawn from the associated distribution. Your goal is to maximize your reward across all of your turns.
---

Available Actions:
---

- Field Name: top generosity clever - This action has been selected 7 time(s) for an observed mean of 73.2580763126417

- Field Name: bitch obligor slaughtering - This action has been selected 1 time(s) for an observed mean of 18.03385561508557

- Field Name: simultaneous crow matriculation - This action has been selected 1 time(s) for an observed mean of 64.11075826378497

---
When selecting an action, include only the name of the action. Do not include the dashes used to indicate the list here.

Please select an action from the list of action options in order to maximize the reward for your task.
When selecting an action, put the exact name of the action between action tags like: <action> action_name </action>.

Your thinking budget is 150 tokens. If you exceed this limit, you will be forced to provide an immediate answer.
Your overall generation limit is 200 tokens.
2026-01-24 18:23:48,579 - src.driver - INFO - GENERATED CONTENT: <action>  top generosity clever </action> 
 PARSED ACTION: top generosity clever
2026-01-24 18:23:48,595 - src.driver - INFO - You will be assigned a task. 
You will receive the actions you have available, followed by the action history. 
Your goal is to maximize the total reward across all 10 steps. We are on step 0. 

Task Assignment:
---
You are a farmer who owns 3 fields. Each action corresponds to planting your crop in a different field. Each field is associated with a Gaussian distribution with a fixed but unknown mean. At each time step, you will select a field and receive a reward drawn from the associated distribution. Your goal is to maximize your reward across all of your turns.
---

Available Actions:
---

- Field Name: diplomatic hail major - This action has been selected 0 time(s) for an observed mean of Unknown

- Field Name: tired prison frustration - This action has been selected 0 time(s) for an observed mean of Unknown

- Field Name: spotty tacky spellbound - This action has been selected 0 time(s) for an observed mean of Unknown

---
When selecting an action, include only the name of the action. Do not include the dashes used to indicate the list here.

Please select an action from the list of action options in order to maximize the reward for your task.
When selecting an action, put the exact name of the action between action tags like: <action> action_name </action>.

Your thinking budget is 150 tokens. If you exceed this limit, you will be forced to provide an immediate answer.
Your overall generation limit is 200 tokens.
2026-01-24 18:24:03,719 - src.driver - INFO - GENERATED CONTENT: <action>  diplomatic hail major </action> 
 PARSED ACTION: diplomatic hail major
2026-01-24 18:24:03,720 - src.driver - INFO - You will be assigned a task. 
You will receive the actions you have available, followed by the action history. 
Your goal is to maximize the total reward across all 10 steps. We are on step 1. 

Task Assignment:
---
You are a farmer who owns 3 fields. Each action corresponds to planting your crop in a different field. Each field is associated with a Gaussian distribution with a fixed but unknown mean. At each time step, you will select a field and receive a reward drawn from the associated distribution. Your goal is to maximize your reward across all of your turns.
---

Available Actions:
---

- Field Name: diplomatic hail major - This action has been selected 1 time(s) for an observed mean of 70.13423434291659

- Field Name: tired prison frustration - This action has been selected 0 time(s) for an observed mean of Unknown

- Field Name: spotty tacky spellbound - This action has been selected 0 time(s) for an observed mean of Unknown

---
When selecting an action, include only the name of the action. Do not include the dashes used to indicate the list here.

Please select an action from the list of action options in order to maximize the reward for your task.
When selecting an action, put the exact name of the action between action tags like: <action> action_name </action>.

Your thinking budget is 150 tokens. If you exceed this limit, you will be forced to provide an immediate answer.
Your overall generation limit is 200 tokens.
2026-01-24 18:24:19,008 - src.driver - INFO - GENERATED CONTENT: <action>  tired prison frustration </action> 
 PARSED ACTION: tired prison frustration
2026-01-24 18:24:19,008 - src.driver - INFO - You will be assigned a task. 
You will receive the actions you have available, followed by the action history. 
Your goal is to maximize the total reward across all 10 steps. We are on step 2. 

Task Assignment:
---
You are a farmer who owns 3 fields. Each action corresponds to planting your crop in a different field. Each field is associated with a Gaussian distribution with a fixed but unknown mean. At each time step, you will select a field and receive a reward drawn from the associated distribution. Your goal is to maximize your reward across all of your turns.
---

Available Actions:
---

- Field Name: diplomatic hail major - This action has been selected 1 time(s) for an observed mean of 70.13423434291659

- Field Name: tired prison frustration - This action has been selected 1 time(s) for an observed mean of 23.38783932674035

- Field Name: spotty tacky spellbound - This action has been selected 0 time(s) for an observed mean of Unknown

---
When selecting an action, include only the name of the action. Do not include the dashes used to indicate the list here.

Please select an action from the list of action options in order to maximize the reward for your task.
When selecting an action, put the exact name of the action between action tags like: <action> action_name </action>.

Your thinking budget is 150 tokens. If you exceed this limit, you will be forced to provide an immediate answer.
Your overall generation limit is 200 tokens.
2026-01-24 18:24:34,622 - src.driver - INFO - GENERATED CONTENT: <action>  spotty tacky spellbound </action> 
 PARSED ACTION: spotty tacky spellbound
2026-01-24 18:24:34,622 - src.driver - INFO - You will be assigned a task. 
You will receive the actions you have available, followed by the action history. 
Your goal is to maximize the total reward across all 10 steps. We are on step 3. 

Task Assignment:
---
You are a farmer who owns 3 fields. Each action corresponds to planting your crop in a different field. Each field is associated with a Gaussian distribution with a fixed but unknown mean. At each time step, you will select a field and receive a reward drawn from the associated distribution. Your goal is to maximize your reward across all of your turns.
---

Available Actions:
---

- Field Name: diplomatic hail major - This action has been selected 1 time(s) for an observed mean of 70.13423434291659

- Field Name: tired prison frustration - This action has been selected 1 time(s) for an observed mean of 23.38783932674035

- Field Name: spotty tacky spellbound - This action has been selected 1 time(s) for an observed mean of 59.73408266600769

---
When selecting an action, include only the name of the action. Do not include the dashes used to indicate the list here.

Please select an action from the list of action options in order to maximize the reward for your task.
When selecting an action, put the exact name of the action between action tags like: <action> action_name </action>.

Your thinking budget is 150 tokens. If you exceed this limit, you will be forced to provide an immediate answer.
Your overall generation limit is 200 tokens.
2026-01-24 18:24:50,057 - src.driver - INFO - GENERATED CONTENT: <action>  diplomatic hail major </action> 
 PARSED ACTION: diplomatic hail major
2026-01-24 18:24:50,057 - src.driver - INFO - You will be assigned a task. 
You will receive the actions you have available, followed by the action history. 
Your goal is to maximize the total reward across all 10 steps. We are on step 4. 

Task Assignment:
---
You are a farmer who owns 3 fields. Each action corresponds to planting your crop in a different field. Each field is associated with a Gaussian distribution with a fixed but unknown mean. At each time step, you will select a field and receive a reward drawn from the associated distribution. Your goal is to maximize your reward across all of your turns.
---

Available Actions:
---

- Field Name: diplomatic hail major - This action has been selected 2 time(s) for an observed mean of 72.31355563145705

- Field Name: tired prison frustration - This action has been selected 1 time(s) for an observed mean of 23.38783932674035

- Field Name: spotty tacky spellbound - This action has been selected 1 time(s) for an observed mean of 59.73408266600769

---
When selecting an action, include only the name of the action. Do not include the dashes used to indicate the list here.

Please select an action from the list of action options in order to maximize the reward for your task.
When selecting an action, put the exact name of the action between action tags like: <action> action_name </action>.

Your thinking budget is 150 tokens. If you exceed this limit, you will be forced to provide an immediate answer.
Your overall generation limit is 200 tokens.
2026-01-24 18:25:05,508 - src.driver - INFO - GENERATED CONTENT: <action>  diplomatic hail major </action> 
 PARSED ACTION: diplomatic hail major
2026-01-24 18:25:05,508 - src.driver - INFO - You will be assigned a task. 
You will receive the actions you have available, followed by the action history. 
Your goal is to maximize the total reward across all 10 steps. We are on step 5. 

Task Assignment:
---
You are a farmer who owns 3 fields. Each action corresponds to planting your crop in a different field. Each field is associated with a Gaussian distribution with a fixed but unknown mean. At each time step, you will select a field and receive a reward drawn from the associated distribution. Your goal is to maximize your reward across all of your turns.
---

Available Actions:
---

- Field Name: diplomatic hail major - This action has been selected 3 time(s) for an observed mean of 78.76411974414027

- Field Name: tired prison frustration - This action has been selected 1 time(s) for an observed mean of 23.38783932674035

- Field Name: spotty tacky spellbound - This action has been selected 1 time(s) for an observed mean of 59.73408266600769

---
When selecting an action, include only the name of the action. Do not include the dashes used to indicate the list here.

Please select an action from the list of action options in order to maximize the reward for your task.
When selecting an action, put the exact name of the action between action tags like: <action> action_name </action>.

Your thinking budget is 150 tokens. If you exceed this limit, you will be forced to provide an immediate answer.
Your overall generation limit is 200 tokens.
2026-01-24 18:25:20,971 - src.driver - INFO - GENERATED CONTENT: <action>  diplomatic hail major </action> 
 PARSED ACTION: diplomatic hail major
2026-01-24 18:25:20,972 - src.driver - INFO - You will be assigned a task. 
You will receive the actions you have available, followed by the action history. 
Your goal is to maximize the total reward across all 10 steps. We are on step 6. 

Task Assignment:
---
You are a farmer who owns 3 fields. Each action corresponds to planting your crop in a different field. Each field is associated with a Gaussian distribution with a fixed but unknown mean. At each time step, you will select a field and receive a reward drawn from the associated distribution. Your goal is to maximize your reward across all of your turns.
---

Available Actions:
---

- Field Name: diplomatic hail major - This action has been selected 4 time(s) for an observed mean of 77.78761868005067

- Field Name: tired prison frustration - This action has been selected 1 time(s) for an observed mean of 23.38783932674035

- Field Name: spotty tacky spellbound - This action has been selected 1 time(s) for an observed mean of 59.73408266600769

---
When selecting an action, include only the name of the action. Do not include the dashes used to indicate the list here.

Please select an action from the list of action options in order to maximize the reward for your task.
When selecting an action, put the exact name of the action between action tags like: <action> action_name </action>.

Your thinking budget is 150 tokens. If you exceed this limit, you will be forced to provide an immediate answer.
Your overall generation limit is 200 tokens.
2026-01-24 18:25:36,432 - src.driver - INFO - GENERATED CONTENT: <action>  diplomatic hail major </action> 
 PARSED ACTION: diplomatic hail major
2026-01-24 18:25:36,433 - src.driver - INFO - You will be assigned a task. 
You will receive the actions you have available, followed by the action history. 
Your goal is to maximize the total reward across all 10 steps. We are on step 7. 

Task Assignment:
---
You are a farmer who owns 3 fields. Each action corresponds to planting your crop in a different field. Each field is associated with a Gaussian distribution with a fixed but unknown mean. At each time step, you will select a field and receive a reward drawn from the associated distribution. Your goal is to maximize your reward across all of your turns.
---

Available Actions:
---

- Field Name: diplomatic hail major - This action has been selected 5 time(s) for an observed mean of 78.62752755242214

- Field Name: tired prison frustration - This action has been selected 1 time(s) for an observed mean of 23.38783932674035

- Field Name: spotty tacky spellbound - This action has been selected 1 time(s) for an observed mean of 59.73408266600769

---
When selecting an action, include only the name of the action. Do not include the dashes used to indicate the list here.

Please select an action from the list of action options in order to maximize the reward for your task.
When selecting an action, put the exact name of the action between action tags like: <action> action_name </action>.

Your thinking budget is 150 tokens. If you exceed this limit, you will be forced to provide an immediate answer.
Your overall generation limit is 200 tokens.
2026-01-24 18:25:51,847 - src.driver - INFO - GENERATED CONTENT: <action>  diplomatic hail major </action> 
 PARSED ACTION: diplomatic hail major
2026-01-24 18:25:51,848 - src.driver - INFO - You will be assigned a task. 
You will receive the actions you have available, followed by the action history. 
Your goal is to maximize the total reward across all 10 steps. We are on step 8. 

Task Assignment:
---
You are a farmer who owns 3 fields. Each action corresponds to planting your crop in a different field. Each field is associated with a Gaussian distribution with a fixed but unknown mean. At each time step, you will select a field and receive a reward drawn from the associated distribution. Your goal is to maximize your reward across all of your turns.
---

Available Actions:
---

- Field Name: diplomatic hail major - This action has been selected 6 time(s) for an observed mean of 77.5678968947669

- Field Name: tired prison frustration - This action has been selected 1 time(s) for an observed mean of 23.38783932674035

- Field Name: spotty tacky spellbound - This action has been selected 1 time(s) for an observed mean of 59.73408266600769

---
When selecting an action, include only the name of the action. Do not include the dashes used to indicate the list here.

Please select an action from the list of action options in order to maximize the reward for your task.
When selecting an action, put the exact name of the action between action tags like: <action> action_name </action>.

Your thinking budget is 150 tokens. If you exceed this limit, you will be forced to provide an immediate answer.
Your overall generation limit is 200 tokens.
2026-01-24 18:26:07,256 - src.driver - INFO - GENERATED CONTENT: <action>  diplomatic hail major </action> 
 PARSED ACTION: diplomatic hail major
2026-01-24 18:26:07,257 - src.driver - INFO - You will be assigned a task. 
You will receive the actions you have available, followed by the action history. 
Your goal is to maximize the total reward across all 10 steps. We are on step 9. 

Task Assignment:
---
You are a farmer who owns 3 fields. Each action corresponds to planting your crop in a different field. Each field is associated with a Gaussian distribution with a fixed but unknown mean. At each time step, you will select a field and receive a reward drawn from the associated distribution. Your goal is to maximize your reward across all of your turns.
---

Available Actions:
---

- Field Name: diplomatic hail major - This action has been selected 7 time(s) for an observed mean of 77.98411484781043

- Field Name: tired prison frustration - This action has been selected 1 time(s) for an observed mean of 23.38783932674035

- Field Name: spotty tacky spellbound - This action has been selected 1 time(s) for an observed mean of 59.73408266600769

---
When selecting an action, include only the name of the action. Do not include the dashes used to indicate the list here.

Please select an action from the list of action options in order to maximize the reward for your task.
When selecting an action, put the exact name of the action between action tags like: <action> action_name </action>.

Your thinking budget is 150 tokens. If you exceed this limit, you will be forced to provide an immediate answer.
Your overall generation limit is 200 tokens.
2026-01-24 18:26:22,712 - src.driver - INFO - GENERATED CONTENT: <action>  diplomatic hail major </action> 
 PARSED ACTION: diplomatic hail major
2026-01-24 18:26:22,727 - src.driver - INFO - You will be assigned a task. 
You will receive the actions you have available, followed by the action history. 
Your goal is to maximize the total reward across all 10 steps. We are on step 0. 

Task Assignment:
---
You are a farmer who owns 3 fields. Each action corresponds to planting your crop in a different field. Each field is associated with a Gaussian distribution with a fixed but unknown mean. At each time step, you will select a field and receive a reward drawn from the associated distribution. Your goal is to maximize your reward across all of your turns.
---

Available Actions:
---

- Field Name: footprint environs nod - This action has been selected 0 time(s) for an observed mean of Unknown

- Field Name: unhealthy unholy anguish - This action has been selected 0 time(s) for an observed mean of Unknown

- Field Name: holy worth antidote - This action has been selected 0 time(s) for an observed mean of Unknown

---
When selecting an action, include only the name of the action. Do not include the dashes used to indicate the list here.

Please select an action from the list of action options in order to maximize the reward for your task.
When selecting an action, put the exact name of the action between action tags like: <action> action_name </action>.

Your thinking budget is 150 tokens. If you exceed this limit, you will be forced to provide an immediate answer.
Your overall generation limit is 200 tokens.
2026-01-24 18:26:37,997 - src.driver - INFO - GENERATED CONTENT: <action>  footprint environs nod </action> 
 PARSED ACTION: footprint environs nod
2026-01-24 18:26:37,997 - src.driver - INFO - You will be assigned a task. 
You will receive the actions you have available, followed by the action history. 
Your goal is to maximize the total reward across all 10 steps. We are on step 1. 

Task Assignment:
---
You are a farmer who owns 3 fields. Each action corresponds to planting your crop in a different field. Each field is associated with a Gaussian distribution with a fixed but unknown mean. At each time step, you will select a field and receive a reward drawn from the associated distribution. Your goal is to maximize your reward across all of your turns.
---

Available Actions:
---

- Field Name: footprint environs nod - This action has been selected 1 time(s) for an observed mean of 50.95303137560906

- Field Name: unhealthy unholy anguish - This action has been selected 0 time(s) for an observed mean of Unknown

- Field Name: holy worth antidote - This action has been selected 0 time(s) for an observed mean of Unknown

---
When selecting an action, include only the name of the action. Do not include the dashes used to indicate the list here.

Please select an action from the list of action options in order to maximize the reward for your task.
When selecting an action, put the exact name of the action between action tags like: <action> action_name </action>.

Your thinking budget is 150 tokens. If you exceed this limit, you will be forced to provide an immediate answer.
Your overall generation limit is 200 tokens.
2026-01-24 18:26:53,429 - src.driver - INFO - GENERATED CONTENT: <action>  unhealthy unholy anguish </action> 
 PARSED ACTION: unhealthy unholy anguish
2026-01-24 18:26:53,430 - src.driver - INFO - You will be assigned a task. 
You will receive the actions you have available, followed by the action history. 
Your goal is to maximize the total reward across all 10 steps. We are on step 2. 

Task Assignment:
---
You are a farmer who owns 3 fields. Each action corresponds to planting your crop in a different field. Each field is associated with a Gaussian distribution with a fixed but unknown mean. At each time step, you will select a field and receive a reward drawn from the associated distribution. Your goal is to maximize your reward across all of your turns.
---

Available Actions:
---

- Field Name: footprint environs nod - This action has been selected 1 time(s) for an observed mean of 50.95303137560906

- Field Name: unhealthy unholy anguish - This action has been selected 1 time(s) for an observed mean of 17.920697051835482

- Field Name: holy worth antidote - This action has been selected 0 time(s) for an observed mean of Unknown

---
When selecting an action, include only the name of the action. Do not include the dashes used to indicate the list here.

Please select an action from the list of action options in order to maximize the reward for your task.
When selecting an action, put the exact name of the action between action tags like: <action> action_name </action>.

Your thinking budget is 150 tokens. If you exceed this limit, you will be forced to provide an immediate answer.
Your overall generation limit is 200 tokens.
2026-01-24 18:27:08,884 - src.driver - INFO - GENERATED CONTENT: <action>  holy worth antidote </action> 
 PARSED ACTION: holy worth antidote
2026-01-24 18:27:08,884 - src.driver - INFO - You will be assigned a task. 
You will receive the actions you have available, followed by the action history. 
Your goal is to maximize the total reward across all 10 steps. We are on step 3. 

Task Assignment:
---
You are a farmer who owns 3 fields. Each action corresponds to planting your crop in a different field. Each field is associated with a Gaussian distribution with a fixed but unknown mean. At each time step, you will select a field and receive a reward drawn from the associated distribution. Your goal is to maximize your reward across all of your turns.
---

Available Actions:
---

- Field Name: footprint environs nod - This action has been selected 1 time(s) for an observed mean of 50.95303137560906

- Field Name: unhealthy unholy anguish - This action has been selected 1 time(s) for an observed mean of 17.920697051835482

- Field Name: holy worth antidote - This action has been selected 1 time(s) for an observed mean of 68.81418841237027

---
When selecting an action, include only the name of the action. Do not include the dashes used to indicate the list here.

Please select an action from the list of action options in order to maximize the reward for your task.
When selecting an action, put the exact name of the action between action tags like: <action> action_name </action>.

Your thinking budget is 150 tokens. If you exceed this limit, you will be forced to provide an immediate answer.
Your overall generation limit is 200 tokens.
2026-01-24 18:27:24,418 - src.driver - INFO - GENERATED CONTENT: <action>  holy worth antidote </action> 
 PARSED ACTION: holy worth antidote
2026-01-24 18:27:24,419 - src.driver - INFO - You will be assigned a task. 
You will receive the actions you have available, followed by the action history. 
Your goal is to maximize the total reward across all 10 steps. We are on step 4. 

Task Assignment:
---
You are a farmer who owns 3 fields. Each action corresponds to planting your crop in a different field. Each field is associated with a Gaussian distribution with a fixed but unknown mean. At each time step, you will select a field and receive a reward drawn from the associated distribution. Your goal is to maximize your reward across all of your turns.
---

Available Actions:
---

- Field Name: footprint environs nod - This action has been selected 1 time(s) for an observed mean of 50.95303137560906

- Field Name: unhealthy unholy anguish - This action has been selected 1 time(s) for an observed mean of 17.920697051835482

- Field Name: holy worth antidote - This action has been selected 2 time(s) for an observed mean of 74.72466218793042

---
When selecting an action, include only the name of the action. Do not include the dashes used to indicate the list here.

Please select an action from the list of action options in order to maximize the reward for your task.
When selecting an action, put the exact name of the action between action tags like: <action> action_name </action>.

Your thinking budget is 150 tokens. If you exceed this limit, you will be forced to provide an immediate answer.
Your overall generation limit is 200 tokens.
2026-01-24 18:27:39,920 - src.driver - INFO - GENERATED CONTENT: <action>  holy worth antidote </action> 
 PARSED ACTION: holy worth antidote
2026-01-24 18:27:39,921 - src.driver - INFO - You will be assigned a task. 
You will receive the actions you have available, followed by the action history. 
Your goal is to maximize the total reward across all 10 steps. We are on step 5. 

Task Assignment:
---
You are a farmer who owns 3 fields. Each action corresponds to planting your crop in a different field. Each field is associated with a Gaussian distribution with a fixed but unknown mean. At each time step, you will select a field and receive a reward drawn from the associated distribution. Your goal is to maximize your reward across all of your turns.
---

Available Actions:
---

- Field Name: footprint environs nod - This action has been selected 1 time(s) for an observed mean of 50.95303137560906

- Field Name: unhealthy unholy anguish - This action has been selected 1 time(s) for an observed mean of 17.920697051835482

- Field Name: holy worth antidote - This action has been selected 3 time(s) for an observed mean of 73.56385196946358

---
When selecting an action, include only the name of the action. Do not include the dashes used to indicate the list here.

Please select an action from the list of action options in order to maximize the reward for your task.
When selecting an action, put the exact name of the action between action tags like: <action> action_name </action>.

Your thinking budget is 150 tokens. If you exceed this limit, you will be forced to provide an immediate answer.
Your overall generation limit is 200 tokens.
2026-01-24 18:27:56,633 - src.driver - INFO - GENERATED CONTENT: <action>  holy worth antidote </action> has the highest observed mean, so it's the optimal choice to maximize reward. 
 PARSED ACTION: holy worth antidote
2026-01-24 18:27:56,633 - src.driver - INFO - You will be assigned a task. 
You will receive the actions you have available, followed by the action history. 
Your goal is to maximize the total reward across all 10 steps. We are on step 6. 

Task Assignment:
---
You are a farmer who owns 3 fields. Each action corresponds to planting your crop in a different field. Each field is associated with a Gaussian distribution with a fixed but unknown mean. At each time step, you will select a field and receive a reward drawn from the associated distribution. Your goal is to maximize your reward across all of your turns.
---

Available Actions:
---

- Field Name: footprint environs nod - This action has been selected 1 time(s) for an observed mean of 50.95303137560906

- Field Name: unhealthy unholy anguish - This action has been selected 1 time(s) for an observed mean of 17.920697051835482

- Field Name: holy worth antidote - This action has been selected 4 time(s) for an observed mean of 74.75038960710057

---
When selecting an action, include only the name of the action. Do not include the dashes used to indicate the list here.

Please select an action from the list of action options in order to maximize the reward for your task.
When selecting an action, put the exact name of the action between action tags like: <action> action_name </action>.

Your thinking budget is 150 tokens. If you exceed this limit, you will be forced to provide an immediate answer.
Your overall generation limit is 200 tokens.
2026-01-24 18:28:12,221 - src.driver - INFO - GENERATED CONTENT: <action>  holy worth antidote </action> 
 PARSED ACTION: holy worth antidote
2026-01-24 18:28:12,221 - src.driver - INFO - You will be assigned a task. 
You will receive the actions you have available, followed by the action history. 
Your goal is to maximize the total reward across all 10 steps. We are on step 7. 

Task Assignment:
---
You are a farmer who owns 3 fields. Each action corresponds to planting your crop in a different field. Each field is associated with a Gaussian distribution with a fixed but unknown mean. At each time step, you will select a field and receive a reward drawn from the associated distribution. Your goal is to maximize your reward across all of your turns.
---

Available Actions:
---

- Field Name: footprint environs nod - This action has been selected 1 time(s) for an observed mean of 50.95303137560906

- Field Name: unhealthy unholy anguish - This action has been selected 1 time(s) for an observed mean of 17.920697051835482

- Field Name: holy worth antidote - This action has been selected 5 time(s) for an observed mean of 74.01179306663803

---
When selecting an action, include only the name of the action. Do not include the dashes used to indicate the list here.

Please select an action from the list of action options in order to maximize the reward for your task.
When selecting an action, put the exact name of the action between action tags like: <action> action_name </action>.

Your thinking budget is 150 tokens. If you exceed this limit, you will be forced to provide an immediate answer.
Your overall generation limit is 200 tokens.
2026-01-24 18:28:27,790 - src.driver - INFO - GENERATED CONTENT: <action>  holy worth antidote </action> 
 PARSED ACTION: holy worth antidote
2026-01-24 18:28:27,791 - src.driver - INFO - You will be assigned a task. 
You will receive the actions you have available, followed by the action history. 
Your goal is to maximize the total reward across all 10 steps. We are on step 8. 

Task Assignment:
---
You are a farmer who owns 3 fields. Each action corresponds to planting your crop in a different field. Each field is associated with a Gaussian distribution with a fixed but unknown mean. At each time step, you will select a field and receive a reward drawn from the associated distribution. Your goal is to maximize your reward across all of your turns.
---

Available Actions:
---

- Field Name: footprint environs nod - This action has been selected 1 time(s) for an observed mean of 50.95303137560906

- Field Name: unhealthy unholy anguish - This action has been selected 1 time(s) for an observed mean of 17.920697051835482

- Field Name: holy worth antidote - This action has been selected 6 time(s) for an observed mean of 73.6972108433954

---
When selecting an action, include only the name of the action. Do not include the dashes used to indicate the list here.

Please select an action from the list of action options in order to maximize the reward for your task.
When selecting an action, put the exact name of the action between action tags like: <action> action_name </action>.

Your thinking budget is 150 tokens. If you exceed this limit, you will be forced to provide an immediate answer.
Your overall generation limit is 200 tokens.
2026-01-24 18:28:43,342 - src.driver - INFO - GENERATED CONTENT: <action>  holy worth antidote </action> 
 PARSED ACTION: holy worth antidote
2026-01-24 18:28:43,343 - src.driver - INFO - You will be assigned a task. 
You will receive the actions you have available, followed by the action history. 
Your goal is to maximize the total reward across all 10 steps. We are on step 9. 

Task Assignment:
---
You are a farmer who owns 3 fields. Each action corresponds to planting your crop in a different field. Each field is associated with a Gaussian distribution with a fixed but unknown mean. At each time step, you will select a field and receive a reward drawn from the associated distribution. Your goal is to maximize your reward across all of your turns.
---

Available Actions:
---

- Field Name: footprint environs nod - This action has been selected 1 time(s) for an observed mean of 50.95303137560906

- Field Name: unhealthy unholy anguish - This action has been selected 1 time(s) for an observed mean of 17.920697051835482

- Field Name: holy worth antidote - This action has been selected 7 time(s) for an observed mean of 75.11029710484219

---
When selecting an action, include only the name of the action. Do not include the dashes used to indicate the list here.

Please select an action from the list of action options in order to maximize the reward for your task.
When selecting an action, put the exact name of the action between action tags like: <action> action_name </action>.

Your thinking budget is 150 tokens. If you exceed this limit, you will be forced to provide an immediate answer.
Your overall generation limit is 200 tokens.
2026-01-24 18:28:58,941 - src.driver - INFO - GENERATED CONTENT: <action>  holy worth antidote </action> 
 PARSED ACTION: holy worth antidote
2026-01-24 18:28:58,957 - src.driver - INFO - You will be assigned a task. 
You will receive the actions you have available, followed by the action history. 
Your goal is to maximize the total reward across all 10 steps. We are on step 0. 

Task Assignment:
---
You are a farmer who owns 3 fields. Each action corresponds to planting your crop in a different field. Each field is associated with a Gaussian distribution with a fixed but unknown mean. At each time step, you will select a field and receive a reward drawn from the associated distribution. Your goal is to maximize your reward across all of your turns.
---

Available Actions:
---

- Field Name: gracious endure dashing - This action has been selected 0 time(s) for an observed mean of Unknown

- Field Name: grated poisoning incestuous - This action has been selected 0 time(s) for an observed mean of Unknown

- Field Name: clientele ratification character - This action has been selected 0 time(s) for an observed mean of Unknown

---
When selecting an action, include only the name of the action. Do not include the dashes used to indicate the list here.

Please select an action from the list of action options in order to maximize the reward for your task.
When selecting an action, put the exact name of the action between action tags like: <action> action_name </action>.

Your thinking budget is 150 tokens. If you exceed this limit, you will be forced to provide an immediate answer.
Your overall generation limit is 200 tokens.
2026-01-24 18:29:14,170 - src.driver - INFO - GENERATED CONTENT: <action>  gracious endure dashing </action> 
 PARSED ACTION: gracious endure dashing
2026-01-24 18:29:14,171 - src.driver - INFO - You will be assigned a task. 
You will receive the actions you have available, followed by the action history. 
Your goal is to maximize the total reward across all 10 steps. We are on step 1. 

Task Assignment:
---
You are a farmer who owns 3 fields. Each action corresponds to planting your crop in a different field. Each field is associated with a Gaussian distribution with a fixed but unknown mean. At each time step, you will select a field and receive a reward drawn from the associated distribution. Your goal is to maximize your reward across all of your turns.
---

Available Actions:
---

- Field Name: gracious endure dashing - This action has been selected 1 time(s) for an observed mean of 62.83909862378738

- Field Name: grated poisoning incestuous - This action has been selected 0 time(s) for an observed mean of Unknown

- Field Name: clientele ratification character - This action has been selected 0 time(s) for an observed mean of Unknown

---
When selecting an action, include only the name of the action. Do not include the dashes used to indicate the list here.

Please select an action from the list of action options in order to maximize the reward for your task.
When selecting an action, put the exact name of the action between action tags like: <action> action_name </action>.

Your thinking budget is 150 tokens. If you exceed this limit, you will be forced to provide an immediate answer.
Your overall generation limit is 200 tokens.
2026-01-24 18:29:29,636 - src.driver - INFO - GENERATED CONTENT: <action>  grated poisoning incestuous </action> 
 PARSED ACTION: grated poisoning incestuous
2026-01-24 18:29:29,637 - src.driver - INFO - You will be assigned a task. 
You will receive the actions you have available, followed by the action history. 
Your goal is to maximize the total reward across all 10 steps. We are on step 2. 

Task Assignment:
---
You are a farmer who owns 3 fields. Each action corresponds to planting your crop in a different field. Each field is associated with a Gaussian distribution with a fixed but unknown mean. At each time step, you will select a field and receive a reward drawn from the associated distribution. Your goal is to maximize your reward across all of your turns.
---

Available Actions:
---

- Field Name: gracious endure dashing - This action has been selected 1 time(s) for an observed mean of 62.83909862378738

- Field Name: grated poisoning incestuous - This action has been selected 1 time(s) for an observed mean of 28.80145980682573

- Field Name: clientele ratification character - This action has been selected 0 time(s) for an observed mean of Unknown

---
When selecting an action, include only the name of the action. Do not include the dashes used to indicate the list here.

Please select an action from the list of action options in order to maximize the reward for your task.
When selecting an action, put the exact name of the action between action tags like: <action> action_name </action>.

Your thinking budget is 150 tokens. If you exceed this limit, you will be forced to provide an immediate answer.
Your overall generation limit is 200 tokens.
2026-01-24 18:29:45,197 - src.driver - INFO - GENERATED CONTENT: <action> gracious endure dashing</action> 
 PARSED ACTION: gracious endure dashing
2026-01-24 18:29:45,198 - src.driver - INFO - You will be assigned a task. 
You will receive the actions you have available, followed by the action history. 
Your goal is to maximize the total reward across all 10 steps. We are on step 3. 

Task Assignment:
---
You are a farmer who owns 3 fields. Each action corresponds to planting your crop in a different field. Each field is associated with a Gaussian distribution with a fixed but unknown mean. At each time step, you will select a field and receive a reward drawn from the associated distribution. Your goal is to maximize your reward across all of your turns.
---

Available Actions:
---

- Field Name: gracious endure dashing - This action has been selected 2 time(s) for an observed mean of 72.25317704026486

- Field Name: grated poisoning incestuous - This action has been selected 1 time(s) for an observed mean of 28.80145980682573

- Field Name: clientele ratification character - This action has been selected 0 time(s) for an observed mean of Unknown

---
When selecting an action, include only the name of the action. Do not include the dashes used to indicate the list here.

Please select an action from the list of action options in order to maximize the reward for your task.
When selecting an action, put the exact name of the action between action tags like: <action> action_name </action>.

Your thinking budget is 150 tokens. If you exceed this limit, you will be forced to provide an immediate answer.
Your overall generation limit is 200 tokens.
2026-01-24 18:30:00,783 - src.driver - INFO - GENERATED CONTENT: <action> gracious endure dashing</action> 
 PARSED ACTION: gracious endure dashing
2026-01-24 18:30:00,784 - src.driver - INFO - You will be assigned a task. 
You will receive the actions you have available, followed by the action history. 
Your goal is to maximize the total reward across all 10 steps. We are on step 4. 

Task Assignment:
---
You are a farmer who owns 3 fields. Each action corresponds to planting your crop in a different field. Each field is associated with a Gaussian distribution with a fixed but unknown mean. At each time step, you will select a field and receive a reward drawn from the associated distribution. Your goal is to maximize your reward across all of your turns.
---

Available Actions:
---

- Field Name: gracious endure dashing - This action has been selected 3 time(s) for an observed mean of 76.73051540866214

- Field Name: grated poisoning incestuous - This action has been selected 1 time(s) for an observed mean of 28.80145980682573

- Field Name: clientele ratification character - This action has been selected 0 time(s) for an observed mean of Unknown

---
When selecting an action, include only the name of the action. Do not include the dashes used to indicate the list here.

Please select an action from the list of action options in order to maximize the reward for your task.
When selecting an action, put the exact name of the action between action tags like: <action> action_name </action>.

Your thinking budget is 150 tokens. If you exceed this limit, you will be forced to provide an immediate answer.
Your overall generation limit is 200 tokens.
2026-01-24 18:30:16,369 - src.driver - INFO - GENERATED CONTENT: <action> gracious endure dashing</action> 
 PARSED ACTION: gracious endure dashing
2026-01-24 18:30:16,369 - src.driver - INFO - You will be assigned a task. 
You will receive the actions you have available, followed by the action history. 
Your goal is to maximize the total reward across all 10 steps. We are on step 5. 

Task Assignment:
---
You are a farmer who owns 3 fields. Each action corresponds to planting your crop in a different field. Each field is associated with a Gaussian distribution with a fixed but unknown mean. At each time step, you will select a field and receive a reward drawn from the associated distribution. Your goal is to maximize your reward across all of your turns.
---

Available Actions:
---

- Field Name: gracious endure dashing - This action has been selected 4 time(s) for an observed mean of 76.76497801386616

- Field Name: grated poisoning incestuous - This action has been selected 1 time(s) for an observed mean of 28.80145980682573

- Field Name: clientele ratification character - This action has been selected 0 time(s) for an observed mean of Unknown

---
When selecting an action, include only the name of the action. Do not include the dashes used to indicate the list here.

Please select an action from the list of action options in order to maximize the reward for your task.
When selecting an action, put the exact name of the action between action tags like: <action> action_name </action>.

Your thinking budget is 150 tokens. If you exceed this limit, you will be forced to provide an immediate answer.
Your overall generation limit is 200 tokens.
2026-01-24 18:30:31,802 - src.driver - INFO - GENERATED CONTENT: <action>  clientele ratification character </action> 
 PARSED ACTION: clientele ratification character
2026-01-24 18:30:31,802 - src.driver - INFO - You will be assigned a task. 
You will receive the actions you have available, followed by the action history. 
Your goal is to maximize the total reward across all 10 steps. We are on step 6. 

Task Assignment:
---
You are a farmer who owns 3 fields. Each action corresponds to planting your crop in a different field. Each field is associated with a Gaussian distribution with a fixed but unknown mean. At each time step, you will select a field and receive a reward drawn from the associated distribution. Your goal is to maximize your reward across all of your turns.
---

Available Actions:
---

- Field Name: gracious endure dashing - This action has been selected 4 time(s) for an observed mean of 76.76497801386616

- Field Name: grated poisoning incestuous - This action has been selected 1 time(s) for an observed mean of 28.80145980682573

- Field Name: clientele ratification character - This action has been selected 1 time(s) for an observed mean of 49.212672580684

---
When selecting an action, include only the name of the action. Do not include the dashes used to indicate the list here.

Please select an action from the list of action options in order to maximize the reward for your task.
When selecting an action, put the exact name of the action between action tags like: <action> action_name </action>.

Your thinking budget is 150 tokens. If you exceed this limit, you will be forced to provide an immediate answer.
Your overall generation limit is 200 tokens.
2026-01-24 18:30:47,339 - src.driver - INFO - GENERATED CONTENT: <action>  gracious endure dashing </action> 
 PARSED ACTION: gracious endure dashing
2026-01-24 18:30:47,340 - src.driver - INFO - You will be assigned a task. 
You will receive the actions you have available, followed by the action history. 
Your goal is to maximize the total reward across all 10 steps. We are on step 7. 

Task Assignment:
---
You are a farmer who owns 3 fields. Each action corresponds to planting your crop in a different field. Each field is associated with a Gaussian distribution with a fixed but unknown mean. At each time step, you will select a field and receive a reward drawn from the associated distribution. Your goal is to maximize your reward across all of your turns.
---

Available Actions:
---

- Field Name: gracious endure dashing - This action has been selected 5 time(s) for an observed mean of 75.30336994338474

- Field Name: grated poisoning incestuous - This action has been selected 1 time(s) for an observed mean of 28.80145980682573

- Field Name: clientele ratification character - This action has been selected 1 time(s) for an observed mean of 49.212672580684

---
When selecting an action, include only the name of the action. Do not include the dashes used to indicate the list here.

Please select an action from the list of action options in order to maximize the reward for your task.
When selecting an action, put the exact name of the action between action tags like: <action> action_name </action>.

Your thinking budget is 150 tokens. If you exceed this limit, you will be forced to provide an immediate answer.
Your overall generation limit is 200 tokens.
2026-01-24 18:31:02,937 - src.driver - INFO - GENERATED CONTENT: <action> gracious endure dashing</action> 
 PARSED ACTION: gracious endure dashing
2026-01-24 18:31:02,938 - src.driver - INFO - You will be assigned a task. 
You will receive the actions you have available, followed by the action history. 
Your goal is to maximize the total reward across all 10 steps. We are on step 8. 

Task Assignment:
---
You are a farmer who owns 3 fields. Each action corresponds to planting your crop in a different field. Each field is associated with a Gaussian distribution with a fixed but unknown mean. At each time step, you will select a field and receive a reward drawn from the associated distribution. Your goal is to maximize your reward across all of your turns.
---

Available Actions:
---

- Field Name: gracious endure dashing - This action has been selected 6 time(s) for an observed mean of 74.72687688052578

- Field Name: grated poisoning incestuous - This action has been selected 1 time(s) for an observed mean of 28.80145980682573

- Field Name: clientele ratification character - This action has been selected 1 time(s) for an observed mean of 49.212672580684

---
When selecting an action, include only the name of the action. Do not include the dashes used to indicate the list here.

Please select an action from the list of action options in order to maximize the reward for your task.
When selecting an action, put the exact name of the action between action tags like: <action> action_name </action>.

Your thinking budget is 150 tokens. If you exceed this limit, you will be forced to provide an immediate answer.
Your overall generation limit is 200 tokens.
2026-01-24 18:31:18,456 - src.driver - INFO - GENERATED CONTENT: <action>  gracious endure dashing </action> 
 PARSED ACTION: gracious endure dashing
2026-01-24 18:31:18,456 - src.driver - INFO - You will be assigned a task. 
You will receive the actions you have available, followed by the action history. 
Your goal is to maximize the total reward across all 10 steps. We are on step 9. 

Task Assignment:
---
You are a farmer who owns 3 fields. Each action corresponds to planting your crop in a different field. Each field is associated with a Gaussian distribution with a fixed but unknown mean. At each time step, you will select a field and receive a reward drawn from the associated distribution. Your goal is to maximize your reward across all of your turns.
---

Available Actions:
---

- Field Name: gracious endure dashing - This action has been selected 7 time(s) for an observed mean of 75.26875417132734

- Field Name: grated poisoning incestuous - This action has been selected 1 time(s) for an observed mean of 28.80145980682573

- Field Name: clientele ratification character - This action has been selected 1 time(s) for an observed mean of 49.212672580684

---
When selecting an action, include only the name of the action. Do not include the dashes used to indicate the list here.

Please select an action from the list of action options in order to maximize the reward for your task.
When selecting an action, put the exact name of the action between action tags like: <action> action_name </action>.

Your thinking budget is 150 tokens. If you exceed this limit, you will be forced to provide an immediate answer.
Your overall generation limit is 200 tokens.
2026-01-24 18:31:34,034 - src.driver - INFO - GENERATED CONTENT: <action> gracious endure dashing</action> 
 PARSED ACTION: gracious endure dashing
2026-01-24 18:31:34,050 - src.driver - INFO - You will be assigned a task. 
You will receive the actions you have available, followed by the action history. 
Your goal is to maximize the total reward across all 10 steps. We are on step 0. 

Task Assignment:
---
You are a farmer who owns 3 fields. Each action corresponds to planting your crop in a different field. Each field is associated with a Gaussian distribution with a fixed but unknown mean. At each time step, you will select a field and receive a reward drawn from the associated distribution. Your goal is to maximize your reward across all of your turns.
---

Available Actions:
---

- Field Name: delirium indifference exaggerated - This action has been selected 0 time(s) for an observed mean of Unknown

- Field Name: clientele ratification character - This action has been selected 0 time(s) for an observed mean of Unknown

- Field Name: smile supremely immortal - This action has been selected 0 time(s) for an observed mean of Unknown

---
When selecting an action, include only the name of the action. Do not include the dashes used to indicate the list here.

Please select an action from the list of action options in order to maximize the reward for your task.
When selecting an action, put the exact name of the action between action tags like: <action> action_name </action>.

Your thinking budget is 150 tokens. If you exceed this limit, you will be forced to provide an immediate answer.
Your overall generation limit is 200 tokens.
2026-01-24 18:31:49,294 - src.driver - INFO - GENERATED CONTENT: <action>  delirium indifference exaggerated </action> 
 PARSED ACTION: delirium indifference exaggerated
2026-01-24 18:31:49,295 - src.driver - INFO - You will be assigned a task. 
You will receive the actions you have available, followed by the action history. 
Your goal is to maximize the total reward across all 10 steps. We are on step 1. 

Task Assignment:
---
You are a farmer who owns 3 fields. Each action corresponds to planting your crop in a different field. Each field is associated with a Gaussian distribution with a fixed but unknown mean. At each time step, you will select a field and receive a reward drawn from the associated distribution. Your goal is to maximize your reward across all of your turns.
---

Available Actions:
---

- Field Name: delirium indifference exaggerated - This action has been selected 1 time(s) for an observed mean of 25.50899762384971

- Field Name: clientele ratification character - This action has been selected 0 time(s) for an observed mean of Unknown

- Field Name: smile supremely immortal - This action has been selected 0 time(s) for an observed mean of Unknown

---
When selecting an action, include only the name of the action. Do not include the dashes used to indicate the list here.

Please select an action from the list of action options in order to maximize the reward for your task.
When selecting an action, put the exact name of the action between action tags like: <action> action_name </action>.

Your thinking budget is 150 tokens. If you exceed this limit, you will be forced to provide an immediate answer.
Your overall generation limit is 200 tokens.
2026-01-24 18:32:04,750 - src.driver - INFO - GENERATED CONTENT: <action> delirium indifference exaggerated</action> 
 PARSED ACTION: delirium indifference exaggerated
2026-01-24 18:32:04,750 - src.driver - INFO - You will be assigned a task. 
You will receive the actions you have available, followed by the action history. 
Your goal is to maximize the total reward across all 10 steps. We are on step 2. 

Task Assignment:
---
You are a farmer who owns 3 fields. Each action corresponds to planting your crop in a different field. Each field is associated with a Gaussian distribution with a fixed but unknown mean. At each time step, you will select a field and receive a reward drawn from the associated distribution. Your goal is to maximize your reward across all of your turns.
---

Available Actions:
---

- Field Name: delirium indifference exaggerated - This action has been selected 2 time(s) for an observed mean of 27.21026360295214

- Field Name: clientele ratification character - This action has been selected 0 time(s) for an observed mean of Unknown

- Field Name: smile supremely immortal - This action has been selected 0 time(s) for an observed mean of Unknown

---
When selecting an action, include only the name of the action. Do not include the dashes used to indicate the list here.

Please select an action from the list of action options in order to maximize the reward for your task.
When selecting an action, put the exact name of the action between action tags like: <action> action_name </action>.

Your thinking budget is 150 tokens. If you exceed this limit, you will be forced to provide an immediate answer.
Your overall generation limit is 200 tokens.
2026-01-24 18:32:20,166 - src.driver - INFO - GENERATED CONTENT: <action>  clientele ratification character </action> 
 PARSED ACTION: clientele ratification character
2026-01-24 18:32:20,167 - src.driver - INFO - You will be assigned a task. 
You will receive the actions you have available, followed by the action history. 
Your goal is to maximize the total reward across all 10 steps. We are on step 3. 

Task Assignment:
---
You are a farmer who owns 3 fields. Each action corresponds to planting your crop in a different field. Each field is associated with a Gaussian distribution with a fixed but unknown mean. At each time step, you will select a field and receive a reward drawn from the associated distribution. Your goal is to maximize your reward across all of your turns.
---

Available Actions:
---

- Field Name: delirium indifference exaggerated - This action has been selected 2 time(s) for an observed mean of 27.21026360295214

- Field Name: clientele ratification character - This action has been selected 1 time(s) for an observed mean of 50.38795501515143

- Field Name: smile supremely immortal - This action has been selected 0 time(s) for an observed mean of Unknown

---
When selecting an action, include only the name of the action. Do not include the dashes used to indicate the list here.

Please select an action from the list of action options in order to maximize the reward for your task.
When selecting an action, put the exact name of the action between action tags like: <action> action_name </action>.

Your thinking budget is 150 tokens. If you exceed this limit, you will be forced to provide an immediate answer.
Your overall generation limit is 200 tokens.
2026-01-24 18:32:35,631 - src.driver - INFO - GENERATED CONTENT: <action>  smile supremely immortal </action> 
 PARSED ACTION: smile supremely immortal
2026-01-24 18:32:35,631 - src.driver - INFO - You will be assigned a task. 
You will receive the actions you have available, followed by the action history. 
Your goal is to maximize the total reward across all 10 steps. We are on step 4. 

Task Assignment:
---
You are a farmer who owns 3 fields. Each action corresponds to planting your crop in a different field. Each field is associated with a Gaussian distribution with a fixed but unknown mean. At each time step, you will select a field and receive a reward drawn from the associated distribution. Your goal is to maximize your reward across all of your turns.
---

Available Actions:
---

- Field Name: delirium indifference exaggerated - This action has been selected 2 time(s) for an observed mean of 27.21026360295214

- Field Name: clientele ratification character - This action has been selected 1 time(s) for an observed mean of 50.38795501515143

- Field Name: smile supremely immortal - This action has been selected 1 time(s) for an observed mean of 80.11917335809044

---
When selecting an action, include only the name of the action. Do not include the dashes used to indicate the list here.

Please select an action from the list of action options in order to maximize the reward for your task.
When selecting an action, put the exact name of the action between action tags like: <action> action_name </action>.

Your thinking budget is 150 tokens. If you exceed this limit, you will be forced to provide an immediate answer.
Your overall generation limit is 200 tokens.
2026-01-24 18:32:51,139 - src.driver - INFO - GENERATED CONTENT: <action>  smile supremely immortal </action> 
 PARSED ACTION: smile supremely immortal
2026-01-24 18:32:51,140 - src.driver - INFO - You will be assigned a task. 
You will receive the actions you have available, followed by the action history. 
Your goal is to maximize the total reward across all 10 steps. We are on step 5. 

Task Assignment:
---
You are a farmer who owns 3 fields. Each action corresponds to planting your crop in a different field. Each field is associated with a Gaussian distribution with a fixed but unknown mean. At each time step, you will select a field and receive a reward drawn from the associated distribution. Your goal is to maximize your reward across all of your turns.
---

Available Actions:
---

- Field Name: delirium indifference exaggerated - This action has been selected 2 time(s) for an observed mean of 27.21026360295214

- Field Name: clientele ratification character - This action has been selected 1 time(s) for an observed mean of 50.38795501515143

- Field Name: smile supremely immortal - This action has been selected 2 time(s) for an observed mean of 75.14042698968856

---
When selecting an action, include only the name of the action. Do not include the dashes used to indicate the list here.

Please select an action from the list of action options in order to maximize the reward for your task.
When selecting an action, put the exact name of the action between action tags like: <action> action_name </action>.

Your thinking budget is 150 tokens. If you exceed this limit, you will be forced to provide an immediate answer.
Your overall generation limit is 200 tokens.
2026-01-24 18:33:06,634 - src.driver - INFO - GENERATED CONTENT: <action>  smile supremely immortal </action> 
 PARSED ACTION: smile supremely immortal
2026-01-24 18:33:06,635 - src.driver - INFO - You will be assigned a task. 
You will receive the actions you have available, followed by the action history. 
Your goal is to maximize the total reward across all 10 steps. We are on step 6. 

Task Assignment:
---
You are a farmer who owns 3 fields. Each action corresponds to planting your crop in a different field. Each field is associated with a Gaussian distribution with a fixed but unknown mean. At each time step, you will select a field and receive a reward drawn from the associated distribution. Your goal is to maximize your reward across all of your turns.
---

Available Actions:
---

- Field Name: delirium indifference exaggerated - This action has been selected 2 time(s) for an observed mean of 27.21026360295214

- Field Name: clientele ratification character - This action has been selected 1 time(s) for an observed mean of 50.38795501515143

- Field Name: smile supremely immortal - This action has been selected 3 time(s) for an observed mean of 76.1071659768656

---
When selecting an action, include only the name of the action. Do not include the dashes used to indicate the list here.

Please select an action from the list of action options in order to maximize the reward for your task.
When selecting an action, put the exact name of the action between action tags like: <action> action_name </action>.

Your thinking budget is 150 tokens. If you exceed this limit, you will be forced to provide an immediate answer.
Your overall generation limit is 200 tokens.
2026-01-24 18:33:22,135 - src.driver - INFO - GENERATED CONTENT: <action>  smile supremely immortal </action> 
 PARSED ACTION: smile supremely immortal
2026-01-24 18:33:22,136 - src.driver - INFO - You will be assigned a task. 
You will receive the actions you have available, followed by the action history. 
Your goal is to maximize the total reward across all 10 steps. We are on step 7. 

Task Assignment:
---
You are a farmer who owns 3 fields. Each action corresponds to planting your crop in a different field. Each field is associated with a Gaussian distribution with a fixed but unknown mean. At each time step, you will select a field and receive a reward drawn from the associated distribution. Your goal is to maximize your reward across all of your turns.
---

Available Actions:
---

- Field Name: delirium indifference exaggerated - This action has been selected 2 time(s) for an observed mean of 27.21026360295214

- Field Name: clientele ratification character - This action has been selected 1 time(s) for an observed mean of 50.38795501515143

- Field Name: smile supremely immortal - This action has been selected 4 time(s) for an observed mean of 79.38926041142948

---
When selecting an action, include only the name of the action. Do not include the dashes used to indicate the list here.

Please select an action from the list of action options in order to maximize the reward for your task.
When selecting an action, put the exact name of the action between action tags like: <action> action_name </action>.

Your thinking budget is 150 tokens. If you exceed this limit, you will be forced to provide an immediate answer.
Your overall generation limit is 200 tokens.
2026-01-24 18:33:37,639 - src.driver - INFO - GENERATED CONTENT: <action>  smile supremely immortal </action> 
 PARSED ACTION: smile supremely immortal
2026-01-24 18:33:37,640 - src.driver - INFO - You will be assigned a task. 
You will receive the actions you have available, followed by the action history. 
Your goal is to maximize the total reward across all 10 steps. We are on step 8. 

Task Assignment:
---
You are a farmer who owns 3 fields. Each action corresponds to planting your crop in a different field. Each field is associated with a Gaussian distribution with a fixed but unknown mean. At each time step, you will select a field and receive a reward drawn from the associated distribution. Your goal is to maximize your reward across all of your turns.
---

Available Actions:
---

- Field Name: delirium indifference exaggerated - This action has been selected 2 time(s) for an observed mean of 27.21026360295214

- Field Name: clientele ratification character - This action has been selected 1 time(s) for an observed mean of 50.38795501515143

- Field Name: smile supremely immortal - This action has been selected 5 time(s) for an observed mean of 77.79337230713126

---
When selecting an action, include only the name of the action. Do not include the dashes used to indicate the list here.

Please select an action from the list of action options in order to maximize the reward for your task.
When selecting an action, put the exact name of the action between action tags like: <action> action_name </action>.

Your thinking budget is 150 tokens. If you exceed this limit, you will be forced to provide an immediate answer.
Your overall generation limit is 200 tokens.
2026-01-24 18:33:53,190 - src.driver - INFO - GENERATED CONTENT: <action>  smile supremely immortal </action> 
 PARSED ACTION: smile supremely immortal
2026-01-24 18:33:53,191 - src.driver - INFO - You will be assigned a task. 
You will receive the actions you have available, followed by the action history. 
Your goal is to maximize the total reward across all 10 steps. We are on step 9. 

Task Assignment:
---
You are a farmer who owns 3 fields. Each action corresponds to planting your crop in a different field. Each field is associated with a Gaussian distribution with a fixed but unknown mean. At each time step, you will select a field and receive a reward drawn from the associated distribution. Your goal is to maximize your reward across all of your turns.
---

Available Actions:
---

- Field Name: delirium indifference exaggerated - This action has been selected 2 time(s) for an observed mean of 27.21026360295214

- Field Name: clientele ratification character - This action has been selected 1 time(s) for an observed mean of 50.38795501515143

- Field Name: smile supremely immortal - This action has been selected 6 time(s) for an observed mean of 78.11704688821122

---
When selecting an action, include only the name of the action. Do not include the dashes used to indicate the list here.

Please select an action from the list of action options in order to maximize the reward for your task.
When selecting an action, put the exact name of the action between action tags like: <action> action_name </action>.

Your thinking budget is 150 tokens. If you exceed this limit, you will be forced to provide an immediate answer.
Your overall generation limit is 200 tokens.
2026-01-24 18:34:08,803 - src.driver - INFO - GENERATED CONTENT: <action>  smile supremely immortal </action> 
 PARSED ACTION: smile supremely immortal
2026-01-24 18:34:08,818 - src.driver - INFO - You will be assigned a task. 
You will receive the actions you have available, followed by the action history. 
Your goal is to maximize the total reward across all 10 steps. We are on step 0. 

Task Assignment:
---
You are a farmer who owns 3 fields. Each action corresponds to planting your crop in a different field. Each field is associated with a Gaussian distribution with a fixed but unknown mean. At each time step, you will select a field and receive a reward drawn from the associated distribution. Your goal is to maximize your reward across all of your turns.
---

Available Actions:
---

- Field Name: emancipation dictionary granted - This action has been selected 0 time(s) for an observed mean of Unknown

- Field Name: deserving beeswax intercom - This action has been selected 0 time(s) for an observed mean of Unknown

- Field Name: delirium indifference exaggerated - This action has been selected 0 time(s) for an observed mean of Unknown

---
When selecting an action, include only the name of the action. Do not include the dashes used to indicate the list here.

Please select an action from the list of action options in order to maximize the reward for your task.
When selecting an action, put the exact name of the action between action tags like: <action> action_name </action>.

Your thinking budget is 150 tokens. If you exceed this limit, you will be forced to provide an immediate answer.
Your overall generation limit is 200 tokens.
2026-01-24 18:34:24,213 - src.driver - INFO - GENERATED CONTENT: <action>  emancipation dictionary granted </action> 
 PARSED ACTION: emancipation dictionary granted
2026-01-24 18:34:24,213 - src.driver - INFO - You will be assigned a task. 
You will receive the actions you have available, followed by the action history. 
Your goal is to maximize the total reward across all 10 steps. We are on step 1. 

Task Assignment:
---
You are a farmer who owns 3 fields. Each action corresponds to planting your crop in a different field. Each field is associated with a Gaussian distribution with a fixed but unknown mean. At each time step, you will select a field and receive a reward drawn from the associated distribution. Your goal is to maximize your reward across all of your turns.
---

Available Actions:
---

- Field Name: emancipation dictionary granted - This action has been selected 1 time(s) for an observed mean of 80.03376291122169

- Field Name: deserving beeswax intercom - This action has been selected 0 time(s) for an observed mean of Unknown

- Field Name: delirium indifference exaggerated - This action has been selected 0 time(s) for an observed mean of Unknown

---
When selecting an action, include only the name of the action. Do not include the dashes used to indicate the list here.

Please select an action from the list of action options in order to maximize the reward for your task.
When selecting an action, put the exact name of the action between action tags like: <action> action_name </action>.

Your thinking budget is 150 tokens. If you exceed this limit, you will be forced to provide an immediate answer.
Your overall generation limit is 200 tokens.
2026-01-24 18:34:39,761 - src.driver - INFO - GENERATED CONTENT: <action>  emancipation dictionary granted </action> 
 PARSED ACTION: emancipation dictionary granted
2026-01-24 18:34:39,762 - src.driver - INFO - You will be assigned a task. 
You will receive the actions you have available, followed by the action history. 
Your goal is to maximize the total reward across all 10 steps. We are on step 2. 

Task Assignment:
---
You are a farmer who owns 3 fields. Each action corresponds to planting your crop in a different field. Each field is associated with a Gaussian distribution with a fixed but unknown mean. At each time step, you will select a field and receive a reward drawn from the associated distribution. Your goal is to maximize your reward across all of your turns.
---

Available Actions:
---

- Field Name: emancipation dictionary granted - This action has been selected 2 time(s) for an observed mean of 80.13071189529032

- Field Name: deserving beeswax intercom - This action has been selected 0 time(s) for an observed mean of Unknown

- Field Name: delirium indifference exaggerated - This action has been selected 0 time(s) for an observed mean of Unknown

---
When selecting an action, include only the name of the action. Do not include the dashes used to indicate the list here.

Please select an action from the list of action options in order to maximize the reward for your task.
When selecting an action, put the exact name of the action between action tags like: <action> action_name </action>.

Your thinking budget is 150 tokens. If you exceed this limit, you will be forced to provide an immediate answer.
Your overall generation limit is 200 tokens.
2026-01-24 18:34:55,469 - src.driver - INFO - GENERATED CONTENT: <action> delirium indifference exaggerated</action> 
 PARSED ACTION: delirium indifference exaggerated
2026-01-24 18:34:55,470 - src.driver - INFO - You will be assigned a task. 
You will receive the actions you have available, followed by the action history. 
Your goal is to maximize the total reward across all 10 steps. We are on step 3. 

Task Assignment:
---
You are a farmer who owns 3 fields. Each action corresponds to planting your crop in a different field. Each field is associated with a Gaussian distribution with a fixed but unknown mean. At each time step, you will select a field and receive a reward drawn from the associated distribution. Your goal is to maximize your reward across all of your turns.
---

Available Actions:
---

- Field Name: emancipation dictionary granted - This action has been selected 2 time(s) for an observed mean of 80.13071189529032

- Field Name: deserving beeswax intercom - This action has been selected 0 time(s) for an observed mean of Unknown

- Field Name: delirium indifference exaggerated - This action has been selected 1 time(s) for an observed mean of 11.949046738719616

---
When selecting an action, include only the name of the action. Do not include the dashes used to indicate the list here.

Please select an action from the list of action options in order to maximize the reward for your task.
When selecting an action, put the exact name of the action between action tags like: <action> action_name </action>.

Your thinking budget is 150 tokens. If you exceed this limit, you will be forced to provide an immediate answer.
Your overall generation limit is 200 tokens.
2026-01-24 18:35:11,084 - src.driver - INFO - GENERATED CONTENT: <action>  emancipation dictionary granted </action> 
 PARSED ACTION: emancipation dictionary granted
2026-01-24 18:35:11,085 - src.driver - INFO - You will be assigned a task. 
You will receive the actions you have available, followed by the action history. 
Your goal is to maximize the total reward across all 10 steps. We are on step 4. 

Task Assignment:
---
You are a farmer who owns 3 fields. Each action corresponds to planting your crop in a different field. Each field is associated with a Gaussian distribution with a fixed but unknown mean. At each time step, you will select a field and receive a reward drawn from the associated distribution. Your goal is to maximize your reward across all of your turns.
---

Available Actions:
---

- Field Name: emancipation dictionary granted - This action has been selected 3 time(s) for an observed mean of 78.1690800119917

- Field Name: deserving beeswax intercom - This action has been selected 0 time(s) for an observed mean of Unknown

- Field Name: delirium indifference exaggerated - This action has been selected 1 time(s) for an observed mean of 11.949046738719616

---
When selecting an action, include only the name of the action. Do not include the dashes used to indicate the list here.

Please select an action from the list of action options in order to maximize the reward for your task.
When selecting an action, put the exact name of the action between action tags like: <action> action_name </action>.

Your thinking budget is 150 tokens. If you exceed this limit, you will be forced to provide an immediate answer.
Your overall generation limit is 200 tokens.
2026-01-24 18:35:26,766 - src.driver - INFO - GENERATED CONTENT: <action>  emancipation dictionary granted </action> 
 PARSED ACTION: emancipation dictionary granted
2026-01-24 18:35:26,767 - src.driver - INFO - You will be assigned a task. 
You will receive the actions you have available, followed by the action history. 
Your goal is to maximize the total reward across all 10 steps. We are on step 5. 

Task Assignment:
---
You are a farmer who owns 3 fields. Each action corresponds to planting your crop in a different field. Each field is associated with a Gaussian distribution with a fixed but unknown mean. At each time step, you will select a field and receive a reward drawn from the associated distribution. Your goal is to maximize your reward across all of your turns.
---

Available Actions:
---

- Field Name: emancipation dictionary granted - This action has been selected 4 time(s) for an observed mean of 76.281706720356

- Field Name: deserving beeswax intercom - This action has been selected 0 time(s) for an observed mean of Unknown

- Field Name: delirium indifference exaggerated - This action has been selected 1 time(s) for an observed mean of 11.949046738719616

---
When selecting an action, include only the name of the action. Do not include the dashes used to indicate the list here.

Please select an action from the list of action options in order to maximize the reward for your task.
When selecting an action, put the exact name of the action between action tags like: <action> action_name </action>.

Your thinking budget is 150 tokens. If you exceed this limit, you will be forced to provide an immediate answer.
Your overall generation limit is 200 tokens.
2026-01-24 18:35:42,248 - src.driver - INFO - GENERATED CONTENT: <action>  emancipation dictionary granted </action> 
 PARSED ACTION: emancipation dictionary granted
2026-01-24 18:35:42,249 - src.driver - INFO - You will be assigned a task. 
You will receive the actions you have available, followed by the action history. 
Your goal is to maximize the total reward across all 10 steps. We are on step 6. 

Task Assignment:
---
You are a farmer who owns 3 fields. Each action corresponds to planting your crop in a different field. Each field is associated with a Gaussian distribution with a fixed but unknown mean. At each time step, you will select a field and receive a reward drawn from the associated distribution. Your goal is to maximize your reward across all of your turns.
---

Available Actions:
---

- Field Name: emancipation dictionary granted - This action has been selected 5 time(s) for an observed mean of 77.61185562386389

- Field Name: deserving beeswax intercom - This action has been selected 0 time(s) for an observed mean of Unknown

- Field Name: delirium indifference exaggerated - This action has been selected 1 time(s) for an observed mean of 11.949046738719616

---
When selecting an action, include only the name of the action. Do not include the dashes used to indicate the list here.

Please select an action from the list of action options in order to maximize the reward for your task.
When selecting an action, put the exact name of the action between action tags like: <action> action_name </action>.

Your thinking budget is 150 tokens. If you exceed this limit, you will be forced to provide an immediate answer.
Your overall generation limit is 200 tokens.
2026-01-24 18:35:57,743 - src.driver - INFO - GENERATED CONTENT: <action>  emancipation dictionary granted </action> 
 PARSED ACTION: emancipation dictionary granted
2026-01-24 18:35:57,744 - src.driver - INFO - You will be assigned a task. 
You will receive the actions you have available, followed by the action history. 
Your goal is to maximize the total reward across all 10 steps. We are on step 7. 

Task Assignment:
---
You are a farmer who owns 3 fields. Each action corresponds to planting your crop in a different field. Each field is associated with a Gaussian distribution with a fixed but unknown mean. At each time step, you will select a field and receive a reward drawn from the associated distribution. Your goal is to maximize your reward across all of your turns.
---

Available Actions:
---

- Field Name: emancipation dictionary granted - This action has been selected 6 time(s) for an observed mean of 77.25551404317872

- Field Name: deserving beeswax intercom - This action has been selected 0 time(s) for an observed mean of Unknown

- Field Name: delirium indifference exaggerated - This action has been selected 1 time(s) for an observed mean of 11.949046738719616

---
When selecting an action, include only the name of the action. Do not include the dashes used to indicate the list here.

Please select an action from the list of action options in order to maximize the reward for your task.
When selecting an action, put the exact name of the action between action tags like: <action> action_name </action>.

Your thinking budget is 150 tokens. If you exceed this limit, you will be forced to provide an immediate answer.
Your overall generation limit is 200 tokens.
2026-01-24 18:36:13,214 - src.driver - INFO - GENERATED CONTENT: <action>  emancipation dictionary granted </action> 
 PARSED ACTION: emancipation dictionary granted
2026-01-24 18:36:13,215 - src.driver - INFO - You will be assigned a task. 
You will receive the actions you have available, followed by the action history. 
Your goal is to maximize the total reward across all 10 steps. We are on step 8. 

Task Assignment:
---
You are a farmer who owns 3 fields. Each action corresponds to planting your crop in a different field. Each field is associated with a Gaussian distribution with a fixed but unknown mean. At each time step, you will select a field and receive a reward drawn from the associated distribution. Your goal is to maximize your reward across all of your turns.
---

Available Actions:
---

- Field Name: emancipation dictionary granted - This action has been selected 7 time(s) for an observed mean of 75.87190694405199

- Field Name: deserving beeswax intercom - This action has been selected 0 time(s) for an observed mean of Unknown

- Field Name: delirium indifference exaggerated - This action has been selected 1 time(s) for an observed mean of 11.949046738719616

---
When selecting an action, include only the name of the action. Do not include the dashes used to indicate the list here.

Please select an action from the list of action options in order to maximize the reward for your task.
When selecting an action, put the exact name of the action between action tags like: <action> action_name </action>.

Your thinking budget is 150 tokens. If you exceed this limit, you will be forced to provide an immediate answer.
Your overall generation limit is 200 tokens.
2026-01-24 18:36:28,697 - src.driver - INFO - GENERATED CONTENT: <action>  emancipation dictionary granted </action> 
 PARSED ACTION: emancipation dictionary granted
2026-01-24 18:36:28,697 - src.driver - INFO - You will be assigned a task. 
You will receive the actions you have available, followed by the action history. 
Your goal is to maximize the total reward across all 10 steps. We are on step 9. 

Task Assignment:
---
You are a farmer who owns 3 fields. Each action corresponds to planting your crop in a different field. Each field is associated with a Gaussian distribution with a fixed but unknown mean. At each time step, you will select a field and receive a reward drawn from the associated distribution. Your goal is to maximize your reward across all of your turns.
---

Available Actions:
---

- Field Name: emancipation dictionary granted - This action has been selected 8 time(s) for an observed mean of 75.93330105795255

- Field Name: deserving beeswax intercom - This action has been selected 0 time(s) for an observed mean of Unknown

- Field Name: delirium indifference exaggerated - This action has been selected 1 time(s) for an observed mean of 11.949046738719616

---
When selecting an action, include only the name of the action. Do not include the dashes used to indicate the list here.

Please select an action from the list of action options in order to maximize the reward for your task.
When selecting an action, put the exact name of the action between action tags like: <action> action_name </action>.

Your thinking budget is 150 tokens. If you exceed this limit, you will be forced to provide an immediate answer.
Your overall generation limit is 200 tokens.
2026-01-24 18:36:44,190 - src.driver - INFO - GENERATED CONTENT: <action>  emancipation dictionary granted </action> 
 PARSED ACTION: emancipation dictionary granted
