2026-01-20 22:08:17,658 - src.driver - INFO - You will be assigned a task. 
You will receive the actions you have available, followed by the action history. 
Your goal is to maximize the total reward across all 10 steps. We are on step 0. 

Task Assignment:
---
You are faced with a 3-armed bandit problem.  Each action corresponds to pulling a specific arm. Each arm is associated with a Gaussian distribution with a fixed but unknown mean. At each time step, you will select a field and receive a reward drawn from the associated distribution. Your goal is to select which arm to pull in order to maximize your reward across all of your turns.
---

Available Actions:
---

- Arm Name: fourth germinate attain - This action has been selected 0 time(s) for an observed mean of Unknown

- Arm Name: composed dignified adapt - This action has been selected 0 time(s) for an observed mean of Unknown

- Arm Name: delirium indifference exaggerated - This action has been selected 0 time(s) for an observed mean of Unknown

---
When selecting an action, include only the name of the action. Do not include the dashes used to indicate the list here.

Please select an action from the list of action options in order to maximize the reward for your task.
When selecting an action, put the exact name of the action between action tags like: <action> action_name </action>.

Your thinking budget is 150 tokens. If you exceed this limit, you will be forced to provide an immediate answer.
Your overall generation limit is 200 tokens.
2026-01-20 22:08:33,412 - src.driver - INFO - GENERATED CONTENT: <action>  fourth germinate attain </action> 
 PARSED ACTION: fourth germinate attain
2026-01-20 22:08:33,412 - src.driver - INFO - You will be assigned a task. 
You will receive the actions you have available, followed by the action history. 
Your goal is to maximize the total reward across all 10 steps. We are on step 1. 

Task Assignment:
---
You are faced with a 3-armed bandit problem.  Each action corresponds to pulling a specific arm. Each arm is associated with a Gaussian distribution with a fixed but unknown mean. At each time step, you will select a field and receive a reward drawn from the associated distribution. Your goal is to select which arm to pull in order to maximize your reward across all of your turns.
---

Available Actions:
---

- Arm Name: fourth germinate attain - This action has been selected 1 time(s) for an observed mean of -50.0

- Arm Name: composed dignified adapt - This action has been selected 0 time(s) for an observed mean of Unknown

- Arm Name: delirium indifference exaggerated - This action has been selected 0 time(s) for an observed mean of Unknown

---
When selecting an action, include only the name of the action. Do not include the dashes used to indicate the list here.

Please select an action from the list of action options in order to maximize the reward for your task.
When selecting an action, put the exact name of the action between action tags like: <action> action_name </action>.

Your thinking budget is 150 tokens. If you exceed this limit, you will be forced to provide an immediate answer.
Your overall generation limit is 200 tokens.
2026-01-20 22:08:48,679 - src.driver - INFO - GENERATED CONTENT: <action>  composed dignified adapt </action> 
 PARSED ACTION: composed dignified adapt
2026-01-20 22:08:48,679 - src.driver - INFO - You will be assigned a task. 
You will receive the actions you have available, followed by the action history. 
Your goal is to maximize the total reward across all 10 steps. We are on step 2. 

Task Assignment:
---
You are faced with a 3-armed bandit problem.  Each action corresponds to pulling a specific arm. Each arm is associated with a Gaussian distribution with a fixed but unknown mean. At each time step, you will select a field and receive a reward drawn from the associated distribution. Your goal is to select which arm to pull in order to maximize your reward across all of your turns.
---

Available Actions:
---

- Arm Name: fourth germinate attain - This action has been selected 1 time(s) for an observed mean of -50.0

- Arm Name: composed dignified adapt - This action has been selected 1 time(s) for an observed mean of -75.0

- Arm Name: delirium indifference exaggerated - This action has been selected 0 time(s) for an observed mean of Unknown

---
When selecting an action, include only the name of the action. Do not include the dashes used to indicate the list here.

Please select an action from the list of action options in order to maximize the reward for your task.
When selecting an action, put the exact name of the action between action tags like: <action> action_name </action>.

Your thinking budget is 150 tokens. If you exceed this limit, you will be forced to provide an immediate answer.
Your overall generation limit is 200 tokens.
2026-01-20 22:09:04,047 - src.driver - INFO - GENERATED CONTENT: <action>  delirium indifference exaggerated </action> 
 PARSED ACTION: delirium indifference exaggerated
2026-01-20 22:09:04,048 - src.driver - INFO - You will be assigned a task. 
You will receive the actions you have available, followed by the action history. 
Your goal is to maximize the total reward across all 10 steps. We are on step 3. 

Task Assignment:
---
You are faced with a 3-armed bandit problem.  Each action corresponds to pulling a specific arm. Each arm is associated with a Gaussian distribution with a fixed but unknown mean. At each time step, you will select a field and receive a reward drawn from the associated distribution. Your goal is to select which arm to pull in order to maximize your reward across all of your turns.
---

Available Actions:
---

- Arm Name: fourth germinate attain - This action has been selected 1 time(s) for an observed mean of -50.0

- Arm Name: composed dignified adapt - This action has been selected 1 time(s) for an observed mean of -75.0

- Arm Name: delirium indifference exaggerated - This action has been selected 1 time(s) for an observed mean of -25.0

---
When selecting an action, include only the name of the action. Do not include the dashes used to indicate the list here.

Please select an action from the list of action options in order to maximize the reward for your task.
When selecting an action, put the exact name of the action between action tags like: <action> action_name </action>.

Your thinking budget is 150 tokens. If you exceed this limit, you will be forced to provide an immediate answer.
Your overall generation limit is 200 tokens.
2026-01-20 22:09:19,429 - src.driver - INFO - GENERATED CONTENT: <action>  delirium indifference exaggerated </action> 
 PARSED ACTION: delirium indifference exaggerated
2026-01-20 22:09:19,430 - src.driver - INFO - You will be assigned a task. 
You will receive the actions you have available, followed by the action history. 
Your goal is to maximize the total reward across all 10 steps. We are on step 4. 

Task Assignment:
---
You are faced with a 3-armed bandit problem.  Each action corresponds to pulling a specific arm. Each arm is associated with a Gaussian distribution with a fixed but unknown mean. At each time step, you will select a field and receive a reward drawn from the associated distribution. Your goal is to select which arm to pull in order to maximize your reward across all of your turns.
---

Available Actions:
---

- Arm Name: fourth germinate attain - This action has been selected 1 time(s) for an observed mean of -50.0

- Arm Name: composed dignified adapt - This action has been selected 1 time(s) for an observed mean of -75.0

- Arm Name: delirium indifference exaggerated - This action has been selected 2 time(s) for an observed mean of -25.0

---
When selecting an action, include only the name of the action. Do not include the dashes used to indicate the list here.

Please select an action from the list of action options in order to maximize the reward for your task.
When selecting an action, put the exact name of the action between action tags like: <action> action_name </action>.

Your thinking budget is 150 tokens. If you exceed this limit, you will be forced to provide an immediate answer.
Your overall generation limit is 200 tokens.
2026-01-20 22:09:34,725 - src.driver - INFO - GENERATED CONTENT: <action>  delirium indifference exaggerated </action> 
 PARSED ACTION: delirium indifference exaggerated
2026-01-20 22:09:34,726 - src.driver - INFO - You will be assigned a task. 
You will receive the actions you have available, followed by the action history. 
Your goal is to maximize the total reward across all 10 steps. We are on step 5. 

Task Assignment:
---
You are faced with a 3-armed bandit problem.  Each action corresponds to pulling a specific arm. Each arm is associated with a Gaussian distribution with a fixed but unknown mean. At each time step, you will select a field and receive a reward drawn from the associated distribution. Your goal is to select which arm to pull in order to maximize your reward across all of your turns.
---

Available Actions:
---

- Arm Name: fourth germinate attain - This action has been selected 1 time(s) for an observed mean of -50.0

- Arm Name: composed dignified adapt - This action has been selected 1 time(s) for an observed mean of -75.0

- Arm Name: delirium indifference exaggerated - This action has been selected 3 time(s) for an observed mean of -25.0

---
When selecting an action, include only the name of the action. Do not include the dashes used to indicate the list here.

Please select an action from the list of action options in order to maximize the reward for your task.
When selecting an action, put the exact name of the action between action tags like: <action> action_name </action>.

Your thinking budget is 150 tokens. If you exceed this limit, you will be forced to provide an immediate answer.
Your overall generation limit is 200 tokens.
2026-01-20 22:09:50,005 - src.driver - INFO - GENERATED CONTENT: <action>  delirium indifference exaggerated </action> 
 PARSED ACTION: delirium indifference exaggerated
2026-01-20 22:09:50,006 - src.driver - INFO - You will be assigned a task. 
You will receive the actions you have available, followed by the action history. 
Your goal is to maximize the total reward across all 10 steps. We are on step 6. 

Task Assignment:
---
You are faced with a 3-armed bandit problem.  Each action corresponds to pulling a specific arm. Each arm is associated with a Gaussian distribution with a fixed but unknown mean. At each time step, you will select a field and receive a reward drawn from the associated distribution. Your goal is to select which arm to pull in order to maximize your reward across all of your turns.
---

Available Actions:
---

- Arm Name: fourth germinate attain - This action has been selected 1 time(s) for an observed mean of -50.0

- Arm Name: composed dignified adapt - This action has been selected 1 time(s) for an observed mean of -75.0

- Arm Name: delirium indifference exaggerated - This action has been selected 4 time(s) for an observed mean of -25.0

---
When selecting an action, include only the name of the action. Do not include the dashes used to indicate the list here.

Please select an action from the list of action options in order to maximize the reward for your task.
When selecting an action, put the exact name of the action between action tags like: <action> action_name </action>.

Your thinking budget is 150 tokens. If you exceed this limit, you will be forced to provide an immediate answer.
Your overall generation limit is 200 tokens.
2026-01-20 22:10:05,282 - src.driver - INFO - GENERATED CONTENT: <action>  delirium indifference exaggerated </action> 
 PARSED ACTION: delirium indifference exaggerated
2026-01-20 22:10:05,282 - src.driver - INFO - You will be assigned a task. 
You will receive the actions you have available, followed by the action history. 
Your goal is to maximize the total reward across all 10 steps. We are on step 7. 

Task Assignment:
---
You are faced with a 3-armed bandit problem.  Each action corresponds to pulling a specific arm. Each arm is associated with a Gaussian distribution with a fixed but unknown mean. At each time step, you will select a field and receive a reward drawn from the associated distribution. Your goal is to select which arm to pull in order to maximize your reward across all of your turns.
---

Available Actions:
---

- Arm Name: fourth germinate attain - This action has been selected 1 time(s) for an observed mean of -50.0

- Arm Name: composed dignified adapt - This action has been selected 1 time(s) for an observed mean of -75.0

- Arm Name: delirium indifference exaggerated - This action has been selected 5 time(s) for an observed mean of -25.0

---
When selecting an action, include only the name of the action. Do not include the dashes used to indicate the list here.

Please select an action from the list of action options in order to maximize the reward for your task.
When selecting an action, put the exact name of the action between action tags like: <action> action_name </action>.

Your thinking budget is 150 tokens. If you exceed this limit, you will be forced to provide an immediate answer.
Your overall generation limit is 200 tokens.
2026-01-20 22:10:20,568 - src.driver - INFO - GENERATED CONTENT: <action>  delirium indifference exaggerated </action> 
 PARSED ACTION: delirium indifference exaggerated
2026-01-20 22:10:20,568 - src.driver - INFO - You will be assigned a task. 
You will receive the actions you have available, followed by the action history. 
Your goal is to maximize the total reward across all 10 steps. We are on step 8. 

Task Assignment:
---
You are faced with a 3-armed bandit problem.  Each action corresponds to pulling a specific arm. Each arm is associated with a Gaussian distribution with a fixed but unknown mean. At each time step, you will select a field and receive a reward drawn from the associated distribution. Your goal is to select which arm to pull in order to maximize your reward across all of your turns.
---

Available Actions:
---

- Arm Name: fourth germinate attain - This action has been selected 1 time(s) for an observed mean of -50.0

- Arm Name: composed dignified adapt - This action has been selected 1 time(s) for an observed mean of -75.0

- Arm Name: delirium indifference exaggerated - This action has been selected 6 time(s) for an observed mean of -25.0

---
When selecting an action, include only the name of the action. Do not include the dashes used to indicate the list here.

Please select an action from the list of action options in order to maximize the reward for your task.
When selecting an action, put the exact name of the action between action tags like: <action> action_name </action>.

Your thinking budget is 150 tokens. If you exceed this limit, you will be forced to provide an immediate answer.
Your overall generation limit is 200 tokens.
2026-01-20 22:10:35,832 - src.driver - INFO - GENERATED CONTENT: <action>  delirium indifference exaggerated </action> 
 PARSED ACTION: delirium indifference exaggerated
2026-01-20 22:10:35,833 - src.driver - INFO - You will be assigned a task. 
You will receive the actions you have available, followed by the action history. 
Your goal is to maximize the total reward across all 10 steps. We are on step 9. 

Task Assignment:
---
You are faced with a 3-armed bandit problem.  Each action corresponds to pulling a specific arm. Each arm is associated with a Gaussian distribution with a fixed but unknown mean. At each time step, you will select a field and receive a reward drawn from the associated distribution. Your goal is to select which arm to pull in order to maximize your reward across all of your turns.
---

Available Actions:
---

- Arm Name: fourth germinate attain - This action has been selected 1 time(s) for an observed mean of -50.0

- Arm Name: composed dignified adapt - This action has been selected 1 time(s) for an observed mean of -75.0

- Arm Name: delirium indifference exaggerated - This action has been selected 7 time(s) for an observed mean of -25.0

---
When selecting an action, include only the name of the action. Do not include the dashes used to indicate the list here.

Please select an action from the list of action options in order to maximize the reward for your task.
When selecting an action, put the exact name of the action between action tags like: <action> action_name </action>.

Your thinking budget is 150 tokens. If you exceed this limit, you will be forced to provide an immediate answer.
Your overall generation limit is 200 tokens.
2026-01-20 22:10:51,104 - src.driver - INFO - GENERATED CONTENT: <action>  delirium indifference exaggerated </action> 
 PARSED ACTION: delirium indifference exaggerated
2026-01-20 22:10:51,120 - src.driver - INFO - You will be assigned a task. 
You will receive the actions you have available, followed by the action history. 
Your goal is to maximize the total reward across all 10 steps. We are on step 0. 

Task Assignment:
---
You are faced with a 3-armed bandit problem.  Each action corresponds to pulling a specific arm. Each arm is associated with a Gaussian distribution with a fixed but unknown mean. At each time step, you will select a field and receive a reward drawn from the associated distribution. Your goal is to select which arm to pull in order to maximize your reward across all of your turns.
---

Available Actions:
---

- Arm Name: unconscious incrimination withered - This action has been selected 0 time(s) for an observed mean of Unknown

- Arm Name: primed lapel hue - This action has been selected 0 time(s) for an observed mean of Unknown

- Arm Name: special heyday perceptible - This action has been selected 0 time(s) for an observed mean of Unknown

---
When selecting an action, include only the name of the action. Do not include the dashes used to indicate the list here.

Please select an action from the list of action options in order to maximize the reward for your task.
When selecting an action, put the exact name of the action between action tags like: <action> action_name </action>.

Your thinking budget is 150 tokens. If you exceed this limit, you will be forced to provide an immediate answer.
Your overall generation limit is 200 tokens.
2026-01-20 22:11:06,449 - src.driver - INFO - GENERATED CONTENT: <action>  unconscious incrimination withered </action> 
 PARSED ACTION: unconscious incrimination withered
2026-01-20 22:11:06,450 - src.driver - INFO - You will be assigned a task. 
You will receive the actions you have available, followed by the action history. 
Your goal is to maximize the total reward across all 10 steps. We are on step 1. 

Task Assignment:
---
You are faced with a 3-armed bandit problem.  Each action corresponds to pulling a specific arm. Each arm is associated with a Gaussian distribution with a fixed but unknown mean. At each time step, you will select a field and receive a reward drawn from the associated distribution. Your goal is to select which arm to pull in order to maximize your reward across all of your turns.
---

Available Actions:
---

- Arm Name: unconscious incrimination withered - This action has been selected 1 time(s) for an observed mean of -25.0

- Arm Name: primed lapel hue - This action has been selected 0 time(s) for an observed mean of Unknown

- Arm Name: special heyday perceptible - This action has been selected 0 time(s) for an observed mean of Unknown

---
When selecting an action, include only the name of the action. Do not include the dashes used to indicate the list here.

Please select an action from the list of action options in order to maximize the reward for your task.
When selecting an action, put the exact name of the action between action tags like: <action> action_name </action>.

Your thinking budget is 150 tokens. If you exceed this limit, you will be forced to provide an immediate answer.
Your overall generation limit is 200 tokens.
2026-01-20 22:11:21,770 - src.driver - INFO - GENERATED CONTENT: <action>  primed lapel hue </action> 
 PARSED ACTION: primed lapel hue
2026-01-20 22:11:21,771 - src.driver - INFO - You will be assigned a task. 
You will receive the actions you have available, followed by the action history. 
Your goal is to maximize the total reward across all 10 steps. We are on step 2. 

Task Assignment:
---
You are faced with a 3-armed bandit problem.  Each action corresponds to pulling a specific arm. Each arm is associated with a Gaussian distribution with a fixed but unknown mean. At each time step, you will select a field and receive a reward drawn from the associated distribution. Your goal is to select which arm to pull in order to maximize your reward across all of your turns.
---

Available Actions:
---

- Arm Name: unconscious incrimination withered - This action has been selected 1 time(s) for an observed mean of -25.0

- Arm Name: primed lapel hue - This action has been selected 1 time(s) for an observed mean of -50.0

- Arm Name: special heyday perceptible - This action has been selected 0 time(s) for an observed mean of Unknown

---
When selecting an action, include only the name of the action. Do not include the dashes used to indicate the list here.

Please select an action from the list of action options in order to maximize the reward for your task.
When selecting an action, put the exact name of the action between action tags like: <action> action_name </action>.

Your thinking budget is 150 tokens. If you exceed this limit, you will be forced to provide an immediate answer.
Your overall generation limit is 200 tokens.
2026-01-20 22:11:37,065 - src.driver - INFO - GENERATED CONTENT: <action>  special heyday perceptible </action> 
 PARSED ACTION: special heyday perceptible
2026-01-20 22:11:37,065 - src.driver - INFO - You will be assigned a task. 
You will receive the actions you have available, followed by the action history. 
Your goal is to maximize the total reward across all 10 steps. We are on step 3. 

Task Assignment:
---
You are faced with a 3-armed bandit problem.  Each action corresponds to pulling a specific arm. Each arm is associated with a Gaussian distribution with a fixed but unknown mean. At each time step, you will select a field and receive a reward drawn from the associated distribution. Your goal is to select which arm to pull in order to maximize your reward across all of your turns.
---

Available Actions:
---

- Arm Name: unconscious incrimination withered - This action has been selected 1 time(s) for an observed mean of -25.0

- Arm Name: primed lapel hue - This action has been selected 1 time(s) for an observed mean of -50.0

- Arm Name: special heyday perceptible - This action has been selected 1 time(s) for an observed mean of -75.0

---
When selecting an action, include only the name of the action. Do not include the dashes used to indicate the list here.

Please select an action from the list of action options in order to maximize the reward for your task.
When selecting an action, put the exact name of the action between action tags like: <action> action_name </action>.

Your thinking budget is 150 tokens. If you exceed this limit, you will be forced to provide an immediate answer.
Your overall generation limit is 200 tokens.
2026-01-20 22:11:52,506 - src.driver - INFO - GENERATED CONTENT: <action>  unconscious incrimination withered </action> 
 PARSED ACTION: unconscious incrimination withered
2026-01-20 22:11:52,507 - src.driver - INFO - You will be assigned a task. 
You will receive the actions you have available, followed by the action history. 
Your goal is to maximize the total reward across all 10 steps. We are on step 4. 

Task Assignment:
---
You are faced with a 3-armed bandit problem.  Each action corresponds to pulling a specific arm. Each arm is associated with a Gaussian distribution with a fixed but unknown mean. At each time step, you will select a field and receive a reward drawn from the associated distribution. Your goal is to select which arm to pull in order to maximize your reward across all of your turns.
---

Available Actions:
---

- Arm Name: unconscious incrimination withered - This action has been selected 2 time(s) for an observed mean of -25.0

- Arm Name: primed lapel hue - This action has been selected 1 time(s) for an observed mean of -50.0

- Arm Name: special heyday perceptible - This action has been selected 1 time(s) for an observed mean of -75.0

---
When selecting an action, include only the name of the action. Do not include the dashes used to indicate the list here.

Please select an action from the list of action options in order to maximize the reward for your task.
When selecting an action, put the exact name of the action between action tags like: <action> action_name </action>.

Your thinking budget is 150 tokens. If you exceed this limit, you will be forced to provide an immediate answer.
Your overall generation limit is 200 tokens.
2026-01-20 22:12:07,930 - src.driver - INFO - GENERATED CONTENT: <action>  unconscious incrimination withered </action> 
 PARSED ACTION: unconscious incrimination withered
2026-01-20 22:12:07,930 - src.driver - INFO - You will be assigned a task. 
You will receive the actions you have available, followed by the action history. 
Your goal is to maximize the total reward across all 10 steps. We are on step 5. 

Task Assignment:
---
You are faced with a 3-armed bandit problem.  Each action corresponds to pulling a specific arm. Each arm is associated with a Gaussian distribution with a fixed but unknown mean. At each time step, you will select a field and receive a reward drawn from the associated distribution. Your goal is to select which arm to pull in order to maximize your reward across all of your turns.
---

Available Actions:
---

- Arm Name: unconscious incrimination withered - This action has been selected 3 time(s) for an observed mean of -25.0

- Arm Name: primed lapel hue - This action has been selected 1 time(s) for an observed mean of -50.0

- Arm Name: special heyday perceptible - This action has been selected 1 time(s) for an observed mean of -75.0

---
When selecting an action, include only the name of the action. Do not include the dashes used to indicate the list here.

Please select an action from the list of action options in order to maximize the reward for your task.
When selecting an action, put the exact name of the action between action tags like: <action> action_name </action>.

Your thinking budget is 150 tokens. If you exceed this limit, you will be forced to provide an immediate answer.
Your overall generation limit is 200 tokens.
2026-01-20 22:12:23,386 - src.driver - INFO - GENERATED CONTENT: <action>  unconscious incrimination withered </action> 
 PARSED ACTION: unconscious incrimination withered
2026-01-20 22:12:23,386 - src.driver - INFO - You will be assigned a task. 
You will receive the actions you have available, followed by the action history. 
Your goal is to maximize the total reward across all 10 steps. We are on step 6. 

Task Assignment:
---
You are faced with a 3-armed bandit problem.  Each action corresponds to pulling a specific arm. Each arm is associated with a Gaussian distribution with a fixed but unknown mean. At each time step, you will select a field and receive a reward drawn from the associated distribution. Your goal is to select which arm to pull in order to maximize your reward across all of your turns.
---

Available Actions:
---

- Arm Name: unconscious incrimination withered - This action has been selected 4 time(s) for an observed mean of -25.0

- Arm Name: primed lapel hue - This action has been selected 1 time(s) for an observed mean of -50.0

- Arm Name: special heyday perceptible - This action has been selected 1 time(s) for an observed mean of -75.0

---
When selecting an action, include only the name of the action. Do not include the dashes used to indicate the list here.

Please select an action from the list of action options in order to maximize the reward for your task.
When selecting an action, put the exact name of the action between action tags like: <action> action_name </action>.

Your thinking budget is 150 tokens. If you exceed this limit, you will be forced to provide an immediate answer.
Your overall generation limit is 200 tokens.
2026-01-20 22:12:38,816 - src.driver - INFO - GENERATED CONTENT: <action>  unconscious incrimination withered </action> 
 PARSED ACTION: unconscious incrimination withered
2026-01-20 22:12:38,817 - src.driver - INFO - You will be assigned a task. 
You will receive the actions you have available, followed by the action history. 
Your goal is to maximize the total reward across all 10 steps. We are on step 7. 

Task Assignment:
---
You are faced with a 3-armed bandit problem.  Each action corresponds to pulling a specific arm. Each arm is associated with a Gaussian distribution with a fixed but unknown mean. At each time step, you will select a field and receive a reward drawn from the associated distribution. Your goal is to select which arm to pull in order to maximize your reward across all of your turns.
---

Available Actions:
---

- Arm Name: unconscious incrimination withered - This action has been selected 5 time(s) for an observed mean of -25.0

- Arm Name: primed lapel hue - This action has been selected 1 time(s) for an observed mean of -50.0

- Arm Name: special heyday perceptible - This action has been selected 1 time(s) for an observed mean of -75.0

---
When selecting an action, include only the name of the action. Do not include the dashes used to indicate the list here.

Please select an action from the list of action options in order to maximize the reward for your task.
When selecting an action, put the exact name of the action between action tags like: <action> action_name </action>.

Your thinking budget is 150 tokens. If you exceed this limit, you will be forced to provide an immediate answer.
Your overall generation limit is 200 tokens.
2026-01-20 22:12:54,210 - src.driver - INFO - GENERATED CONTENT: <action>  unconscious incrimination withered </action> 
 PARSED ACTION: unconscious incrimination withered
2026-01-20 22:12:54,211 - src.driver - INFO - You will be assigned a task. 
You will receive the actions you have available, followed by the action history. 
Your goal is to maximize the total reward across all 10 steps. We are on step 8. 

Task Assignment:
---
You are faced with a 3-armed bandit problem.  Each action corresponds to pulling a specific arm. Each arm is associated with a Gaussian distribution with a fixed but unknown mean. At each time step, you will select a field and receive a reward drawn from the associated distribution. Your goal is to select which arm to pull in order to maximize your reward across all of your turns.
---

Available Actions:
---

- Arm Name: unconscious incrimination withered - This action has been selected 6 time(s) for an observed mean of -25.0

- Arm Name: primed lapel hue - This action has been selected 1 time(s) for an observed mean of -50.0

- Arm Name: special heyday perceptible - This action has been selected 1 time(s) for an observed mean of -75.0

---
When selecting an action, include only the name of the action. Do not include the dashes used to indicate the list here.

Please select an action from the list of action options in order to maximize the reward for your task.
When selecting an action, put the exact name of the action between action tags like: <action> action_name </action>.

Your thinking budget is 150 tokens. If you exceed this limit, you will be forced to provide an immediate answer.
Your overall generation limit is 200 tokens.
2026-01-20 22:13:09,606 - src.driver - INFO - GENERATED CONTENT: <action>  unconscious incrimination withered </action> 
 PARSED ACTION: unconscious incrimination withered
2026-01-20 22:13:09,606 - src.driver - INFO - You will be assigned a task. 
You will receive the actions you have available, followed by the action history. 
Your goal is to maximize the total reward across all 10 steps. We are on step 9. 

Task Assignment:
---
You are faced with a 3-armed bandit problem.  Each action corresponds to pulling a specific arm. Each arm is associated with a Gaussian distribution with a fixed but unknown mean. At each time step, you will select a field and receive a reward drawn from the associated distribution. Your goal is to select which arm to pull in order to maximize your reward across all of your turns.
---

Available Actions:
---

- Arm Name: unconscious incrimination withered - This action has been selected 7 time(s) for an observed mean of -25.0

- Arm Name: primed lapel hue - This action has been selected 1 time(s) for an observed mean of -50.0

- Arm Name: special heyday perceptible - This action has been selected 1 time(s) for an observed mean of -75.0

---
When selecting an action, include only the name of the action. Do not include the dashes used to indicate the list here.

Please select an action from the list of action options in order to maximize the reward for your task.
When selecting an action, put the exact name of the action between action tags like: <action> action_name </action>.

Your thinking budget is 150 tokens. If you exceed this limit, you will be forced to provide an immediate answer.
Your overall generation limit is 200 tokens.
2026-01-20 22:13:24,980 - src.driver - INFO - GENERATED CONTENT: <action>  unconscious incrimination withered </action> 
 PARSED ACTION: unconscious incrimination withered
2026-01-20 22:13:24,995 - src.driver - INFO - You will be assigned a task. 
You will receive the actions you have available, followed by the action history. 
Your goal is to maximize the total reward across all 10 steps. We are on step 0. 

Task Assignment:
---
You are faced with a 3-armed bandit problem.  Each action corresponds to pulling a specific arm. Each arm is associated with a Gaussian distribution with a fixed but unknown mean. At each time step, you will select a field and receive a reward drawn from the associated distribution. Your goal is to select which arm to pull in order to maximize your reward across all of your turns.
---

Available Actions:
---

- Arm Name: attain complex freezer - This action has been selected 0 time(s) for an observed mean of Unknown

- Arm Name: cutters rekindle impartial - This action has been selected 0 time(s) for an observed mean of Unknown

- Arm Name: desolation meddle stranded - This action has been selected 0 time(s) for an observed mean of Unknown

---
When selecting an action, include only the name of the action. Do not include the dashes used to indicate the list here.

Please select an action from the list of action options in order to maximize the reward for your task.
When selecting an action, put the exact name of the action between action tags like: <action> action_name </action>.

Your thinking budget is 150 tokens. If you exceed this limit, you will be forced to provide an immediate answer.
Your overall generation limit is 200 tokens.
2026-01-20 22:13:40,154 - src.driver - INFO - GENERATED CONTENT: <action>  attain complex freezer </action> 
 PARSED ACTION: attain complex freezer
2026-01-20 22:13:40,155 - src.driver - INFO - You will be assigned a task. 
You will receive the actions you have available, followed by the action history. 
Your goal is to maximize the total reward across all 10 steps. We are on step 1. 

Task Assignment:
---
You are faced with a 3-armed bandit problem.  Each action corresponds to pulling a specific arm. Each arm is associated with a Gaussian distribution with a fixed but unknown mean. At each time step, you will select a field and receive a reward drawn from the associated distribution. Your goal is to select which arm to pull in order to maximize your reward across all of your turns.
---

Available Actions:
---

- Arm Name: attain complex freezer - This action has been selected 1 time(s) for an observed mean of -50.0

- Arm Name: cutters rekindle impartial - This action has been selected 0 time(s) for an observed mean of Unknown

- Arm Name: desolation meddle stranded - This action has been selected 0 time(s) for an observed mean of Unknown

---
When selecting an action, include only the name of the action. Do not include the dashes used to indicate the list here.

Please select an action from the list of action options in order to maximize the reward for your task.
When selecting an action, put the exact name of the action between action tags like: <action> action_name </action>.

Your thinking budget is 150 tokens. If you exceed this limit, you will be forced to provide an immediate answer.
Your overall generation limit is 200 tokens.
2026-01-20 22:13:55,504 - src.driver - INFO - GENERATED CONTENT: <action>  cutters rekindle impartial </action> 
 PARSED ACTION: cutters rekindle impartial
2026-01-20 22:13:55,504 - src.driver - INFO - You will be assigned a task. 
You will receive the actions you have available, followed by the action history. 
Your goal is to maximize the total reward across all 10 steps. We are on step 2. 

Task Assignment:
---
You are faced with a 3-armed bandit problem.  Each action corresponds to pulling a specific arm. Each arm is associated with a Gaussian distribution with a fixed but unknown mean. At each time step, you will select a field and receive a reward drawn from the associated distribution. Your goal is to select which arm to pull in order to maximize your reward across all of your turns.
---

Available Actions:
---

- Arm Name: attain complex freezer - This action has been selected 1 time(s) for an observed mean of -50.0

- Arm Name: cutters rekindle impartial - This action has been selected 1 time(s) for an observed mean of -75.0

- Arm Name: desolation meddle stranded - This action has been selected 0 time(s) for an observed mean of Unknown

---
When selecting an action, include only the name of the action. Do not include the dashes used to indicate the list here.

Please select an action from the list of action options in order to maximize the reward for your task.
When selecting an action, put the exact name of the action between action tags like: <action> action_name </action>.

Your thinking budget is 150 tokens. If you exceed this limit, you will be forced to provide an immediate answer.
Your overall generation limit is 200 tokens.
2026-01-20 22:14:10,848 - src.driver - INFO - GENERATED CONTENT: <action>  desolation meddle stranded </action> 
 PARSED ACTION: desolation meddle stranded
2026-01-20 22:14:10,848 - src.driver - INFO - You will be assigned a task. 
You will receive the actions you have available, followed by the action history. 
Your goal is to maximize the total reward across all 10 steps. We are on step 3. 

Task Assignment:
---
You are faced with a 3-armed bandit problem.  Each action corresponds to pulling a specific arm. Each arm is associated with a Gaussian distribution with a fixed but unknown mean. At each time step, you will select a field and receive a reward drawn from the associated distribution. Your goal is to select which arm to pull in order to maximize your reward across all of your turns.
---

Available Actions:
---

- Arm Name: attain complex freezer - This action has been selected 1 time(s) for an observed mean of -50.0

- Arm Name: cutters rekindle impartial - This action has been selected 1 time(s) for an observed mean of -75.0

- Arm Name: desolation meddle stranded - This action has been selected 1 time(s) for an observed mean of -25.0

---
When selecting an action, include only the name of the action. Do not include the dashes used to indicate the list here.

Please select an action from the list of action options in order to maximize the reward for your task.
When selecting an action, put the exact name of the action between action tags like: <action> action_name </action>.

Your thinking budget is 150 tokens. If you exceed this limit, you will be forced to provide an immediate answer.
Your overall generation limit is 200 tokens.
2026-01-20 22:14:26,181 - src.driver - INFO - GENERATED CONTENT: <action>  desolation meddle stranded </action> 
 PARSED ACTION: desolation meddle stranded
2026-01-20 22:14:26,182 - src.driver - INFO - You will be assigned a task. 
You will receive the actions you have available, followed by the action history. 
Your goal is to maximize the total reward across all 10 steps. We are on step 4. 

Task Assignment:
---
You are faced with a 3-armed bandit problem.  Each action corresponds to pulling a specific arm. Each arm is associated with a Gaussian distribution with a fixed but unknown mean. At each time step, you will select a field and receive a reward drawn from the associated distribution. Your goal is to select which arm to pull in order to maximize your reward across all of your turns.
---

Available Actions:
---

- Arm Name: attain complex freezer - This action has been selected 1 time(s) for an observed mean of -50.0

- Arm Name: cutters rekindle impartial - This action has been selected 1 time(s) for an observed mean of -75.0

- Arm Name: desolation meddle stranded - This action has been selected 2 time(s) for an observed mean of -25.0

---
When selecting an action, include only the name of the action. Do not include the dashes used to indicate the list here.

Please select an action from the list of action options in order to maximize the reward for your task.
When selecting an action, put the exact name of the action between action tags like: <action> action_name </action>.

Your thinking budget is 150 tokens. If you exceed this limit, you will be forced to provide an immediate answer.
Your overall generation limit is 200 tokens.
2026-01-20 22:14:41,490 - src.driver - INFO - GENERATED CONTENT: <action>  desolation meddle stranded </action> 
 PARSED ACTION: desolation meddle stranded
2026-01-20 22:14:41,491 - src.driver - INFO - You will be assigned a task. 
You will receive the actions you have available, followed by the action history. 
Your goal is to maximize the total reward across all 10 steps. We are on step 5. 

Task Assignment:
---
You are faced with a 3-armed bandit problem.  Each action corresponds to pulling a specific arm. Each arm is associated with a Gaussian distribution with a fixed but unknown mean. At each time step, you will select a field and receive a reward drawn from the associated distribution. Your goal is to select which arm to pull in order to maximize your reward across all of your turns.
---

Available Actions:
---

- Arm Name: attain complex freezer - This action has been selected 1 time(s) for an observed mean of -50.0

- Arm Name: cutters rekindle impartial - This action has been selected 1 time(s) for an observed mean of -75.0

- Arm Name: desolation meddle stranded - This action has been selected 3 time(s) for an observed mean of -25.0

---
When selecting an action, include only the name of the action. Do not include the dashes used to indicate the list here.

Please select an action from the list of action options in order to maximize the reward for your task.
When selecting an action, put the exact name of the action between action tags like: <action> action_name </action>.

Your thinking budget is 150 tokens. If you exceed this limit, you will be forced to provide an immediate answer.
Your overall generation limit is 200 tokens.
2026-01-20 22:14:56,793 - src.driver - INFO - GENERATED CONTENT: <action>  desolation meddle stranded </action> 
 PARSED ACTION: desolation meddle stranded
2026-01-20 22:14:56,794 - src.driver - INFO - You will be assigned a task. 
You will receive the actions you have available, followed by the action history. 
Your goal is to maximize the total reward across all 10 steps. We are on step 6. 

Task Assignment:
---
You are faced with a 3-armed bandit problem.  Each action corresponds to pulling a specific arm. Each arm is associated with a Gaussian distribution with a fixed but unknown mean. At each time step, you will select a field and receive a reward drawn from the associated distribution. Your goal is to select which arm to pull in order to maximize your reward across all of your turns.
---

Available Actions:
---

- Arm Name: attain complex freezer - This action has been selected 1 time(s) for an observed mean of -50.0

- Arm Name: cutters rekindle impartial - This action has been selected 1 time(s) for an observed mean of -75.0

- Arm Name: desolation meddle stranded - This action has been selected 4 time(s) for an observed mean of -25.0

---
When selecting an action, include only the name of the action. Do not include the dashes used to indicate the list here.

Please select an action from the list of action options in order to maximize the reward for your task.
When selecting an action, put the exact name of the action between action tags like: <action> action_name </action>.

Your thinking budget is 150 tokens. If you exceed this limit, you will be forced to provide an immediate answer.
Your overall generation limit is 200 tokens.
2026-01-20 22:15:12,078 - src.driver - INFO - GENERATED CONTENT: <action>  desolation meddle stranded </action> 
 PARSED ACTION: desolation meddle stranded
2026-01-20 22:15:12,078 - src.driver - INFO - You will be assigned a task. 
You will receive the actions you have available, followed by the action history. 
Your goal is to maximize the total reward across all 10 steps. We are on step 7. 

Task Assignment:
---
You are faced with a 3-armed bandit problem.  Each action corresponds to pulling a specific arm. Each arm is associated with a Gaussian distribution with a fixed but unknown mean. At each time step, you will select a field and receive a reward drawn from the associated distribution. Your goal is to select which arm to pull in order to maximize your reward across all of your turns.
---

Available Actions:
---

- Arm Name: attain complex freezer - This action has been selected 1 time(s) for an observed mean of -50.0

- Arm Name: cutters rekindle impartial - This action has been selected 1 time(s) for an observed mean of -75.0

- Arm Name: desolation meddle stranded - This action has been selected 5 time(s) for an observed mean of -25.0

---
When selecting an action, include only the name of the action. Do not include the dashes used to indicate the list here.

Please select an action from the list of action options in order to maximize the reward for your task.
When selecting an action, put the exact name of the action between action tags like: <action> action_name </action>.

Your thinking budget is 150 tokens. If you exceed this limit, you will be forced to provide an immediate answer.
Your overall generation limit is 200 tokens.
2026-01-20 22:15:27,442 - src.driver - INFO - GENERATED CONTENT: <action>  desolation meddle stranded </action> 
 PARSED ACTION: desolation meddle stranded
2026-01-20 22:15:27,442 - src.driver - INFO - You will be assigned a task. 
You will receive the actions you have available, followed by the action history. 
Your goal is to maximize the total reward across all 10 steps. We are on step 8. 

Task Assignment:
---
You are faced with a 3-armed bandit problem.  Each action corresponds to pulling a specific arm. Each arm is associated with a Gaussian distribution with a fixed but unknown mean. At each time step, you will select a field and receive a reward drawn from the associated distribution. Your goal is to select which arm to pull in order to maximize your reward across all of your turns.
---

Available Actions:
---

- Arm Name: attain complex freezer - This action has been selected 1 time(s) for an observed mean of -50.0

- Arm Name: cutters rekindle impartial - This action has been selected 1 time(s) for an observed mean of -75.0

- Arm Name: desolation meddle stranded - This action has been selected 6 time(s) for an observed mean of -25.0

---
When selecting an action, include only the name of the action. Do not include the dashes used to indicate the list here.

Please select an action from the list of action options in order to maximize the reward for your task.
When selecting an action, put the exact name of the action between action tags like: <action> action_name </action>.

Your thinking budget is 150 tokens. If you exceed this limit, you will be forced to provide an immediate answer.
Your overall generation limit is 200 tokens.
2026-01-20 22:15:42,870 - src.driver - INFO - GENERATED CONTENT: <action>  desolation meddle stranded </action> 
 PARSED ACTION: desolation meddle stranded
2026-01-20 22:15:42,871 - src.driver - INFO - You will be assigned a task. 
You will receive the actions you have available, followed by the action history. 
Your goal is to maximize the total reward across all 10 steps. We are on step 9. 

Task Assignment:
---
You are faced with a 3-armed bandit problem.  Each action corresponds to pulling a specific arm. Each arm is associated with a Gaussian distribution with a fixed but unknown mean. At each time step, you will select a field and receive a reward drawn from the associated distribution. Your goal is to select which arm to pull in order to maximize your reward across all of your turns.
---

Available Actions:
---

- Arm Name: attain complex freezer - This action has been selected 1 time(s) for an observed mean of -50.0

- Arm Name: cutters rekindle impartial - This action has been selected 1 time(s) for an observed mean of -75.0

- Arm Name: desolation meddle stranded - This action has been selected 7 time(s) for an observed mean of -25.0

---
When selecting an action, include only the name of the action. Do not include the dashes used to indicate the list here.

Please select an action from the list of action options in order to maximize the reward for your task.
When selecting an action, put the exact name of the action between action tags like: <action> action_name </action>.

Your thinking budget is 150 tokens. If you exceed this limit, you will be forced to provide an immediate answer.
Your overall generation limit is 200 tokens.
2026-01-20 22:15:58,234 - src.driver - INFO - GENERATED CONTENT: <action>  desolation meddle stranded </action> 
 PARSED ACTION: desolation meddle stranded
2026-01-20 22:15:58,251 - src.driver - INFO - You will be assigned a task. 
You will receive the actions you have available, followed by the action history. 
Your goal is to maximize the total reward across all 10 steps. We are on step 0. 

Task Assignment:
---
You are faced with a 3-armed bandit problem.  Each action corresponds to pulling a specific arm. Each arm is associated with a Gaussian distribution with a fixed but unknown mean. At each time step, you will select a field and receive a reward drawn from the associated distribution. Your goal is to select which arm to pull in order to maximize your reward across all of your turns.
---

Available Actions:
---

- Arm Name: clientele ratification character - This action has been selected 0 time(s) for an observed mean of Unknown

- Arm Name: deficiency whine overdue - This action has been selected 0 time(s) for an observed mean of Unknown

- Arm Name: manly chocolate wits - This action has been selected 0 time(s) for an observed mean of Unknown

---
When selecting an action, include only the name of the action. Do not include the dashes used to indicate the list here.

Please select an action from the list of action options in order to maximize the reward for your task.
When selecting an action, put the exact name of the action between action tags like: <action> action_name </action>.

Your thinking budget is 150 tokens. If you exceed this limit, you will be forced to provide an immediate answer.
Your overall generation limit is 200 tokens.
2026-01-20 22:16:13,602 - src.driver - INFO - GENERATED CONTENT: <action>  clientele ratification character </action> 
 PARSED ACTION: clientele ratification character
2026-01-20 22:16:13,603 - src.driver - INFO - You will be assigned a task. 
You will receive the actions you have available, followed by the action history. 
Your goal is to maximize the total reward across all 10 steps. We are on step 1. 

Task Assignment:
---
You are faced with a 3-armed bandit problem.  Each action corresponds to pulling a specific arm. Each arm is associated with a Gaussian distribution with a fixed but unknown mean. At each time step, you will select a field and receive a reward drawn from the associated distribution. Your goal is to select which arm to pull in order to maximize your reward across all of your turns.
---

Available Actions:
---

- Arm Name: clientele ratification character - This action has been selected 1 time(s) for an observed mean of -50.0

- Arm Name: deficiency whine overdue - This action has been selected 0 time(s) for an observed mean of Unknown

- Arm Name: manly chocolate wits - This action has been selected 0 time(s) for an observed mean of Unknown

---
When selecting an action, include only the name of the action. Do not include the dashes used to indicate the list here.

Please select an action from the list of action options in order to maximize the reward for your task.
When selecting an action, put the exact name of the action between action tags like: <action> action_name </action>.

Your thinking budget is 150 tokens. If you exceed this limit, you will be forced to provide an immediate answer.
Your overall generation limit is 200 tokens.
2026-01-20 22:16:28,880 - src.driver - INFO - GENERATED CONTENT: <action>  deficiency whine overdue </action> 
 PARSED ACTION: deficiency whine overdue
2026-01-20 22:16:28,880 - src.driver - INFO - You will be assigned a task. 
You will receive the actions you have available, followed by the action history. 
Your goal is to maximize the total reward across all 10 steps. We are on step 2. 

Task Assignment:
---
You are faced with a 3-armed bandit problem.  Each action corresponds to pulling a specific arm. Each arm is associated with a Gaussian distribution with a fixed but unknown mean. At each time step, you will select a field and receive a reward drawn from the associated distribution. Your goal is to select which arm to pull in order to maximize your reward across all of your turns.
---

Available Actions:
---

- Arm Name: clientele ratification character - This action has been selected 1 time(s) for an observed mean of -50.0

- Arm Name: deficiency whine overdue - This action has been selected 1 time(s) for an observed mean of -25.0

- Arm Name: manly chocolate wits - This action has been selected 0 time(s) for an observed mean of Unknown

---
When selecting an action, include only the name of the action. Do not include the dashes used to indicate the list here.

Please select an action from the list of action options in order to maximize the reward for your task.
When selecting an action, put the exact name of the action between action tags like: <action> action_name </action>.

Your thinking budget is 150 tokens. If you exceed this limit, you will be forced to provide an immediate answer.
Your overall generation limit is 200 tokens.
2026-01-20 22:16:44,228 - src.driver - INFO - GENERATED CONTENT: <action>  manly chocolate wits </action> 
 PARSED ACTION: manly chocolate wits
2026-01-20 22:16:44,229 - src.driver - INFO - You will be assigned a task. 
You will receive the actions you have available, followed by the action history. 
Your goal is to maximize the total reward across all 10 steps. We are on step 3. 

Task Assignment:
---
You are faced with a 3-armed bandit problem.  Each action corresponds to pulling a specific arm. Each arm is associated with a Gaussian distribution with a fixed but unknown mean. At each time step, you will select a field and receive a reward drawn from the associated distribution. Your goal is to select which arm to pull in order to maximize your reward across all of your turns.
---

Available Actions:
---

- Arm Name: clientele ratification character - This action has been selected 1 time(s) for an observed mean of -50.0

- Arm Name: deficiency whine overdue - This action has been selected 1 time(s) for an observed mean of -25.0

- Arm Name: manly chocolate wits - This action has been selected 1 time(s) for an observed mean of -75.0

---
When selecting an action, include only the name of the action. Do not include the dashes used to indicate the list here.

Please select an action from the list of action options in order to maximize the reward for your task.
When selecting an action, put the exact name of the action between action tags like: <action> action_name </action>.

Your thinking budget is 150 tokens. If you exceed this limit, you will be forced to provide an immediate answer.
Your overall generation limit is 200 tokens.
2026-01-20 22:16:59,521 - src.driver - INFO - GENERATED CONTENT: <action>  deficiency whine overdue </action> 
 PARSED ACTION: deficiency whine overdue
2026-01-20 22:16:59,522 - src.driver - INFO - You will be assigned a task. 
You will receive the actions you have available, followed by the action history. 
Your goal is to maximize the total reward across all 10 steps. We are on step 4. 

Task Assignment:
---
You are faced with a 3-armed bandit problem.  Each action corresponds to pulling a specific arm. Each arm is associated with a Gaussian distribution with a fixed but unknown mean. At each time step, you will select a field and receive a reward drawn from the associated distribution. Your goal is to select which arm to pull in order to maximize your reward across all of your turns.
---

Available Actions:
---

- Arm Name: clientele ratification character - This action has been selected 1 time(s) for an observed mean of -50.0

- Arm Name: deficiency whine overdue - This action has been selected 2 time(s) for an observed mean of -25.0

- Arm Name: manly chocolate wits - This action has been selected 1 time(s) for an observed mean of -75.0

---
When selecting an action, include only the name of the action. Do not include the dashes used to indicate the list here.

Please select an action from the list of action options in order to maximize the reward for your task.
When selecting an action, put the exact name of the action between action tags like: <action> action_name </action>.

Your thinking budget is 150 tokens. If you exceed this limit, you will be forced to provide an immediate answer.
Your overall generation limit is 200 tokens.
2026-01-20 22:17:14,778 - src.driver - INFO - GENERATED CONTENT: <action>  deficiency whine overdue </action> 
 PARSED ACTION: deficiency whine overdue
2026-01-20 22:17:14,779 - src.driver - INFO - You will be assigned a task. 
You will receive the actions you have available, followed by the action history. 
Your goal is to maximize the total reward across all 10 steps. We are on step 5. 

Task Assignment:
---
You are faced with a 3-armed bandit problem.  Each action corresponds to pulling a specific arm. Each arm is associated with a Gaussian distribution with a fixed but unknown mean. At each time step, you will select a field and receive a reward drawn from the associated distribution. Your goal is to select which arm to pull in order to maximize your reward across all of your turns.
---

Available Actions:
---

- Arm Name: clientele ratification character - This action has been selected 1 time(s) for an observed mean of -50.0

- Arm Name: deficiency whine overdue - This action has been selected 3 time(s) for an observed mean of -25.0

- Arm Name: manly chocolate wits - This action has been selected 1 time(s) for an observed mean of -75.0

---
When selecting an action, include only the name of the action. Do not include the dashes used to indicate the list here.

Please select an action from the list of action options in order to maximize the reward for your task.
When selecting an action, put the exact name of the action between action tags like: <action> action_name </action>.

Your thinking budget is 150 tokens. If you exceed this limit, you will be forced to provide an immediate answer.
Your overall generation limit is 200 tokens.
2026-01-20 22:17:30,067 - src.driver - INFO - GENERATED CONTENT: <action>  deficiency whine overdue </action> 
 PARSED ACTION: deficiency whine overdue
2026-01-20 22:17:30,068 - src.driver - INFO - You will be assigned a task. 
You will receive the actions you have available, followed by the action history. 
Your goal is to maximize the total reward across all 10 steps. We are on step 6. 

Task Assignment:
---
You are faced with a 3-armed bandit problem.  Each action corresponds to pulling a specific arm. Each arm is associated with a Gaussian distribution with a fixed but unknown mean. At each time step, you will select a field and receive a reward drawn from the associated distribution. Your goal is to select which arm to pull in order to maximize your reward across all of your turns.
---

Available Actions:
---

- Arm Name: clientele ratification character - This action has been selected 1 time(s) for an observed mean of -50.0

- Arm Name: deficiency whine overdue - This action has been selected 4 time(s) for an observed mean of -25.0

- Arm Name: manly chocolate wits - This action has been selected 1 time(s) for an observed mean of -75.0

---
When selecting an action, include only the name of the action. Do not include the dashes used to indicate the list here.

Please select an action from the list of action options in order to maximize the reward for your task.
When selecting an action, put the exact name of the action between action tags like: <action> action_name </action>.

Your thinking budget is 150 tokens. If you exceed this limit, you will be forced to provide an immediate answer.
Your overall generation limit is 200 tokens.
2026-01-20 22:17:45,353 - src.driver - INFO - GENERATED CONTENT: <action>  deficiency whine overdue </action> 
 PARSED ACTION: deficiency whine overdue
2026-01-20 22:17:45,353 - src.driver - INFO - You will be assigned a task. 
You will receive the actions you have available, followed by the action history. 
Your goal is to maximize the total reward across all 10 steps. We are on step 7. 

Task Assignment:
---
You are faced with a 3-armed bandit problem.  Each action corresponds to pulling a specific arm. Each arm is associated with a Gaussian distribution with a fixed but unknown mean. At each time step, you will select a field and receive a reward drawn from the associated distribution. Your goal is to select which arm to pull in order to maximize your reward across all of your turns.
---

Available Actions:
---

- Arm Name: clientele ratification character - This action has been selected 1 time(s) for an observed mean of -50.0

- Arm Name: deficiency whine overdue - This action has been selected 5 time(s) for an observed mean of -25.0

- Arm Name: manly chocolate wits - This action has been selected 1 time(s) for an observed mean of -75.0

---
When selecting an action, include only the name of the action. Do not include the dashes used to indicate the list here.

Please select an action from the list of action options in order to maximize the reward for your task.
When selecting an action, put the exact name of the action between action tags like: <action> action_name </action>.

Your thinking budget is 150 tokens. If you exceed this limit, you will be forced to provide an immediate answer.
Your overall generation limit is 200 tokens.
2026-01-20 22:18:00,652 - src.driver - INFO - GENERATED CONTENT: <action>  deficiency whine overdue </action> 
 PARSED ACTION: deficiency whine overdue
2026-01-20 22:18:00,653 - src.driver - INFO - You will be assigned a task. 
You will receive the actions you have available, followed by the action history. 
Your goal is to maximize the total reward across all 10 steps. We are on step 8. 

Task Assignment:
---
You are faced with a 3-armed bandit problem.  Each action corresponds to pulling a specific arm. Each arm is associated with a Gaussian distribution with a fixed but unknown mean. At each time step, you will select a field and receive a reward drawn from the associated distribution. Your goal is to select which arm to pull in order to maximize your reward across all of your turns.
---

Available Actions:
---

- Arm Name: clientele ratification character - This action has been selected 1 time(s) for an observed mean of -50.0

- Arm Name: deficiency whine overdue - This action has been selected 6 time(s) for an observed mean of -25.0

- Arm Name: manly chocolate wits - This action has been selected 1 time(s) for an observed mean of -75.0

---
When selecting an action, include only the name of the action. Do not include the dashes used to indicate the list here.

Please select an action from the list of action options in order to maximize the reward for your task.
When selecting an action, put the exact name of the action between action tags like: <action> action_name </action>.

Your thinking budget is 150 tokens. If you exceed this limit, you will be forced to provide an immediate answer.
Your overall generation limit is 200 tokens.
2026-01-20 22:18:15,915 - src.driver - INFO - GENERATED CONTENT: <action>  deficiency whine overdue </action> 
 PARSED ACTION: deficiency whine overdue
2026-01-20 22:18:15,916 - src.driver - INFO - You will be assigned a task. 
You will receive the actions you have available, followed by the action history. 
Your goal is to maximize the total reward across all 10 steps. We are on step 9. 

Task Assignment:
---
You are faced with a 3-armed bandit problem.  Each action corresponds to pulling a specific arm. Each arm is associated with a Gaussian distribution with a fixed but unknown mean. At each time step, you will select a field and receive a reward drawn from the associated distribution. Your goal is to select which arm to pull in order to maximize your reward across all of your turns.
---

Available Actions:
---

- Arm Name: clientele ratification character - This action has been selected 1 time(s) for an observed mean of -50.0

- Arm Name: deficiency whine overdue - This action has been selected 7 time(s) for an observed mean of -25.0

- Arm Name: manly chocolate wits - This action has been selected 1 time(s) for an observed mean of -75.0

---
When selecting an action, include only the name of the action. Do not include the dashes used to indicate the list here.

Please select an action from the list of action options in order to maximize the reward for your task.
When selecting an action, put the exact name of the action between action tags like: <action> action_name </action>.

Your thinking budget is 150 tokens. If you exceed this limit, you will be forced to provide an immediate answer.
Your overall generation limit is 200 tokens.
2026-01-20 22:18:31,211 - src.driver - INFO - GENERATED CONTENT: <action> deficiency whine overdue</action> 
 PARSED ACTION: deficiency whine overdue
2026-01-20 22:18:31,227 - src.driver - INFO - You will be assigned a task. 
You will receive the actions you have available, followed by the action history. 
Your goal is to maximize the total reward across all 10 steps. We are on step 0. 

Task Assignment:
---
You are faced with a 3-armed bandit problem.  Each action corresponds to pulling a specific arm. Each arm is associated with a Gaussian distribution with a fixed but unknown mean. At each time step, you will select a field and receive a reward drawn from the associated distribution. Your goal is to select which arm to pull in order to maximize your reward across all of your turns.
---

Available Actions:
---

- Arm Name: desolation meddle stranded - This action has been selected 0 time(s) for an observed mean of Unknown

- Arm Name: defender pleasurable enablement - This action has been selected 0 time(s) for an observed mean of Unknown

- Arm Name: simultaneous crow matriculation - This action has been selected 0 time(s) for an observed mean of Unknown

---
When selecting an action, include only the name of the action. Do not include the dashes used to indicate the list here.

Please select an action from the list of action options in order to maximize the reward for your task.
When selecting an action, put the exact name of the action between action tags like: <action> action_name </action>.

Your thinking budget is 150 tokens. If you exceed this limit, you will be forced to provide an immediate answer.
Your overall generation limit is 200 tokens.
2026-01-20 22:18:46,579 - src.driver - INFO - GENERATED CONTENT: <action>  desolation meddle stranded </action> 
 PARSED ACTION: desolation meddle stranded
2026-01-20 22:18:46,579 - src.driver - INFO - You will be assigned a task. 
You will receive the actions you have available, followed by the action history. 
Your goal is to maximize the total reward across all 10 steps. We are on step 1. 

Task Assignment:
---
You are faced with a 3-armed bandit problem.  Each action corresponds to pulling a specific arm. Each arm is associated with a Gaussian distribution with a fixed but unknown mean. At each time step, you will select a field and receive a reward drawn from the associated distribution. Your goal is to select which arm to pull in order to maximize your reward across all of your turns.
---

Available Actions:
---

- Arm Name: desolation meddle stranded - This action has been selected 1 time(s) for an observed mean of -25.0

- Arm Name: defender pleasurable enablement - This action has been selected 0 time(s) for an observed mean of Unknown

- Arm Name: simultaneous crow matriculation - This action has been selected 0 time(s) for an observed mean of Unknown

---
When selecting an action, include only the name of the action. Do not include the dashes used to indicate the list here.

Please select an action from the list of action options in order to maximize the reward for your task.
When selecting an action, put the exact name of the action between action tags like: <action> action_name </action>.

Your thinking budget is 150 tokens. If you exceed this limit, you will be forced to provide an immediate answer.
Your overall generation limit is 200 tokens.
2026-01-20 22:19:02,024 - src.driver - INFO - GENERATED CONTENT: <action>  defender pleasurable enablement </action> 
 PARSED ACTION: defender pleasurable enablement
2026-01-20 22:19:02,025 - src.driver - INFO - You will be assigned a task. 
You will receive the actions you have available, followed by the action history. 
Your goal is to maximize the total reward across all 10 steps. We are on step 2. 

Task Assignment:
---
You are faced with a 3-armed bandit problem.  Each action corresponds to pulling a specific arm. Each arm is associated with a Gaussian distribution with a fixed but unknown mean. At each time step, you will select a field and receive a reward drawn from the associated distribution. Your goal is to select which arm to pull in order to maximize your reward across all of your turns.
---

Available Actions:
---

- Arm Name: desolation meddle stranded - This action has been selected 1 time(s) for an observed mean of -25.0

- Arm Name: defender pleasurable enablement - This action has been selected 1 time(s) for an observed mean of -75.0

- Arm Name: simultaneous crow matriculation - This action has been selected 0 time(s) for an observed mean of Unknown

---
When selecting an action, include only the name of the action. Do not include the dashes used to indicate the list here.

Please select an action from the list of action options in order to maximize the reward for your task.
When selecting an action, put the exact name of the action between action tags like: <action> action_name </action>.

Your thinking budget is 150 tokens. If you exceed this limit, you will be forced to provide an immediate answer.
Your overall generation limit is 200 tokens.
2026-01-20 22:19:17,403 - src.driver - INFO - GENERATED CONTENT: <action>  simultaneous crow matriculation </action> 
 PARSED ACTION: simultaneous crow matriculation
2026-01-20 22:19:17,404 - src.driver - INFO - You will be assigned a task. 
You will receive the actions you have available, followed by the action history. 
Your goal is to maximize the total reward across all 10 steps. We are on step 3. 

Task Assignment:
---
You are faced with a 3-armed bandit problem.  Each action corresponds to pulling a specific arm. Each arm is associated with a Gaussian distribution with a fixed but unknown mean. At each time step, you will select a field and receive a reward drawn from the associated distribution. Your goal is to select which arm to pull in order to maximize your reward across all of your turns.
---

Available Actions:
---

- Arm Name: desolation meddle stranded - This action has been selected 1 time(s) for an observed mean of -25.0

- Arm Name: defender pleasurable enablement - This action has been selected 1 time(s) for an observed mean of -75.0

- Arm Name: simultaneous crow matriculation - This action has been selected 1 time(s) for an observed mean of -50.0

---
When selecting an action, include only the name of the action. Do not include the dashes used to indicate the list here.

Please select an action from the list of action options in order to maximize the reward for your task.
When selecting an action, put the exact name of the action between action tags like: <action> action_name </action>.

Your thinking budget is 150 tokens. If you exceed this limit, you will be forced to provide an immediate answer.
Your overall generation limit is 200 tokens.
2026-01-20 22:19:32,767 - src.driver - INFO - GENERATED CONTENT: <action>  desolation meddle stranded </action> 
 PARSED ACTION: desolation meddle stranded
2026-01-20 22:19:32,768 - src.driver - INFO - You will be assigned a task. 
You will receive the actions you have available, followed by the action history. 
Your goal is to maximize the total reward across all 10 steps. We are on step 4. 

Task Assignment:
---
You are faced with a 3-armed bandit problem.  Each action corresponds to pulling a specific arm. Each arm is associated with a Gaussian distribution with a fixed but unknown mean. At each time step, you will select a field and receive a reward drawn from the associated distribution. Your goal is to select which arm to pull in order to maximize your reward across all of your turns.
---

Available Actions:
---

- Arm Name: desolation meddle stranded - This action has been selected 2 time(s) for an observed mean of -25.0

- Arm Name: defender pleasurable enablement - This action has been selected 1 time(s) for an observed mean of -75.0

- Arm Name: simultaneous crow matriculation - This action has been selected 1 time(s) for an observed mean of -50.0

---
When selecting an action, include only the name of the action. Do not include the dashes used to indicate the list here.

Please select an action from the list of action options in order to maximize the reward for your task.
When selecting an action, put the exact name of the action between action tags like: <action> action_name </action>.

Your thinking budget is 150 tokens. If you exceed this limit, you will be forced to provide an immediate answer.
Your overall generation limit is 200 tokens.
2026-01-20 22:19:48,089 - src.driver - INFO - GENERATED CONTENT: <action>  desolation meddle stranded </action> 
 PARSED ACTION: desolation meddle stranded
2026-01-20 22:19:48,090 - src.driver - INFO - You will be assigned a task. 
You will receive the actions you have available, followed by the action history. 
Your goal is to maximize the total reward across all 10 steps. We are on step 5. 

Task Assignment:
---
You are faced with a 3-armed bandit problem.  Each action corresponds to pulling a specific arm. Each arm is associated with a Gaussian distribution with a fixed but unknown mean. At each time step, you will select a field and receive a reward drawn from the associated distribution. Your goal is to select which arm to pull in order to maximize your reward across all of your turns.
---

Available Actions:
---

- Arm Name: desolation meddle stranded - This action has been selected 3 time(s) for an observed mean of -25.0

- Arm Name: defender pleasurable enablement - This action has been selected 1 time(s) for an observed mean of -75.0

- Arm Name: simultaneous crow matriculation - This action has been selected 1 time(s) for an observed mean of -50.0

---
When selecting an action, include only the name of the action. Do not include the dashes used to indicate the list here.

Please select an action from the list of action options in order to maximize the reward for your task.
When selecting an action, put the exact name of the action between action tags like: <action> action_name </action>.

Your thinking budget is 150 tokens. If you exceed this limit, you will be forced to provide an immediate answer.
Your overall generation limit is 200 tokens.
2026-01-20 22:20:03,370 - src.driver - INFO - GENERATED CONTENT: <action>  desolation meddle stranded </action> 
 PARSED ACTION: desolation meddle stranded
2026-01-20 22:20:03,370 - src.driver - INFO - You will be assigned a task. 
You will receive the actions you have available, followed by the action history. 
Your goal is to maximize the total reward across all 10 steps. We are on step 6. 

Task Assignment:
---
You are faced with a 3-armed bandit problem.  Each action corresponds to pulling a specific arm. Each arm is associated with a Gaussian distribution with a fixed but unknown mean. At each time step, you will select a field and receive a reward drawn from the associated distribution. Your goal is to select which arm to pull in order to maximize your reward across all of your turns.
---

Available Actions:
---

- Arm Name: desolation meddle stranded - This action has been selected 4 time(s) for an observed mean of -25.0

- Arm Name: defender pleasurable enablement - This action has been selected 1 time(s) for an observed mean of -75.0

- Arm Name: simultaneous crow matriculation - This action has been selected 1 time(s) for an observed mean of -50.0

---
When selecting an action, include only the name of the action. Do not include the dashes used to indicate the list here.

Please select an action from the list of action options in order to maximize the reward for your task.
When selecting an action, put the exact name of the action between action tags like: <action> action_name </action>.

Your thinking budget is 150 tokens. If you exceed this limit, you will be forced to provide an immediate answer.
Your overall generation limit is 200 tokens.
2026-01-20 22:20:18,658 - src.driver - INFO - GENERATED CONTENT: <action>  desolation meddle stranded </action> 
 PARSED ACTION: desolation meddle stranded
2026-01-20 22:20:18,659 - src.driver - INFO - You will be assigned a task. 
You will receive the actions you have available, followed by the action history. 
Your goal is to maximize the total reward across all 10 steps. We are on step 7. 

Task Assignment:
---
You are faced with a 3-armed bandit problem.  Each action corresponds to pulling a specific arm. Each arm is associated with a Gaussian distribution with a fixed but unknown mean. At each time step, you will select a field and receive a reward drawn from the associated distribution. Your goal is to select which arm to pull in order to maximize your reward across all of your turns.
---

Available Actions:
---

- Arm Name: desolation meddle stranded - This action has been selected 5 time(s) for an observed mean of -25.0

- Arm Name: defender pleasurable enablement - This action has been selected 1 time(s) for an observed mean of -75.0

- Arm Name: simultaneous crow matriculation - This action has been selected 1 time(s) for an observed mean of -50.0

---
When selecting an action, include only the name of the action. Do not include the dashes used to indicate the list here.

Please select an action from the list of action options in order to maximize the reward for your task.
When selecting an action, put the exact name of the action between action tags like: <action> action_name </action>.

Your thinking budget is 150 tokens. If you exceed this limit, you will be forced to provide an immediate answer.
Your overall generation limit is 200 tokens.
2026-01-20 22:20:33,948 - src.driver - INFO - GENERATED CONTENT: <action>  desolation meddle stranded </action> 
 PARSED ACTION: desolation meddle stranded
2026-01-20 22:20:33,949 - src.driver - INFO - You will be assigned a task. 
You will receive the actions you have available, followed by the action history. 
Your goal is to maximize the total reward across all 10 steps. We are on step 8. 

Task Assignment:
---
You are faced with a 3-armed bandit problem.  Each action corresponds to pulling a specific arm. Each arm is associated with a Gaussian distribution with a fixed but unknown mean. At each time step, you will select a field and receive a reward drawn from the associated distribution. Your goal is to select which arm to pull in order to maximize your reward across all of your turns.
---

Available Actions:
---

- Arm Name: desolation meddle stranded - This action has been selected 6 time(s) for an observed mean of -25.0

- Arm Name: defender pleasurable enablement - This action has been selected 1 time(s) for an observed mean of -75.0

- Arm Name: simultaneous crow matriculation - This action has been selected 1 time(s) for an observed mean of -50.0

---
When selecting an action, include only the name of the action. Do not include the dashes used to indicate the list here.

Please select an action from the list of action options in order to maximize the reward for your task.
When selecting an action, put the exact name of the action between action tags like: <action> action_name </action>.

Your thinking budget is 150 tokens. If you exceed this limit, you will be forced to provide an immediate answer.
Your overall generation limit is 200 tokens.
2026-01-20 22:20:50,690 - src.driver - INFO - GENERATED CONTENT: <action>  desolation meddle stranded </action> has the highest observed mean (-25.0) compared to the others (-75.0 
 PARSED ACTION: desolation meddle stranded
2026-01-20 22:20:50,690 - src.driver - INFO - You will be assigned a task. 
You will receive the actions you have available, followed by the action history. 
Your goal is to maximize the total reward across all 10 steps. We are on step 9. 

Task Assignment:
---
You are faced with a 3-armed bandit problem.  Each action corresponds to pulling a specific arm. Each arm is associated with a Gaussian distribution with a fixed but unknown mean. At each time step, you will select a field and receive a reward drawn from the associated distribution. Your goal is to select which arm to pull in order to maximize your reward across all of your turns.
---

Available Actions:
---

- Arm Name: desolation meddle stranded - This action has been selected 7 time(s) for an observed mean of -25.0

- Arm Name: defender pleasurable enablement - This action has been selected 1 time(s) for an observed mean of -75.0

- Arm Name: simultaneous crow matriculation - This action has been selected 1 time(s) for an observed mean of -50.0

---
When selecting an action, include only the name of the action. Do not include the dashes used to indicate the list here.

Please select an action from the list of action options in order to maximize the reward for your task.
When selecting an action, put the exact name of the action between action tags like: <action> action_name </action>.

Your thinking budget is 150 tokens. If you exceed this limit, you will be forced to provide an immediate answer.
Your overall generation limit is 200 tokens.
2026-01-20 22:21:06,032 - src.driver - INFO - GENERATED CONTENT: <action>  desolation meddle stranded </action> 
 PARSED ACTION: desolation meddle stranded
2026-01-20 22:21:06,047 - src.driver - INFO - You will be assigned a task. 
You will receive the actions you have available, followed by the action history. 
Your goal is to maximize the total reward across all 10 steps. We are on step 0. 

Task Assignment:
---
You are faced with a 3-armed bandit problem.  Each action corresponds to pulling a specific arm. Each arm is associated with a Gaussian distribution with a fixed but unknown mean. At each time step, you will select a field and receive a reward drawn from the associated distribution. Your goal is to select which arm to pull in order to maximize your reward across all of your turns.
---

Available Actions:
---

- Arm Name: hobo upheaval ruin - This action has been selected 0 time(s) for an observed mean of Unknown

- Arm Name: delegate jam resources - This action has been selected 0 time(s) for an observed mean of Unknown

- Arm Name: spotty tacky spellbound - This action has been selected 0 time(s) for an observed mean of Unknown

---
When selecting an action, include only the name of the action. Do not include the dashes used to indicate the list here.

Please select an action from the list of action options in order to maximize the reward for your task.
When selecting an action, put the exact name of the action between action tags like: <action> action_name </action>.

Your thinking budget is 150 tokens. If you exceed this limit, you will be forced to provide an immediate answer.
Your overall generation limit is 200 tokens.
2026-01-20 22:21:21,339 - src.driver - INFO - GENERATED CONTENT: <action>  hobo upheaval ruin </action> 
 PARSED ACTION: hobo upheaval ruin
2026-01-20 22:21:21,340 - src.driver - INFO - You will be assigned a task. 
You will receive the actions you have available, followed by the action history. 
Your goal is to maximize the total reward across all 10 steps. We are on step 1. 

Task Assignment:
---
You are faced with a 3-armed bandit problem.  Each action corresponds to pulling a specific arm. Each arm is associated with a Gaussian distribution with a fixed but unknown mean. At each time step, you will select a field and receive a reward drawn from the associated distribution. Your goal is to select which arm to pull in order to maximize your reward across all of your turns.
---

Available Actions:
---

- Arm Name: hobo upheaval ruin - This action has been selected 1 time(s) for an observed mean of -25.0

- Arm Name: delegate jam resources - This action has been selected 0 time(s) for an observed mean of Unknown

- Arm Name: spotty tacky spellbound - This action has been selected 0 time(s) for an observed mean of Unknown

---
When selecting an action, include only the name of the action. Do not include the dashes used to indicate the list here.

Please select an action from the list of action options in order to maximize the reward for your task.
When selecting an action, put the exact name of the action between action tags like: <action> action_name </action>.

Your thinking budget is 150 tokens. If you exceed this limit, you will be forced to provide an immediate answer.
Your overall generation limit is 200 tokens.
2026-01-20 22:21:36,479 - src.driver - INFO - GENERATED CONTENT: <action>  delegate jam resources </action> 
 PARSED ACTION: delegate jam resources
2026-01-20 22:21:36,479 - src.driver - INFO - You will be assigned a task. 
You will receive the actions you have available, followed by the action history. 
Your goal is to maximize the total reward across all 10 steps. We are on step 2. 

Task Assignment:
---
You are faced with a 3-armed bandit problem.  Each action corresponds to pulling a specific arm. Each arm is associated with a Gaussian distribution with a fixed but unknown mean. At each time step, you will select a field and receive a reward drawn from the associated distribution. Your goal is to select which arm to pull in order to maximize your reward across all of your turns.
---

Available Actions:
---

- Arm Name: hobo upheaval ruin - This action has been selected 1 time(s) for an observed mean of -25.0

- Arm Name: delegate jam resources - This action has been selected 1 time(s) for an observed mean of -75.0

- Arm Name: spotty tacky spellbound - This action has been selected 0 time(s) for an observed mean of Unknown

---
When selecting an action, include only the name of the action. Do not include the dashes used to indicate the list here.

Please select an action from the list of action options in order to maximize the reward for your task.
When selecting an action, put the exact name of the action between action tags like: <action> action_name </action>.

Your thinking budget is 150 tokens. If you exceed this limit, you will be forced to provide an immediate answer.
Your overall generation limit is 200 tokens.
2026-01-20 22:21:51,900 - src.driver - INFO - GENERATED CONTENT: <action>  spotty tacky spellbound </action> 
 PARSED ACTION: spotty tacky spellbound
2026-01-20 22:21:51,901 - src.driver - INFO - You will be assigned a task. 
You will receive the actions you have available, followed by the action history. 
Your goal is to maximize the total reward across all 10 steps. We are on step 3. 

Task Assignment:
---
You are faced with a 3-armed bandit problem.  Each action corresponds to pulling a specific arm. Each arm is associated with a Gaussian distribution with a fixed but unknown mean. At each time step, you will select a field and receive a reward drawn from the associated distribution. Your goal is to select which arm to pull in order to maximize your reward across all of your turns.
---

Available Actions:
---

- Arm Name: hobo upheaval ruin - This action has been selected 1 time(s) for an observed mean of -25.0

- Arm Name: delegate jam resources - This action has been selected 1 time(s) for an observed mean of -75.0

- Arm Name: spotty tacky spellbound - This action has been selected 1 time(s) for an observed mean of -50.0

---
When selecting an action, include only the name of the action. Do not include the dashes used to indicate the list here.

Please select an action from the list of action options in order to maximize the reward for your task.
When selecting an action, put the exact name of the action between action tags like: <action> action_name </action>.

Your thinking budget is 150 tokens. If you exceed this limit, you will be forced to provide an immediate answer.
Your overall generation limit is 200 tokens.
2026-01-20 22:22:07,308 - src.driver - INFO - GENERATED CONTENT: <action>  hobo upheaval ruin </action> 
 PARSED ACTION: hobo upheaval ruin
2026-01-20 22:22:07,308 - src.driver - INFO - You will be assigned a task. 
You will receive the actions you have available, followed by the action history. 
Your goal is to maximize the total reward across all 10 steps. We are on step 4. 

Task Assignment:
---
You are faced with a 3-armed bandit problem.  Each action corresponds to pulling a specific arm. Each arm is associated with a Gaussian distribution with a fixed but unknown mean. At each time step, you will select a field and receive a reward drawn from the associated distribution. Your goal is to select which arm to pull in order to maximize your reward across all of your turns.
---

Available Actions:
---

- Arm Name: hobo upheaval ruin - This action has been selected 2 time(s) for an observed mean of -25.0

- Arm Name: delegate jam resources - This action has been selected 1 time(s) for an observed mean of -75.0

- Arm Name: spotty tacky spellbound - This action has been selected 1 time(s) for an observed mean of -50.0

---
When selecting an action, include only the name of the action. Do not include the dashes used to indicate the list here.

Please select an action from the list of action options in order to maximize the reward for your task.
When selecting an action, put the exact name of the action between action tags like: <action> action_name </action>.

Your thinking budget is 150 tokens. If you exceed this limit, you will be forced to provide an immediate answer.
Your overall generation limit is 200 tokens.
2026-01-20 22:22:24,121 - src.driver - INFO - GENERATED CONTENT: <action>  hobo upheaval ruin </action> has the highest observed mean (-25.0) and more samples, suggesting it's the best 
 PARSED ACTION: hobo upheaval ruin
2026-01-20 22:22:24,122 - src.driver - INFO - You will be assigned a task. 
You will receive the actions you have available, followed by the action history. 
Your goal is to maximize the total reward across all 10 steps. We are on step 5. 

Task Assignment:
---
You are faced with a 3-armed bandit problem.  Each action corresponds to pulling a specific arm. Each arm is associated with a Gaussian distribution with a fixed but unknown mean. At each time step, you will select a field and receive a reward drawn from the associated distribution. Your goal is to select which arm to pull in order to maximize your reward across all of your turns.
---

Available Actions:
---

- Arm Name: hobo upheaval ruin - This action has been selected 3 time(s) for an observed mean of -25.0

- Arm Name: delegate jam resources - This action has been selected 1 time(s) for an observed mean of -75.0

- Arm Name: spotty tacky spellbound - This action has been selected 1 time(s) for an observed mean of -50.0

---
When selecting an action, include only the name of the action. Do not include the dashes used to indicate the list here.

Please select an action from the list of action options in order to maximize the reward for your task.
When selecting an action, put the exact name of the action between action tags like: <action> action_name </action>.

Your thinking budget is 150 tokens. If you exceed this limit, you will be forced to provide an immediate answer.
Your overall generation limit is 200 tokens.
2026-01-20 22:22:39,502 - src.driver - INFO - GENERATED CONTENT: <action>  hobo upheaval ruin </action> 
 PARSED ACTION: hobo upheaval ruin
2026-01-20 22:22:39,503 - src.driver - INFO - You will be assigned a task. 
You will receive the actions you have available, followed by the action history. 
Your goal is to maximize the total reward across all 10 steps. We are on step 6. 

Task Assignment:
---
You are faced with a 3-armed bandit problem.  Each action corresponds to pulling a specific arm. Each arm is associated with a Gaussian distribution with a fixed but unknown mean. At each time step, you will select a field and receive a reward drawn from the associated distribution. Your goal is to select which arm to pull in order to maximize your reward across all of your turns.
---

Available Actions:
---

- Arm Name: hobo upheaval ruin - This action has been selected 4 time(s) for an observed mean of -25.0

- Arm Name: delegate jam resources - This action has been selected 1 time(s) for an observed mean of -75.0

- Arm Name: spotty tacky spellbound - This action has been selected 1 time(s) for an observed mean of -50.0

---
When selecting an action, include only the name of the action. Do not include the dashes used to indicate the list here.

Please select an action from the list of action options in order to maximize the reward for your task.
When selecting an action, put the exact name of the action between action tags like: <action> action_name </action>.

Your thinking budget is 150 tokens. If you exceed this limit, you will be forced to provide an immediate answer.
Your overall generation limit is 200 tokens.
2026-01-20 22:22:54,876 - src.driver - INFO - GENERATED CONTENT: <action>  hobo upheaval ruin </action> 
 PARSED ACTION: hobo upheaval ruin
2026-01-20 22:22:54,877 - src.driver - INFO - You will be assigned a task. 
You will receive the actions you have available, followed by the action history. 
Your goal is to maximize the total reward across all 10 steps. We are on step 7. 

Task Assignment:
---
You are faced with a 3-armed bandit problem.  Each action corresponds to pulling a specific arm. Each arm is associated with a Gaussian distribution with a fixed but unknown mean. At each time step, you will select a field and receive a reward drawn from the associated distribution. Your goal is to select which arm to pull in order to maximize your reward across all of your turns.
---

Available Actions:
---

- Arm Name: hobo upheaval ruin - This action has been selected 5 time(s) for an observed mean of -25.0

- Arm Name: delegate jam resources - This action has been selected 1 time(s) for an observed mean of -75.0

- Arm Name: spotty tacky spellbound - This action has been selected 1 time(s) for an observed mean of -50.0

---
When selecting an action, include only the name of the action. Do not include the dashes used to indicate the list here.

Please select an action from the list of action options in order to maximize the reward for your task.
When selecting an action, put the exact name of the action between action tags like: <action> action_name </action>.

Your thinking budget is 150 tokens. If you exceed this limit, you will be forced to provide an immediate answer.
Your overall generation limit is 200 tokens.
2026-01-20 22:23:10,120 - src.driver - INFO - GENERATED CONTENT: <action>  hobo upheaval ruin </action> 
 PARSED ACTION: hobo upheaval ruin
2026-01-20 22:23:10,120 - src.driver - INFO - You will be assigned a task. 
You will receive the actions you have available, followed by the action history. 
Your goal is to maximize the total reward across all 10 steps. We are on step 8. 

Task Assignment:
---
You are faced with a 3-armed bandit problem.  Each action corresponds to pulling a specific arm. Each arm is associated with a Gaussian distribution with a fixed but unknown mean. At each time step, you will select a field and receive a reward drawn from the associated distribution. Your goal is to select which arm to pull in order to maximize your reward across all of your turns.
---

Available Actions:
---

- Arm Name: hobo upheaval ruin - This action has been selected 6 time(s) for an observed mean of -25.0

- Arm Name: delegate jam resources - This action has been selected 1 time(s) for an observed mean of -75.0

- Arm Name: spotty tacky spellbound - This action has been selected 1 time(s) for an observed mean of -50.0

---
When selecting an action, include only the name of the action. Do not include the dashes used to indicate the list here.

Please select an action from the list of action options in order to maximize the reward for your task.
When selecting an action, put the exact name of the action between action tags like: <action> action_name </action>.

Your thinking budget is 150 tokens. If you exceed this limit, you will be forced to provide an immediate answer.
Your overall generation limit is 200 tokens.
2026-01-20 22:23:25,397 - src.driver - INFO - GENERATED CONTENT: <action>  hobo upheaval ruin </action> 
 PARSED ACTION: hobo upheaval ruin
2026-01-20 22:23:25,398 - src.driver - INFO - You will be assigned a task. 
You will receive the actions you have available, followed by the action history. 
Your goal is to maximize the total reward across all 10 steps. We are on step 9. 

Task Assignment:
---
You are faced with a 3-armed bandit problem.  Each action corresponds to pulling a specific arm. Each arm is associated with a Gaussian distribution with a fixed but unknown mean. At each time step, you will select a field and receive a reward drawn from the associated distribution. Your goal is to select which arm to pull in order to maximize your reward across all of your turns.
---

Available Actions:
---

- Arm Name: hobo upheaval ruin - This action has been selected 7 time(s) for an observed mean of -25.0

- Arm Name: delegate jam resources - This action has been selected 1 time(s) for an observed mean of -75.0

- Arm Name: spotty tacky spellbound - This action has been selected 1 time(s) for an observed mean of -50.0

---
When selecting an action, include only the name of the action. Do not include the dashes used to indicate the list here.

Please select an action from the list of action options in order to maximize the reward for your task.
When selecting an action, put the exact name of the action between action tags like: <action> action_name </action>.

Your thinking budget is 150 tokens. If you exceed this limit, you will be forced to provide an immediate answer.
Your overall generation limit is 200 tokens.
2026-01-20 22:23:40,712 - src.driver - INFO - GENERATED CONTENT: <action>  hobo upheaval ruin </action> 
 PARSED ACTION: hobo upheaval ruin
2026-01-20 22:23:40,727 - src.driver - INFO - You will be assigned a task. 
You will receive the actions you have available, followed by the action history. 
Your goal is to maximize the total reward across all 10 steps. We are on step 0. 

Task Assignment:
---
You are faced with a 3-armed bandit problem.  Each action corresponds to pulling a specific arm. Each arm is associated with a Gaussian distribution with a fixed but unknown mean. At each time step, you will select a field and receive a reward drawn from the associated distribution. Your goal is to select which arm to pull in order to maximize your reward across all of your turns.
---

Available Actions:
---

- Arm Name: footprint environs nod - This action has been selected 0 time(s) for an observed mean of Unknown

- Arm Name: buoy script assembly - This action has been selected 0 time(s) for an observed mean of Unknown

- Arm Name: delirious discards formless - This action has been selected 0 time(s) for an observed mean of Unknown

---
When selecting an action, include only the name of the action. Do not include the dashes used to indicate the list here.

Please select an action from the list of action options in order to maximize the reward for your task.
When selecting an action, put the exact name of the action between action tags like: <action> action_name </action>.

Your thinking budget is 150 tokens. If you exceed this limit, you will be forced to provide an immediate answer.
Your overall generation limit is 200 tokens.
2026-01-20 22:23:56,001 - src.driver - INFO - GENERATED CONTENT: <action>  footprint environs nod </action> 
 PARSED ACTION: footprint environs nod
2026-01-20 22:23:56,002 - src.driver - INFO - You will be assigned a task. 
You will receive the actions you have available, followed by the action history. 
Your goal is to maximize the total reward across all 10 steps. We are on step 1. 

Task Assignment:
---
You are faced with a 3-armed bandit problem.  Each action corresponds to pulling a specific arm. Each arm is associated with a Gaussian distribution with a fixed but unknown mean. At each time step, you will select a field and receive a reward drawn from the associated distribution. Your goal is to select which arm to pull in order to maximize your reward across all of your turns.
---

Available Actions:
---

- Arm Name: footprint environs nod - This action has been selected 1 time(s) for an observed mean of -50.0

- Arm Name: buoy script assembly - This action has been selected 0 time(s) for an observed mean of Unknown

- Arm Name: delirious discards formless - This action has been selected 0 time(s) for an observed mean of Unknown

---
When selecting an action, include only the name of the action. Do not include the dashes used to indicate the list here.

Please select an action from the list of action options in order to maximize the reward for your task.
When selecting an action, put the exact name of the action between action tags like: <action> action_name </action>.

Your thinking budget is 150 tokens. If you exceed this limit, you will be forced to provide an immediate answer.
Your overall generation limit is 200 tokens.
2026-01-20 22:24:11,119 - src.driver - INFO - GENERATED CONTENT: <action>  buoy script assembly </action> 
 PARSED ACTION: buoy script assembly
2026-01-20 22:24:11,119 - src.driver - INFO - You will be assigned a task. 
You will receive the actions you have available, followed by the action history. 
Your goal is to maximize the total reward across all 10 steps. We are on step 2. 

Task Assignment:
---
You are faced with a 3-armed bandit problem.  Each action corresponds to pulling a specific arm. Each arm is associated with a Gaussian distribution with a fixed but unknown mean. At each time step, you will select a field and receive a reward drawn from the associated distribution. Your goal is to select which arm to pull in order to maximize your reward across all of your turns.
---

Available Actions:
---

- Arm Name: footprint environs nod - This action has been selected 1 time(s) for an observed mean of -50.0

- Arm Name: buoy script assembly - This action has been selected 1 time(s) for an observed mean of -75.0

- Arm Name: delirious discards formless - This action has been selected 0 time(s) for an observed mean of Unknown

---
When selecting an action, include only the name of the action. Do not include the dashes used to indicate the list here.

Please select an action from the list of action options in order to maximize the reward for your task.
When selecting an action, put the exact name of the action between action tags like: <action> action_name </action>.

Your thinking budget is 150 tokens. If you exceed this limit, you will be forced to provide an immediate answer.
Your overall generation limit is 200 tokens.
2026-01-20 22:24:26,570 - src.driver - INFO - GENERATED CONTENT: <action>  delirious discards formless </action> 
 PARSED ACTION: delirious discards formless
2026-01-20 22:24:26,571 - src.driver - INFO - You will be assigned a task. 
You will receive the actions you have available, followed by the action history. 
Your goal is to maximize the total reward across all 10 steps. We are on step 3. 

Task Assignment:
---
You are faced with a 3-armed bandit problem.  Each action corresponds to pulling a specific arm. Each arm is associated with a Gaussian distribution with a fixed but unknown mean. At each time step, you will select a field and receive a reward drawn from the associated distribution. Your goal is to select which arm to pull in order to maximize your reward across all of your turns.
---

Available Actions:
---

- Arm Name: footprint environs nod - This action has been selected 1 time(s) for an observed mean of -50.0

- Arm Name: buoy script assembly - This action has been selected 1 time(s) for an observed mean of -75.0

- Arm Name: delirious discards formless - This action has been selected 1 time(s) for an observed mean of -25.0

---
When selecting an action, include only the name of the action. Do not include the dashes used to indicate the list here.

Please select an action from the list of action options in order to maximize the reward for your task.
When selecting an action, put the exact name of the action between action tags like: <action> action_name </action>.

Your thinking budget is 150 tokens. If you exceed this limit, you will be forced to provide an immediate answer.
Your overall generation limit is 200 tokens.
2026-01-20 22:24:42,031 - src.driver - INFO - GENERATED CONTENT: <action>  delirious discards formless </action> 
 PARSED ACTION: delirious discards formless
2026-01-20 22:24:42,032 - src.driver - INFO - You will be assigned a task. 
You will receive the actions you have available, followed by the action history. 
Your goal is to maximize the total reward across all 10 steps. We are on step 4. 

Task Assignment:
---
You are faced with a 3-armed bandit problem.  Each action corresponds to pulling a specific arm. Each arm is associated with a Gaussian distribution with a fixed but unknown mean. At each time step, you will select a field and receive a reward drawn from the associated distribution. Your goal is to select which arm to pull in order to maximize your reward across all of your turns.
---

Available Actions:
---

- Arm Name: footprint environs nod - This action has been selected 1 time(s) for an observed mean of -50.0

- Arm Name: buoy script assembly - This action has been selected 1 time(s) for an observed mean of -75.0

- Arm Name: delirious discards formless - This action has been selected 2 time(s) for an observed mean of -25.0

---
When selecting an action, include only the name of the action. Do not include the dashes used to indicate the list here.

Please select an action from the list of action options in order to maximize the reward for your task.
When selecting an action, put the exact name of the action between action tags like: <action> action_name </action>.

Your thinking budget is 150 tokens. If you exceed this limit, you will be forced to provide an immediate answer.
Your overall generation limit is 200 tokens.
2026-01-20 22:24:57,508 - src.driver - INFO - GENERATED CONTENT: <action>  delirious discards formless </action> 
 PARSED ACTION: delirious discards formless
2026-01-20 22:24:57,509 - src.driver - INFO - You will be assigned a task. 
You will receive the actions you have available, followed by the action history. 
Your goal is to maximize the total reward across all 10 steps. We are on step 5. 

Task Assignment:
---
You are faced with a 3-armed bandit problem.  Each action corresponds to pulling a specific arm. Each arm is associated with a Gaussian distribution with a fixed but unknown mean. At each time step, you will select a field and receive a reward drawn from the associated distribution. Your goal is to select which arm to pull in order to maximize your reward across all of your turns.
---

Available Actions:
---

- Arm Name: footprint environs nod - This action has been selected 1 time(s) for an observed mean of -50.0

- Arm Name: buoy script assembly - This action has been selected 1 time(s) for an observed mean of -75.0

- Arm Name: delirious discards formless - This action has been selected 3 time(s) for an observed mean of -25.0

---
When selecting an action, include only the name of the action. Do not include the dashes used to indicate the list here.

Please select an action from the list of action options in order to maximize the reward for your task.
When selecting an action, put the exact name of the action between action tags like: <action> action_name </action>.

Your thinking budget is 150 tokens. If you exceed this limit, you will be forced to provide an immediate answer.
Your overall generation limit is 200 tokens.
2026-01-20 22:25:13,005 - src.driver - INFO - GENERATED CONTENT: <action>  delirious discards formless </action> 
 PARSED ACTION: delirious discards formless
2026-01-20 22:25:13,006 - src.driver - INFO - You will be assigned a task. 
You will receive the actions you have available, followed by the action history. 
Your goal is to maximize the total reward across all 10 steps. We are on step 6. 

Task Assignment:
---
You are faced with a 3-armed bandit problem.  Each action corresponds to pulling a specific arm. Each arm is associated with a Gaussian distribution with a fixed but unknown mean. At each time step, you will select a field and receive a reward drawn from the associated distribution. Your goal is to select which arm to pull in order to maximize your reward across all of your turns.
---

Available Actions:
---

- Arm Name: footprint environs nod - This action has been selected 1 time(s) for an observed mean of -50.0

- Arm Name: buoy script assembly - This action has been selected 1 time(s) for an observed mean of -75.0

- Arm Name: delirious discards formless - This action has been selected 4 time(s) for an observed mean of -25.0

---
When selecting an action, include only the name of the action. Do not include the dashes used to indicate the list here.

Please select an action from the list of action options in order to maximize the reward for your task.
When selecting an action, put the exact name of the action between action tags like: <action> action_name </action>.

Your thinking budget is 150 tokens. If you exceed this limit, you will be forced to provide an immediate answer.
Your overall generation limit is 200 tokens.
2026-01-20 22:25:28,540 - src.driver - INFO - GENERATED CONTENT: <action>  delirious discards formless </action> 
 PARSED ACTION: delirious discards formless
2026-01-20 22:25:28,540 - src.driver - INFO - You will be assigned a task. 
You will receive the actions you have available, followed by the action history. 
Your goal is to maximize the total reward across all 10 steps. We are on step 7. 

Task Assignment:
---
You are faced with a 3-armed bandit problem.  Each action corresponds to pulling a specific arm. Each arm is associated with a Gaussian distribution with a fixed but unknown mean. At each time step, you will select a field and receive a reward drawn from the associated distribution. Your goal is to select which arm to pull in order to maximize your reward across all of your turns.
---

Available Actions:
---

- Arm Name: footprint environs nod - This action has been selected 1 time(s) for an observed mean of -50.0

- Arm Name: buoy script assembly - This action has been selected 1 time(s) for an observed mean of -75.0

- Arm Name: delirious discards formless - This action has been selected 5 time(s) for an observed mean of -25.0

---
When selecting an action, include only the name of the action. Do not include the dashes used to indicate the list here.

Please select an action from the list of action options in order to maximize the reward for your task.
When selecting an action, put the exact name of the action between action tags like: <action> action_name </action>.

Your thinking budget is 150 tokens. If you exceed this limit, you will be forced to provide an immediate answer.
Your overall generation limit is 200 tokens.
2026-01-20 22:25:44,088 - src.driver - INFO - GENERATED CONTENT: <action>  delirious discards formless </action> 
 PARSED ACTION: delirious discards formless
2026-01-20 22:25:44,089 - src.driver - INFO - You will be assigned a task. 
You will receive the actions you have available, followed by the action history. 
Your goal is to maximize the total reward across all 10 steps. We are on step 8. 

Task Assignment:
---
You are faced with a 3-armed bandit problem.  Each action corresponds to pulling a specific arm. Each arm is associated with a Gaussian distribution with a fixed but unknown mean. At each time step, you will select a field and receive a reward drawn from the associated distribution. Your goal is to select which arm to pull in order to maximize your reward across all of your turns.
---

Available Actions:
---

- Arm Name: footprint environs nod - This action has been selected 1 time(s) for an observed mean of -50.0

- Arm Name: buoy script assembly - This action has been selected 1 time(s) for an observed mean of -75.0

- Arm Name: delirious discards formless - This action has been selected 6 time(s) for an observed mean of -25.0

---
When selecting an action, include only the name of the action. Do not include the dashes used to indicate the list here.

Please select an action from the list of action options in order to maximize the reward for your task.
When selecting an action, put the exact name of the action between action tags like: <action> action_name </action>.

Your thinking budget is 150 tokens. If you exceed this limit, you will be forced to provide an immediate answer.
Your overall generation limit is 200 tokens.
2026-01-20 22:26:00,922 - src.driver - INFO - GENERATED CONTENT: <action>  delirious discards formless </action> has the highest observed mean (-25.0) compared to the other arms, so 
 PARSED ACTION: delirious discards formless
2026-01-20 22:26:00,923 - src.driver - INFO - You will be assigned a task. 
You will receive the actions you have available, followed by the action history. 
Your goal is to maximize the total reward across all 10 steps. We are on step 9. 

Task Assignment:
---
You are faced with a 3-armed bandit problem.  Each action corresponds to pulling a specific arm. Each arm is associated with a Gaussian distribution with a fixed but unknown mean. At each time step, you will select a field and receive a reward drawn from the associated distribution. Your goal is to select which arm to pull in order to maximize your reward across all of your turns.
---

Available Actions:
---

- Arm Name: footprint environs nod - This action has been selected 1 time(s) for an observed mean of -50.0

- Arm Name: buoy script assembly - This action has been selected 1 time(s) for an observed mean of -75.0

- Arm Name: delirious discards formless - This action has been selected 7 time(s) for an observed mean of -25.0

---
When selecting an action, include only the name of the action. Do not include the dashes used to indicate the list here.

Please select an action from the list of action options in order to maximize the reward for your task.
When selecting an action, put the exact name of the action between action tags like: <action> action_name </action>.

Your thinking budget is 150 tokens. If you exceed this limit, you will be forced to provide an immediate answer.
Your overall generation limit is 200 tokens.
2026-01-20 22:26:17,678 - src.driver - INFO - GENERATED CONTENT: <action>  delirious discards formless </action> has the highest observed mean (-25.0) among the three arms, even though 
 PARSED ACTION: delirious discards formless
2026-01-20 22:26:17,695 - src.driver - INFO - You will be assigned a task. 
You will receive the actions you have available, followed by the action history. 
Your goal is to maximize the total reward across all 10 steps. We are on step 0. 

Task Assignment:
---
You are faced with a 3-armed bandit problem.  Each action corresponds to pulling a specific arm. Each arm is associated with a Gaussian distribution with a fixed but unknown mean. At each time step, you will select a field and receive a reward drawn from the associated distribution. Your goal is to select which arm to pull in order to maximize your reward across all of your turns.
---

Available Actions:
---

- Arm Name: unconscious incrimination withered - This action has been selected 0 time(s) for an observed mean of Unknown

- Arm Name: quiet proposition word - This action has been selected 0 time(s) for an observed mean of Unknown

- Arm Name: clientele ratification character - This action has been selected 0 time(s) for an observed mean of Unknown

---
When selecting an action, include only the name of the action. Do not include the dashes used to indicate the list here.

Please select an action from the list of action options in order to maximize the reward for your task.
When selecting an action, put the exact name of the action between action tags like: <action> action_name </action>.

Your thinking budget is 150 tokens. If you exceed this limit, you will be forced to provide an immediate answer.
Your overall generation limit is 200 tokens.
2026-01-20 22:26:33,070 - src.driver - INFO - GENERATED CONTENT: <action>  unconscious incrimination withered </action> 
 PARSED ACTION: unconscious incrimination withered
2026-01-20 22:26:33,071 - src.driver - INFO - You will be assigned a task. 
You will receive the actions you have available, followed by the action history. 
Your goal is to maximize the total reward across all 10 steps. We are on step 1. 

Task Assignment:
---
You are faced with a 3-armed bandit problem.  Each action corresponds to pulling a specific arm. Each arm is associated with a Gaussian distribution with a fixed but unknown mean. At each time step, you will select a field and receive a reward drawn from the associated distribution. Your goal is to select which arm to pull in order to maximize your reward across all of your turns.
---

Available Actions:
---

- Arm Name: unconscious incrimination withered - This action has been selected 1 time(s) for an observed mean of -25.0

- Arm Name: quiet proposition word - This action has been selected 0 time(s) for an observed mean of Unknown

- Arm Name: clientele ratification character - This action has been selected 0 time(s) for an observed mean of Unknown

---
When selecting an action, include only the name of the action. Do not include the dashes used to indicate the list here.

Please select an action from the list of action options in order to maximize the reward for your task.
When selecting an action, put the exact name of the action between action tags like: <action> action_name </action>.

Your thinking budget is 150 tokens. If you exceed this limit, you will be forced to provide an immediate answer.
Your overall generation limit is 200 tokens.
2026-01-20 22:26:48,217 - src.driver - INFO - GENERATED CONTENT: <action>  quiet proposition word </action> 
 PARSED ACTION: quiet proposition word
2026-01-20 22:26:48,217 - src.driver - INFO - You will be assigned a task. 
You will receive the actions you have available, followed by the action history. 
Your goal is to maximize the total reward across all 10 steps. We are on step 2. 

Task Assignment:
---
You are faced with a 3-armed bandit problem.  Each action corresponds to pulling a specific arm. Each arm is associated with a Gaussian distribution with a fixed but unknown mean. At each time step, you will select a field and receive a reward drawn from the associated distribution. Your goal is to select which arm to pull in order to maximize your reward across all of your turns.
---

Available Actions:
---

- Arm Name: unconscious incrimination withered - This action has been selected 1 time(s) for an observed mean of -25.0

- Arm Name: quiet proposition word - This action has been selected 1 time(s) for an observed mean of -75.0

- Arm Name: clientele ratification character - This action has been selected 0 time(s) for an observed mean of Unknown

---
When selecting an action, include only the name of the action. Do not include the dashes used to indicate the list here.

Please select an action from the list of action options in order to maximize the reward for your task.
When selecting an action, put the exact name of the action between action tags like: <action> action_name </action>.

Your thinking budget is 150 tokens. If you exceed this limit, you will be forced to provide an immediate answer.
Your overall generation limit is 200 tokens.
2026-01-20 22:27:03,429 - src.driver - INFO - GENERATED CONTENT: <action>  clientele ratification character </action> 
 PARSED ACTION: clientele ratification character
2026-01-20 22:27:03,430 - src.driver - INFO - You will be assigned a task. 
You will receive the actions you have available, followed by the action history. 
Your goal is to maximize the total reward across all 10 steps. We are on step 3. 

Task Assignment:
---
You are faced with a 3-armed bandit problem.  Each action corresponds to pulling a specific arm. Each arm is associated with a Gaussian distribution with a fixed but unknown mean. At each time step, you will select a field and receive a reward drawn from the associated distribution. Your goal is to select which arm to pull in order to maximize your reward across all of your turns.
---

Available Actions:
---

- Arm Name: unconscious incrimination withered - This action has been selected 1 time(s) for an observed mean of -25.0

- Arm Name: quiet proposition word - This action has been selected 1 time(s) for an observed mean of -75.0

- Arm Name: clientele ratification character - This action has been selected 1 time(s) for an observed mean of -50.0

---
When selecting an action, include only the name of the action. Do not include the dashes used to indicate the list here.

Please select an action from the list of action options in order to maximize the reward for your task.
When selecting an action, put the exact name of the action between action tags like: <action> action_name </action>.

Your thinking budget is 150 tokens. If you exceed this limit, you will be forced to provide an immediate answer.
Your overall generation limit is 200 tokens.
2026-01-20 22:27:18,839 - src.driver - INFO - GENERATED CONTENT: <action>  unconscious incrimination withered </action> 
 PARSED ACTION: unconscious incrimination withered
2026-01-20 22:27:18,839 - src.driver - INFO - You will be assigned a task. 
You will receive the actions you have available, followed by the action history. 
Your goal is to maximize the total reward across all 10 steps. We are on step 4. 

Task Assignment:
---
You are faced with a 3-armed bandit problem.  Each action corresponds to pulling a specific arm. Each arm is associated with a Gaussian distribution with a fixed but unknown mean. At each time step, you will select a field and receive a reward drawn from the associated distribution. Your goal is to select which arm to pull in order to maximize your reward across all of your turns.
---

Available Actions:
---

- Arm Name: unconscious incrimination withered - This action has been selected 2 time(s) for an observed mean of -25.0

- Arm Name: quiet proposition word - This action has been selected 1 time(s) for an observed mean of -75.0

- Arm Name: clientele ratification character - This action has been selected 1 time(s) for an observed mean of -50.0

---
When selecting an action, include only the name of the action. Do not include the dashes used to indicate the list here.

Please select an action from the list of action options in order to maximize the reward for your task.
When selecting an action, put the exact name of the action between action tags like: <action> action_name </action>.

Your thinking budget is 150 tokens. If you exceed this limit, you will be forced to provide an immediate answer.
Your overall generation limit is 200 tokens.
2026-01-20 22:27:34,324 - src.driver - INFO - GENERATED CONTENT: <action>  unconscious incrimination withered </action> 
 PARSED ACTION: unconscious incrimination withered
2026-01-20 22:27:34,325 - src.driver - INFO - You will be assigned a task. 
You will receive the actions you have available, followed by the action history. 
Your goal is to maximize the total reward across all 10 steps. We are on step 5. 

Task Assignment:
---
You are faced with a 3-armed bandit problem.  Each action corresponds to pulling a specific arm. Each arm is associated with a Gaussian distribution with a fixed but unknown mean. At each time step, you will select a field and receive a reward drawn from the associated distribution. Your goal is to select which arm to pull in order to maximize your reward across all of your turns.
---

Available Actions:
---

- Arm Name: unconscious incrimination withered - This action has been selected 3 time(s) for an observed mean of -25.0

- Arm Name: quiet proposition word - This action has been selected 1 time(s) for an observed mean of -75.0

- Arm Name: clientele ratification character - This action has been selected 1 time(s) for an observed mean of -50.0

---
When selecting an action, include only the name of the action. Do not include the dashes used to indicate the list here.

Please select an action from the list of action options in order to maximize the reward for your task.
When selecting an action, put the exact name of the action between action tags like: <action> action_name </action>.

Your thinking budget is 150 tokens. If you exceed this limit, you will be forced to provide an immediate answer.
Your overall generation limit is 200 tokens.
2026-01-20 22:27:49,809 - src.driver - INFO - GENERATED CONTENT: <action>  unconscious incrimination withered </action> 
 PARSED ACTION: unconscious incrimination withered
2026-01-20 22:27:49,810 - src.driver - INFO - You will be assigned a task. 
You will receive the actions you have available, followed by the action history. 
Your goal is to maximize the total reward across all 10 steps. We are on step 6. 

Task Assignment:
---
You are faced with a 3-armed bandit problem.  Each action corresponds to pulling a specific arm. Each arm is associated with a Gaussian distribution with a fixed but unknown mean. At each time step, you will select a field and receive a reward drawn from the associated distribution. Your goal is to select which arm to pull in order to maximize your reward across all of your turns.
---

Available Actions:
---

- Arm Name: unconscious incrimination withered - This action has been selected 4 time(s) for an observed mean of -25.0

- Arm Name: quiet proposition word - This action has been selected 1 time(s) for an observed mean of -75.0

- Arm Name: clientele ratification character - This action has been selected 1 time(s) for an observed mean of -50.0

---
When selecting an action, include only the name of the action. Do not include the dashes used to indicate the list here.

Please select an action from the list of action options in order to maximize the reward for your task.
When selecting an action, put the exact name of the action between action tags like: <action> action_name </action>.

Your thinking budget is 150 tokens. If you exceed this limit, you will be forced to provide an immediate answer.
Your overall generation limit is 200 tokens.
2026-01-20 22:28:05,299 - src.driver - INFO - GENERATED CONTENT: <action>  unconscious incrimination withered </action> 
 PARSED ACTION: unconscious incrimination withered
2026-01-20 22:28:05,299 - src.driver - INFO - You will be assigned a task. 
You will receive the actions you have available, followed by the action history. 
Your goal is to maximize the total reward across all 10 steps. We are on step 7. 

Task Assignment:
---
You are faced with a 3-armed bandit problem.  Each action corresponds to pulling a specific arm. Each arm is associated with a Gaussian distribution with a fixed but unknown mean. At each time step, you will select a field and receive a reward drawn from the associated distribution. Your goal is to select which arm to pull in order to maximize your reward across all of your turns.
---

Available Actions:
---

- Arm Name: unconscious incrimination withered - This action has been selected 5 time(s) for an observed mean of -25.0

- Arm Name: quiet proposition word - This action has been selected 1 time(s) for an observed mean of -75.0

- Arm Name: clientele ratification character - This action has been selected 1 time(s) for an observed mean of -50.0

---
When selecting an action, include only the name of the action. Do not include the dashes used to indicate the list here.

Please select an action from the list of action options in order to maximize the reward for your task.
When selecting an action, put the exact name of the action between action tags like: <action> action_name </action>.

Your thinking budget is 150 tokens. If you exceed this limit, you will be forced to provide an immediate answer.
Your overall generation limit is 200 tokens.
2026-01-20 22:28:22,077 - src.driver - INFO - GENERATED CONTENT: <action>  unconscious incrimination withered </action> has the highest observed mean (-25.0) among the three arms, so it's 
 PARSED ACTION: unconscious incrimination withered
2026-01-20 22:28:22,078 - src.driver - INFO - You will be assigned a task. 
You will receive the actions you have available, followed by the action history. 
Your goal is to maximize the total reward across all 10 steps. We are on step 8. 

Task Assignment:
---
You are faced with a 3-armed bandit problem.  Each action corresponds to pulling a specific arm. Each arm is associated with a Gaussian distribution with a fixed but unknown mean. At each time step, you will select a field and receive a reward drawn from the associated distribution. Your goal is to select which arm to pull in order to maximize your reward across all of your turns.
---

Available Actions:
---

- Arm Name: unconscious incrimination withered - This action has been selected 6 time(s) for an observed mean of -25.0

- Arm Name: quiet proposition word - This action has been selected 1 time(s) for an observed mean of -75.0

- Arm Name: clientele ratification character - This action has been selected 1 time(s) for an observed mean of -50.0

---
When selecting an action, include only the name of the action. Do not include the dashes used to indicate the list here.

Please select an action from the list of action options in order to maximize the reward for your task.
When selecting an action, put the exact name of the action between action tags like: <action> action_name </action>.

Your thinking budget is 150 tokens. If you exceed this limit, you will be forced to provide an immediate answer.
Your overall generation limit is 200 tokens.
2026-01-20 22:28:37,518 - src.driver - INFO - GENERATED CONTENT: <action>  unconscious incrimination withered </action> 
 PARSED ACTION: unconscious incrimination withered
2026-01-20 22:28:37,518 - src.driver - INFO - You will be assigned a task. 
You will receive the actions you have available, followed by the action history. 
Your goal is to maximize the total reward across all 10 steps. We are on step 9. 

Task Assignment:
---
You are faced with a 3-armed bandit problem.  Each action corresponds to pulling a specific arm. Each arm is associated with a Gaussian distribution with a fixed but unknown mean. At each time step, you will select a field and receive a reward drawn from the associated distribution. Your goal is to select which arm to pull in order to maximize your reward across all of your turns.
---

Available Actions:
---

- Arm Name: unconscious incrimination withered - This action has been selected 7 time(s) for an observed mean of -25.0

- Arm Name: quiet proposition word - This action has been selected 1 time(s) for an observed mean of -75.0

- Arm Name: clientele ratification character - This action has been selected 1 time(s) for an observed mean of -50.0

---
When selecting an action, include only the name of the action. Do not include the dashes used to indicate the list here.

Please select an action from the list of action options in order to maximize the reward for your task.
When selecting an action, put the exact name of the action between action tags like: <action> action_name </action>.

Your thinking budget is 150 tokens. If you exceed this limit, you will be forced to provide an immediate answer.
Your overall generation limit is 200 tokens.
2026-01-20 22:28:52,999 - src.driver - INFO - GENERATED CONTENT: <action>  unconscious incrimination withered </action> 
 PARSED ACTION: unconscious incrimination withered
2026-01-20 22:28:53,014 - src.driver - INFO - You will be assigned a task. 
You will receive the actions you have available, followed by the action history. 
Your goal is to maximize the total reward across all 10 steps. We are on step 0. 

Task Assignment:
---
You are faced with a 3-armed bandit problem.  Each action corresponds to pulling a specific arm. Each arm is associated with a Gaussian distribution with a fixed but unknown mean. At each time step, you will select a field and receive a reward drawn from the associated distribution. Your goal is to select which arm to pull in order to maximize your reward across all of your turns.
---

Available Actions:
---

- Arm Name: special heyday perceptible - This action has been selected 0 time(s) for an observed mean of Unknown

- Arm Name: clientele ratification character - This action has been selected 0 time(s) for an observed mean of Unknown

- Arm Name: lying stupor negro - This action has been selected 0 time(s) for an observed mean of Unknown

---
When selecting an action, include only the name of the action. Do not include the dashes used to indicate the list here.

Please select an action from the list of action options in order to maximize the reward for your task.
When selecting an action, put the exact name of the action between action tags like: <action> action_name </action>.

Your thinking budget is 150 tokens. If you exceed this limit, you will be forced to provide an immediate answer.
Your overall generation limit is 200 tokens.
2026-01-20 22:29:08,342 - src.driver - INFO - GENERATED CONTENT: <action>  special heyday perceptible </action> 
 PARSED ACTION: special heyday perceptible
2026-01-20 22:29:08,342 - src.driver - INFO - You will be assigned a task. 
You will receive the actions you have available, followed by the action history. 
Your goal is to maximize the total reward across all 10 steps. We are on step 1. 

Task Assignment:
---
You are faced with a 3-armed bandit problem.  Each action corresponds to pulling a specific arm. Each arm is associated with a Gaussian distribution with a fixed but unknown mean. At each time step, you will select a field and receive a reward drawn from the associated distribution. Your goal is to select which arm to pull in order to maximize your reward across all of your turns.
---

Available Actions:
---

- Arm Name: special heyday perceptible - This action has been selected 1 time(s) for an observed mean of -75.0

- Arm Name: clientele ratification character - This action has been selected 0 time(s) for an observed mean of Unknown

- Arm Name: lying stupor negro - This action has been selected 0 time(s) for an observed mean of Unknown

---
When selecting an action, include only the name of the action. Do not include the dashes used to indicate the list here.

Please select an action from the list of action options in order to maximize the reward for your task.
When selecting an action, put the exact name of the action between action tags like: <action> action_name </action>.

Your thinking budget is 150 tokens. If you exceed this limit, you will be forced to provide an immediate answer.
Your overall generation limit is 200 tokens.
2026-01-20 22:29:23,596 - src.driver - INFO - GENERATED CONTENT: <action>  clientele ratification character </action> 
 PARSED ACTION: clientele ratification character
2026-01-20 22:29:23,596 - src.driver - INFO - You will be assigned a task. 
You will receive the actions you have available, followed by the action history. 
Your goal is to maximize the total reward across all 10 steps. We are on step 2. 

Task Assignment:
---
You are faced with a 3-armed bandit problem.  Each action corresponds to pulling a specific arm. Each arm is associated with a Gaussian distribution with a fixed but unknown mean. At each time step, you will select a field and receive a reward drawn from the associated distribution. Your goal is to select which arm to pull in order to maximize your reward across all of your turns.
---

Available Actions:
---

- Arm Name: special heyday perceptible - This action has been selected 1 time(s) for an observed mean of -75.0

- Arm Name: clientele ratification character - This action has been selected 1 time(s) for an observed mean of -50.0

- Arm Name: lying stupor negro - This action has been selected 0 time(s) for an observed mean of Unknown

---
When selecting an action, include only the name of the action. Do not include the dashes used to indicate the list here.

Please select an action from the list of action options in order to maximize the reward for your task.
When selecting an action, put the exact name of the action between action tags like: <action> action_name </action>.

Your thinking budget is 150 tokens. If you exceed this limit, you will be forced to provide an immediate answer.
Your overall generation limit is 200 tokens.
2026-01-20 22:29:38,816 - src.driver - INFO - GENERATED CONTENT: <action>  lying stupor negro </action> 
 PARSED ACTION: lying stupor negro
2026-01-20 22:29:38,817 - src.driver - INFO - You will be assigned a task. 
You will receive the actions you have available, followed by the action history. 
Your goal is to maximize the total reward across all 10 steps. We are on step 3. 

Task Assignment:
---
You are faced with a 3-armed bandit problem.  Each action corresponds to pulling a specific arm. Each arm is associated with a Gaussian distribution with a fixed but unknown mean. At each time step, you will select a field and receive a reward drawn from the associated distribution. Your goal is to select which arm to pull in order to maximize your reward across all of your turns.
---

Available Actions:
---

- Arm Name: special heyday perceptible - This action has been selected 1 time(s) for an observed mean of -75.0

- Arm Name: clientele ratification character - This action has been selected 1 time(s) for an observed mean of -50.0

- Arm Name: lying stupor negro - This action has been selected 1 time(s) for an observed mean of -25.0

---
When selecting an action, include only the name of the action. Do not include the dashes used to indicate the list here.

Please select an action from the list of action options in order to maximize the reward for your task.
When selecting an action, put the exact name of the action between action tags like: <action> action_name </action>.

Your thinking budget is 150 tokens. If you exceed this limit, you will be forced to provide an immediate answer.
Your overall generation limit is 200 tokens.
2026-01-20 22:29:54,041 - src.driver - INFO - GENERATED CONTENT: <action>  lying stupor negro </action> 
 PARSED ACTION: lying stupor negro
2026-01-20 22:29:54,042 - src.driver - INFO - You will be assigned a task. 
You will receive the actions you have available, followed by the action history. 
Your goal is to maximize the total reward across all 10 steps. We are on step 4. 

Task Assignment:
---
You are faced with a 3-armed bandit problem.  Each action corresponds to pulling a specific arm. Each arm is associated with a Gaussian distribution with a fixed but unknown mean. At each time step, you will select a field and receive a reward drawn from the associated distribution. Your goal is to select which arm to pull in order to maximize your reward across all of your turns.
---

Available Actions:
---

- Arm Name: special heyday perceptible - This action has been selected 1 time(s) for an observed mean of -75.0

- Arm Name: clientele ratification character - This action has been selected 1 time(s) for an observed mean of -50.0

- Arm Name: lying stupor negro - This action has been selected 2 time(s) for an observed mean of -25.0

---
When selecting an action, include only the name of the action. Do not include the dashes used to indicate the list here.

Please select an action from the list of action options in order to maximize the reward for your task.
When selecting an action, put the exact name of the action between action tags like: <action> action_name </action>.

Your thinking budget is 150 tokens. If you exceed this limit, you will be forced to provide an immediate answer.
Your overall generation limit is 200 tokens.
2026-01-20 22:30:09,231 - src.driver - INFO - GENERATED CONTENT: <action>  lying stupor negro </action> 
 PARSED ACTION: lying stupor negro
2026-01-20 22:30:09,232 - src.driver - INFO - You will be assigned a task. 
You will receive the actions you have available, followed by the action history. 
Your goal is to maximize the total reward across all 10 steps. We are on step 5. 

Task Assignment:
---
You are faced with a 3-armed bandit problem.  Each action corresponds to pulling a specific arm. Each arm is associated with a Gaussian distribution with a fixed but unknown mean. At each time step, you will select a field and receive a reward drawn from the associated distribution. Your goal is to select which arm to pull in order to maximize your reward across all of your turns.
---

Available Actions:
---

- Arm Name: special heyday perceptible - This action has been selected 1 time(s) for an observed mean of -75.0

- Arm Name: clientele ratification character - This action has been selected 1 time(s) for an observed mean of -50.0

- Arm Name: lying stupor negro - This action has been selected 3 time(s) for an observed mean of -25.0

---
When selecting an action, include only the name of the action. Do not include the dashes used to indicate the list here.

Please select an action from the list of action options in order to maximize the reward for your task.
When selecting an action, put the exact name of the action between action tags like: <action> action_name </action>.

Your thinking budget is 150 tokens. If you exceed this limit, you will be forced to provide an immediate answer.
Your overall generation limit is 200 tokens.
2026-01-20 22:30:24,490 - src.driver - INFO - GENERATED CONTENT: <action>  lying stupor negro </action> 
 PARSED ACTION: lying stupor negro
2026-01-20 22:30:24,491 - src.driver - INFO - You will be assigned a task. 
You will receive the actions you have available, followed by the action history. 
Your goal is to maximize the total reward across all 10 steps. We are on step 6. 

Task Assignment:
---
You are faced with a 3-armed bandit problem.  Each action corresponds to pulling a specific arm. Each arm is associated with a Gaussian distribution with a fixed but unknown mean. At each time step, you will select a field and receive a reward drawn from the associated distribution. Your goal is to select which arm to pull in order to maximize your reward across all of your turns.
---

Available Actions:
---

- Arm Name: special heyday perceptible - This action has been selected 1 time(s) for an observed mean of -75.0

- Arm Name: clientele ratification character - This action has been selected 1 time(s) for an observed mean of -50.0

- Arm Name: lying stupor negro - This action has been selected 4 time(s) for an observed mean of -25.0

---
When selecting an action, include only the name of the action. Do not include the dashes used to indicate the list here.

Please select an action from the list of action options in order to maximize the reward for your task.
When selecting an action, put the exact name of the action between action tags like: <action> action_name </action>.

Your thinking budget is 150 tokens. If you exceed this limit, you will be forced to provide an immediate answer.
Your overall generation limit is 200 tokens.
2026-01-20 22:30:39,673 - src.driver - INFO - GENERATED CONTENT: <action>  lying stupor negro </action> 
 PARSED ACTION: lying stupor negro
2026-01-20 22:30:39,673 - src.driver - INFO - You will be assigned a task. 
You will receive the actions you have available, followed by the action history. 
Your goal is to maximize the total reward across all 10 steps. We are on step 7. 

Task Assignment:
---
You are faced with a 3-armed bandit problem.  Each action corresponds to pulling a specific arm. Each arm is associated with a Gaussian distribution with a fixed but unknown mean. At each time step, you will select a field and receive a reward drawn from the associated distribution. Your goal is to select which arm to pull in order to maximize your reward across all of your turns.
---

Available Actions:
---

- Arm Name: special heyday perceptible - This action has been selected 1 time(s) for an observed mean of -75.0

- Arm Name: clientele ratification character - This action has been selected 1 time(s) for an observed mean of -50.0

- Arm Name: lying stupor negro - This action has been selected 5 time(s) for an observed mean of -25.0

---
When selecting an action, include only the name of the action. Do not include the dashes used to indicate the list here.

Please select an action from the list of action options in order to maximize the reward for your task.
When selecting an action, put the exact name of the action between action tags like: <action> action_name </action>.

Your thinking budget is 150 tokens. If you exceed this limit, you will be forced to provide an immediate answer.
Your overall generation limit is 200 tokens.
2026-01-20 22:30:54,902 - src.driver - INFO - GENERATED CONTENT: <action>  lying stupor negro </action> 
 PARSED ACTION: lying stupor negro
2026-01-20 22:30:54,903 - src.driver - INFO - You will be assigned a task. 
You will receive the actions you have available, followed by the action history. 
Your goal is to maximize the total reward across all 10 steps. We are on step 8. 

Task Assignment:
---
You are faced with a 3-armed bandit problem.  Each action corresponds to pulling a specific arm. Each arm is associated with a Gaussian distribution with a fixed but unknown mean. At each time step, you will select a field and receive a reward drawn from the associated distribution. Your goal is to select which arm to pull in order to maximize your reward across all of your turns.
---

Available Actions:
---

- Arm Name: special heyday perceptible - This action has been selected 1 time(s) for an observed mean of -75.0

- Arm Name: clientele ratification character - This action has been selected 1 time(s) for an observed mean of -50.0

- Arm Name: lying stupor negro - This action has been selected 6 time(s) for an observed mean of -25.0

---
When selecting an action, include only the name of the action. Do not include the dashes used to indicate the list here.

Please select an action from the list of action options in order to maximize the reward for your task.
When selecting an action, put the exact name of the action between action tags like: <action> action_name </action>.

Your thinking budget is 150 tokens. If you exceed this limit, you will be forced to provide an immediate answer.
Your overall generation limit is 200 tokens.
2026-01-20 22:31:10,079 - src.driver - INFO - GENERATED CONTENT: <action>  lying stupor negro </action> 
 PARSED ACTION: lying stupor negro
2026-01-20 22:31:10,079 - src.driver - INFO - You will be assigned a task. 
You will receive the actions you have available, followed by the action history. 
Your goal is to maximize the total reward across all 10 steps. We are on step 9. 

Task Assignment:
---
You are faced with a 3-armed bandit problem.  Each action corresponds to pulling a specific arm. Each arm is associated with a Gaussian distribution with a fixed but unknown mean. At each time step, you will select a field and receive a reward drawn from the associated distribution. Your goal is to select which arm to pull in order to maximize your reward across all of your turns.
---

Available Actions:
---

- Arm Name: special heyday perceptible - This action has been selected 1 time(s) for an observed mean of -75.0

- Arm Name: clientele ratification character - This action has been selected 1 time(s) for an observed mean of -50.0

- Arm Name: lying stupor negro - This action has been selected 7 time(s) for an observed mean of -25.0

---
When selecting an action, include only the name of the action. Do not include the dashes used to indicate the list here.

Please select an action from the list of action options in order to maximize the reward for your task.
When selecting an action, put the exact name of the action between action tags like: <action> action_name </action>.

Your thinking budget is 150 tokens. If you exceed this limit, you will be forced to provide an immediate answer.
Your overall generation limit is 200 tokens.
2026-01-20 22:31:25,312 - src.driver - INFO - GENERATED CONTENT: <action>  lying stupor negro </action> 
 PARSED ACTION: lying stupor negro
2026-01-20 22:31:25,329 - src.driver - INFO - You will be assigned a task. 
You will receive the actions you have available, followed by the action history. 
Your goal is to maximize the total reward across all 10 steps. We are on step 0. 

Task Assignment:
---
You are faced with a 3-armed bandit problem.  Each action corresponds to pulling a specific arm. Each arm is associated with a Gaussian distribution with a fixed but unknown mean. At each time step, you will select a field and receive a reward drawn from the associated distribution. Your goal is to select which arm to pull in order to maximize your reward across all of your turns.
---

Available Actions:
---

- Arm Name: disobedient horrified untrained - This action has been selected 0 time(s) for an observed mean of Unknown

- Arm Name: deserving beeswax intercom - This action has been selected 0 time(s) for an observed mean of Unknown

- Arm Name: special heyday perceptible - This action has been selected 0 time(s) for an observed mean of Unknown

---
When selecting an action, include only the name of the action. Do not include the dashes used to indicate the list here.

Please select an action from the list of action options in order to maximize the reward for your task.
When selecting an action, put the exact name of the action between action tags like: <action> action_name </action>.

Your thinking budget is 150 tokens. If you exceed this limit, you will be forced to provide an immediate answer.
Your overall generation limit is 200 tokens.
2026-01-20 22:31:40,617 - src.driver - INFO - GENERATED CONTENT: <action>  disobedient horrified untrained </action> 
 PARSED ACTION: disobedient horrified untrained
2026-01-20 22:31:40,617 - src.driver - INFO - You will be assigned a task. 
You will receive the actions you have available, followed by the action history. 
Your goal is to maximize the total reward across all 10 steps. We are on step 1. 

Task Assignment:
---
You are faced with a 3-armed bandit problem.  Each action corresponds to pulling a specific arm. Each arm is associated with a Gaussian distribution with a fixed but unknown mean. At each time step, you will select a field and receive a reward drawn from the associated distribution. Your goal is to select which arm to pull in order to maximize your reward across all of your turns.
---

Available Actions:
---

- Arm Name: disobedient horrified untrained - This action has been selected 1 time(s) for an observed mean of -25.0

- Arm Name: deserving beeswax intercom - This action has been selected 0 time(s) for an observed mean of Unknown

- Arm Name: special heyday perceptible - This action has been selected 0 time(s) for an observed mean of Unknown

---
When selecting an action, include only the name of the action. Do not include the dashes used to indicate the list here.

Please select an action from the list of action options in order to maximize the reward for your task.
When selecting an action, put the exact name of the action between action tags like: <action> action_name </action>.

Your thinking budget is 150 tokens. If you exceed this limit, you will be forced to provide an immediate answer.
Your overall generation limit is 200 tokens.
2026-01-20 22:31:56,018 - src.driver - INFO - GENERATED CONTENT: <action>  deserving beeswax intercom </action> 
 PARSED ACTION: deserving beeswax intercom
2026-01-20 22:31:56,018 - src.driver - INFO - You will be assigned a task. 
You will receive the actions you have available, followed by the action history. 
Your goal is to maximize the total reward across all 10 steps. We are on step 2. 

Task Assignment:
---
You are faced with a 3-armed bandit problem.  Each action corresponds to pulling a specific arm. Each arm is associated with a Gaussian distribution with a fixed but unknown mean. At each time step, you will select a field and receive a reward drawn from the associated distribution. Your goal is to select which arm to pull in order to maximize your reward across all of your turns.
---

Available Actions:
---

- Arm Name: disobedient horrified untrained - This action has been selected 1 time(s) for an observed mean of -25.0

- Arm Name: deserving beeswax intercom - This action has been selected 1 time(s) for an observed mean of -50.0

- Arm Name: special heyday perceptible - This action has been selected 0 time(s) for an observed mean of Unknown

---
When selecting an action, include only the name of the action. Do not include the dashes used to indicate the list here.

Please select an action from the list of action options in order to maximize the reward for your task.
When selecting an action, put the exact name of the action between action tags like: <action> action_name </action>.

Your thinking budget is 150 tokens. If you exceed this limit, you will be forced to provide an immediate answer.
Your overall generation limit is 200 tokens.
2026-01-20 22:32:11,397 - src.driver - INFO - GENERATED CONTENT: <action>  special heyday perceptible </action> 
 PARSED ACTION: special heyday perceptible
2026-01-20 22:32:11,397 - src.driver - INFO - You will be assigned a task. 
You will receive the actions you have available, followed by the action history. 
Your goal is to maximize the total reward across all 10 steps. We are on step 3. 

Task Assignment:
---
You are faced with a 3-armed bandit problem.  Each action corresponds to pulling a specific arm. Each arm is associated with a Gaussian distribution with a fixed but unknown mean. At each time step, you will select a field and receive a reward drawn from the associated distribution. Your goal is to select which arm to pull in order to maximize your reward across all of your turns.
---

Available Actions:
---

- Arm Name: disobedient horrified untrained - This action has been selected 1 time(s) for an observed mean of -25.0

- Arm Name: deserving beeswax intercom - This action has been selected 1 time(s) for an observed mean of -50.0

- Arm Name: special heyday perceptible - This action has been selected 1 time(s) for an observed mean of -75.0

---
When selecting an action, include only the name of the action. Do not include the dashes used to indicate the list here.

Please select an action from the list of action options in order to maximize the reward for your task.
When selecting an action, put the exact name of the action between action tags like: <action> action_name </action>.

Your thinking budget is 150 tokens. If you exceed this limit, you will be forced to provide an immediate answer.
Your overall generation limit is 200 tokens.
2026-01-20 22:32:26,734 - src.driver - INFO - GENERATED CONTENT: <action>  disobedient horrified untrained </action> 
 PARSED ACTION: disobedient horrified untrained
2026-01-20 22:32:26,734 - src.driver - INFO - You will be assigned a task. 
You will receive the actions you have available, followed by the action history. 
Your goal is to maximize the total reward across all 10 steps. We are on step 4. 

Task Assignment:
---
You are faced with a 3-armed bandit problem.  Each action corresponds to pulling a specific arm. Each arm is associated with a Gaussian distribution with a fixed but unknown mean. At each time step, you will select a field and receive a reward drawn from the associated distribution. Your goal is to select which arm to pull in order to maximize your reward across all of your turns.
---

Available Actions:
---

- Arm Name: disobedient horrified untrained - This action has been selected 2 time(s) for an observed mean of -25.0

- Arm Name: deserving beeswax intercom - This action has been selected 1 time(s) for an observed mean of -50.0

- Arm Name: special heyday perceptible - This action has been selected 1 time(s) for an observed mean of -75.0

---
When selecting an action, include only the name of the action. Do not include the dashes used to indicate the list here.

Please select an action from the list of action options in order to maximize the reward for your task.
When selecting an action, put the exact name of the action between action tags like: <action> action_name </action>.

Your thinking budget is 150 tokens. If you exceed this limit, you will be forced to provide an immediate answer.
Your overall generation limit is 200 tokens.
2026-01-20 22:32:42,053 - src.driver - INFO - GENERATED CONTENT: <action>  disobedient horrified untrained </action> 
 PARSED ACTION: disobedient horrified untrained
2026-01-20 22:32:42,054 - src.driver - INFO - You will be assigned a task. 
You will receive the actions you have available, followed by the action history. 
Your goal is to maximize the total reward across all 10 steps. We are on step 5. 

Task Assignment:
---
You are faced with a 3-armed bandit problem.  Each action corresponds to pulling a specific arm. Each arm is associated with a Gaussian distribution with a fixed but unknown mean. At each time step, you will select a field and receive a reward drawn from the associated distribution. Your goal is to select which arm to pull in order to maximize your reward across all of your turns.
---

Available Actions:
---

- Arm Name: disobedient horrified untrained - This action has been selected 3 time(s) for an observed mean of -25.0

- Arm Name: deserving beeswax intercom - This action has been selected 1 time(s) for an observed mean of -50.0

- Arm Name: special heyday perceptible - This action has been selected 1 time(s) for an observed mean of -75.0

---
When selecting an action, include only the name of the action. Do not include the dashes used to indicate the list here.

Please select an action from the list of action options in order to maximize the reward for your task.
When selecting an action, put the exact name of the action between action tags like: <action> action_name </action>.

Your thinking budget is 150 tokens. If you exceed this limit, you will be forced to provide an immediate answer.
Your overall generation limit is 200 tokens.
2026-01-20 22:32:57,347 - src.driver - INFO - GENERATED CONTENT: <action>  disobedient horrified untrained </action> 
 PARSED ACTION: disobedient horrified untrained
2026-01-20 22:32:57,348 - src.driver - INFO - You will be assigned a task. 
You will receive the actions you have available, followed by the action history. 
Your goal is to maximize the total reward across all 10 steps. We are on step 6. 

Task Assignment:
---
You are faced with a 3-armed bandit problem.  Each action corresponds to pulling a specific arm. Each arm is associated with a Gaussian distribution with a fixed but unknown mean. At each time step, you will select a field and receive a reward drawn from the associated distribution. Your goal is to select which arm to pull in order to maximize your reward across all of your turns.
---

Available Actions:
---

- Arm Name: disobedient horrified untrained - This action has been selected 4 time(s) for an observed mean of -25.0

- Arm Name: deserving beeswax intercom - This action has been selected 1 time(s) for an observed mean of -50.0

- Arm Name: special heyday perceptible - This action has been selected 1 time(s) for an observed mean of -75.0

---
When selecting an action, include only the name of the action. Do not include the dashes used to indicate the list here.

Please select an action from the list of action options in order to maximize the reward for your task.
When selecting an action, put the exact name of the action between action tags like: <action> action_name </action>.

Your thinking budget is 150 tokens. If you exceed this limit, you will be forced to provide an immediate answer.
Your overall generation limit is 200 tokens.
2026-01-20 22:33:12,621 - src.driver - INFO - GENERATED CONTENT: <action>  disobedient horrified untrained </action> 
 PARSED ACTION: disobedient horrified untrained
2026-01-20 22:33:12,621 - src.driver - INFO - You will be assigned a task. 
You will receive the actions you have available, followed by the action history. 
Your goal is to maximize the total reward across all 10 steps. We are on step 7. 

Task Assignment:
---
You are faced with a 3-armed bandit problem.  Each action corresponds to pulling a specific arm. Each arm is associated with a Gaussian distribution with a fixed but unknown mean. At each time step, you will select a field and receive a reward drawn from the associated distribution. Your goal is to select which arm to pull in order to maximize your reward across all of your turns.
---

Available Actions:
---

- Arm Name: disobedient horrified untrained - This action has been selected 5 time(s) for an observed mean of -25.0

- Arm Name: deserving beeswax intercom - This action has been selected 1 time(s) for an observed mean of -50.0

- Arm Name: special heyday perceptible - This action has been selected 1 time(s) for an observed mean of -75.0

---
When selecting an action, include only the name of the action. Do not include the dashes used to indicate the list here.

Please select an action from the list of action options in order to maximize the reward for your task.
When selecting an action, put the exact name of the action between action tags like: <action> action_name </action>.

Your thinking budget is 150 tokens. If you exceed this limit, you will be forced to provide an immediate answer.
Your overall generation limit is 200 tokens.
2026-01-20 22:33:27,917 - src.driver - INFO - GENERATED CONTENT: <action>  disobedient horrified untrained </action> 
 PARSED ACTION: disobedient horrified untrained
2026-01-20 22:33:27,917 - src.driver - INFO - You will be assigned a task. 
You will receive the actions you have available, followed by the action history. 
Your goal is to maximize the total reward across all 10 steps. We are on step 8. 

Task Assignment:
---
You are faced with a 3-armed bandit problem.  Each action corresponds to pulling a specific arm. Each arm is associated with a Gaussian distribution with a fixed but unknown mean. At each time step, you will select a field and receive a reward drawn from the associated distribution. Your goal is to select which arm to pull in order to maximize your reward across all of your turns.
---

Available Actions:
---

- Arm Name: disobedient horrified untrained - This action has been selected 6 time(s) for an observed mean of -25.0

- Arm Name: deserving beeswax intercom - This action has been selected 1 time(s) for an observed mean of -50.0

- Arm Name: special heyday perceptible - This action has been selected 1 time(s) for an observed mean of -75.0

---
When selecting an action, include only the name of the action. Do not include the dashes used to indicate the list here.

Please select an action from the list of action options in order to maximize the reward for your task.
When selecting an action, put the exact name of the action between action tags like: <action> action_name </action>.

Your thinking budget is 150 tokens. If you exceed this limit, you will be forced to provide an immediate answer.
Your overall generation limit is 200 tokens.
2026-01-20 22:33:43,200 - src.driver - INFO - GENERATED CONTENT: <action>  disobedient horrified untrained </action> 
 PARSED ACTION: disobedient horrified untrained
2026-01-20 22:33:43,201 - src.driver - INFO - You will be assigned a task. 
You will receive the actions you have available, followed by the action history. 
Your goal is to maximize the total reward across all 10 steps. We are on step 9. 

Task Assignment:
---
You are faced with a 3-armed bandit problem.  Each action corresponds to pulling a specific arm. Each arm is associated with a Gaussian distribution with a fixed but unknown mean. At each time step, you will select a field and receive a reward drawn from the associated distribution. Your goal is to select which arm to pull in order to maximize your reward across all of your turns.
---

Available Actions:
---

- Arm Name: disobedient horrified untrained - This action has been selected 7 time(s) for an observed mean of -25.0

- Arm Name: deserving beeswax intercom - This action has been selected 1 time(s) for an observed mean of -50.0

- Arm Name: special heyday perceptible - This action has been selected 1 time(s) for an observed mean of -75.0

---
When selecting an action, include only the name of the action. Do not include the dashes used to indicate the list here.

Please select an action from the list of action options in order to maximize the reward for your task.
When selecting an action, put the exact name of the action between action tags like: <action> action_name </action>.

Your thinking budget is 150 tokens. If you exceed this limit, you will be forced to provide an immediate answer.
Your overall generation limit is 200 tokens.
2026-01-20 22:33:58,501 - src.driver - INFO - GENERATED CONTENT: <action>  disobedient horrified untrained </action> 
 PARSED ACTION: disobedient horrified untrained
