2026-01-18 19:01:21,602 - src.driver - INFO - You will be assigned a task. 
You will receive the actions you have available, followed by the action history. 
Your goal is to maximize the total reward across all 10 steps. We are on step 0. 

Task Assignment:
---
You are a farmer who owns 3 fields. Each action corresponds to planting your crop in a different field. Each field is associated with a Gaussian distribution with a fixed but unknown mean. At each time step, you will select a field and receive a reward drawn from the associated distribution. Your goal is to maximize your reward across all of your turns.
---

Available Actions:
---

- Field Name: attain complex freezer 

- Field Name: nameless illegible darken 

- Field Name: top generosity clever 

---
When selecting an action, include only the name of the action. Do not include the dashes used to indicate the list here.

History:
---

This is the first turn. There is no history.

---

Please select an action from the list of action options in order to maximize the reward for your task.
When selecting an action, put the exact name of the action between action tags like: <action> action_name </action>.

Your thinking budget is 150 tokens. If you exceed this limit, you will be forced to provide an immediate answer.
Your overall generation limit is 200 tokens.
2026-01-18 19:01:33,166 - src.driver - INFO - GENERATED CONTENT: <action>  top generosity clever </action> 
 PARSED ACTION: top generosity clever
2026-01-18 19:01:33,167 - src.driver - INFO - You will be assigned a task. 
You will receive the actions you have available, followed by the action history. 
Your goal is to maximize the total reward across all 10 steps. We are on step 1. 

Task Assignment:
---
You are a farmer who owns 3 fields. Each action corresponds to planting your crop in a different field. Each field is associated with a Gaussian distribution with a fixed but unknown mean. At each time step, you will select a field and receive a reward drawn from the associated distribution. Your goal is to maximize your reward across all of your turns.
---

Available Actions:
---

- Field Name: attain complex freezer 

- Field Name: nameless illegible darken 

- Field Name: top generosity clever 

---
When selecting an action, include only the name of the action. Do not include the dashes used to indicate the list here.

History:
---


- {'state': {}, 'action_taken': 'top generosity clever', 'reward': 75.0}


---

Please select an action from the list of action options in order to maximize the reward for your task.
When selecting an action, put the exact name of the action between action tags like: <action> action_name </action>.

Your thinking budget is 150 tokens. If you exceed this limit, you will be forced to provide an immediate answer.
Your overall generation limit is 200 tokens.
2026-01-18 19:01:44,854 - src.driver - INFO - GENERATED CONTENT: <action>  nameless illegible darken </action> 
 PARSED ACTION: nameless illegible darken
2026-01-18 19:01:44,855 - src.driver - INFO - You will be assigned a task. 
You will receive the actions you have available, followed by the action history. 
Your goal is to maximize the total reward across all 10 steps. We are on step 2. 

Task Assignment:
---
You are a farmer who owns 3 fields. Each action corresponds to planting your crop in a different field. Each field is associated with a Gaussian distribution with a fixed but unknown mean. At each time step, you will select a field and receive a reward drawn from the associated distribution. Your goal is to maximize your reward across all of your turns.
---

Available Actions:
---

- Field Name: attain complex freezer 

- Field Name: nameless illegible darken 

- Field Name: top generosity clever 

---
When selecting an action, include only the name of the action. Do not include the dashes used to indicate the list here.

History:
---


- {'state': {}, 'action_taken': 'top generosity clever', 'reward': 75.0}

- {'state': {}, 'action_taken': 'nameless illegible darken', 'reward': 25.0}


---

Please select an action from the list of action options in order to maximize the reward for your task.
When selecting an action, put the exact name of the action between action tags like: <action> action_name </action>.

Your thinking budget is 150 tokens. If you exceed this limit, you will be forced to provide an immediate answer.
Your overall generation limit is 200 tokens.
2026-01-18 19:01:56,602 - src.driver - INFO - GENERATED CONTENT: <action> attain complex freezer</action> 
 PARSED ACTION: attain complex freezer
2026-01-18 19:01:56,603 - src.driver - INFO - You will be assigned a task. 
You will receive the actions you have available, followed by the action history. 
Your goal is to maximize the total reward across all 10 steps. We are on step 3. 

Task Assignment:
---
You are a farmer who owns 3 fields. Each action corresponds to planting your crop in a different field. Each field is associated with a Gaussian distribution with a fixed but unknown mean. At each time step, you will select a field and receive a reward drawn from the associated distribution. Your goal is to maximize your reward across all of your turns.
---

Available Actions:
---

- Field Name: attain complex freezer 

- Field Name: nameless illegible darken 

- Field Name: top generosity clever 

---
When selecting an action, include only the name of the action. Do not include the dashes used to indicate the list here.

History:
---


- {'state': {}, 'action_taken': 'top generosity clever', 'reward': 75.0}

- {'state': {}, 'action_taken': 'nameless illegible darken', 'reward': 25.0}

- {'state': {}, 'action_taken': 'attain complex freezer', 'reward': 50.0}


---

Please select an action from the list of action options in order to maximize the reward for your task.
When selecting an action, put the exact name of the action between action tags like: <action> action_name </action>.

Your thinking budget is 150 tokens. If you exceed this limit, you will be forced to provide an immediate answer.
Your overall generation limit is 200 tokens.
2026-01-18 19:02:08,362 - src.driver - INFO - GENERATED CONTENT: <action> top generosity clever</action> 
 PARSED ACTION: top generosity clever
2026-01-18 19:02:08,363 - src.driver - INFO - You will be assigned a task. 
You will receive the actions you have available, followed by the action history. 
Your goal is to maximize the total reward across all 10 steps. We are on step 4. 

Task Assignment:
---
You are a farmer who owns 3 fields. Each action corresponds to planting your crop in a different field. Each field is associated with a Gaussian distribution with a fixed but unknown mean. At each time step, you will select a field and receive a reward drawn from the associated distribution. Your goal is to maximize your reward across all of your turns.
---

Available Actions:
---

- Field Name: attain complex freezer 

- Field Name: nameless illegible darken 

- Field Name: top generosity clever 

---
When selecting an action, include only the name of the action. Do not include the dashes used to indicate the list here.

History:
---


- {'state': {}, 'action_taken': 'top generosity clever', 'reward': 75.0}

- {'state': {}, 'action_taken': 'nameless illegible darken', 'reward': 25.0}

- {'state': {}, 'action_taken': 'attain complex freezer', 'reward': 50.0}

- {'state': {}, 'action_taken': 'top generosity clever', 'reward': 75.0}


---

Please select an action from the list of action options in order to maximize the reward for your task.
When selecting an action, put the exact name of the action between action tags like: <action> action_name </action>.

Your thinking budget is 150 tokens. If you exceed this limit, you will be forced to provide an immediate answer.
Your overall generation limit is 200 tokens.
2026-01-18 19:02:20,254 - src.driver - INFO - GENERATED CONTENT: <action>  nameless illegible darken </action> 
 PARSED ACTION: nameless illegible darken
2026-01-18 19:02:20,254 - src.driver - INFO - You will be assigned a task. 
You will receive the actions you have available, followed by the action history. 
Your goal is to maximize the total reward across all 10 steps. We are on step 5. 

Task Assignment:
---
You are a farmer who owns 3 fields. Each action corresponds to planting your crop in a different field. Each field is associated with a Gaussian distribution with a fixed but unknown mean. At each time step, you will select a field and receive a reward drawn from the associated distribution. Your goal is to maximize your reward across all of your turns.
---

Available Actions:
---

- Field Name: attain complex freezer 

- Field Name: nameless illegible darken 

- Field Name: top generosity clever 

---
When selecting an action, include only the name of the action. Do not include the dashes used to indicate the list here.

History:
---


- {'state': {}, 'action_taken': 'top generosity clever', 'reward': 75.0}

- {'state': {}, 'action_taken': 'nameless illegible darken', 'reward': 25.0}

- {'state': {}, 'action_taken': 'attain complex freezer', 'reward': 50.0}

- {'state': {}, 'action_taken': 'top generosity clever', 'reward': 75.0}

- {'state': {}, 'action_taken': 'nameless illegible darken', 'reward': 25.0}


---

Please select an action from the list of action options in order to maximize the reward for your task.
When selecting an action, put the exact name of the action between action tags like: <action> action_name </action>.

Your thinking budget is 150 tokens. If you exceed this limit, you will be forced to provide an immediate answer.
Your overall generation limit is 200 tokens.
2026-01-18 19:02:32,223 - src.driver - INFO - GENERATED CONTENT: <action> top generosity clever</action> 
 PARSED ACTION: top generosity clever
2026-01-18 19:02:32,224 - src.driver - INFO - You will be assigned a task. 
You will receive the actions you have available, followed by the action history. 
Your goal is to maximize the total reward across all 10 steps. We are on step 6. 

Task Assignment:
---
You are a farmer who owns 3 fields. Each action corresponds to planting your crop in a different field. Each field is associated with a Gaussian distribution with a fixed but unknown mean. At each time step, you will select a field and receive a reward drawn from the associated distribution. Your goal is to maximize your reward across all of your turns.
---

Available Actions:
---

- Field Name: attain complex freezer 

- Field Name: nameless illegible darken 

- Field Name: top generosity clever 

---
When selecting an action, include only the name of the action. Do not include the dashes used to indicate the list here.

History:
---


- {'state': {}, 'action_taken': 'top generosity clever', 'reward': 75.0}

- {'state': {}, 'action_taken': 'nameless illegible darken', 'reward': 25.0}

- {'state': {}, 'action_taken': 'attain complex freezer', 'reward': 50.0}

- {'state': {}, 'action_taken': 'top generosity clever', 'reward': 75.0}

- {'state': {}, 'action_taken': 'nameless illegible darken', 'reward': 25.0}

- {'state': {}, 'action_taken': 'top generosity clever', 'reward': 75.0}


---

Please select an action from the list of action options in order to maximize the reward for your task.
When selecting an action, put the exact name of the action between action tags like: <action> action_name </action>.

Your thinking budget is 150 tokens. If you exceed this limit, you will be forced to provide an immediate answer.
Your overall generation limit is 200 tokens.
2026-01-18 19:02:44,252 - src.driver - INFO - GENERATED CONTENT: <action>  attain complex freezer </action> 
 PARSED ACTION: attain complex freezer
2026-01-18 19:02:44,253 - src.driver - INFO - You will be assigned a task. 
You will receive the actions you have available, followed by the action history. 
Your goal is to maximize the total reward across all 10 steps. We are on step 7. 

Task Assignment:
---
You are a farmer who owns 3 fields. Each action corresponds to planting your crop in a different field. Each field is associated with a Gaussian distribution with a fixed but unknown mean. At each time step, you will select a field and receive a reward drawn from the associated distribution. Your goal is to maximize your reward across all of your turns.
---

Available Actions:
---

- Field Name: attain complex freezer 

- Field Name: nameless illegible darken 

- Field Name: top generosity clever 

---
When selecting an action, include only the name of the action. Do not include the dashes used to indicate the list here.

History:
---


- {'state': {}, 'action_taken': 'top generosity clever', 'reward': 75.0}

- {'state': {}, 'action_taken': 'nameless illegible darken', 'reward': 25.0}

- {'state': {}, 'action_taken': 'attain complex freezer', 'reward': 50.0}

- {'state': {}, 'action_taken': 'top generosity clever', 'reward': 75.0}

- {'state': {}, 'action_taken': 'nameless illegible darken', 'reward': 25.0}

- {'state': {}, 'action_taken': 'top generosity clever', 'reward': 75.0}

- {'state': {}, 'action_taken': 'attain complex freezer', 'reward': 50.0}


---

Please select an action from the list of action options in order to maximize the reward for your task.
When selecting an action, put the exact name of the action between action tags like: <action> action_name </action>.

Your thinking budget is 150 tokens. If you exceed this limit, you will be forced to provide an immediate answer.
Your overall generation limit is 200 tokens.
2026-01-18 19:02:56,363 - src.driver - INFO - GENERATED CONTENT: <action> top generosity clever</action> 
 PARSED ACTION: top generosity clever
2026-01-18 19:02:56,363 - src.driver - INFO - You will be assigned a task. 
You will receive the actions you have available, followed by the action history. 
Your goal is to maximize the total reward across all 10 steps. We are on step 8. 

Task Assignment:
---
You are a farmer who owns 3 fields. Each action corresponds to planting your crop in a different field. Each field is associated with a Gaussian distribution with a fixed but unknown mean. At each time step, you will select a field and receive a reward drawn from the associated distribution. Your goal is to maximize your reward across all of your turns.
---

Available Actions:
---

- Field Name: attain complex freezer 

- Field Name: nameless illegible darken 

- Field Name: top generosity clever 

---
When selecting an action, include only the name of the action. Do not include the dashes used to indicate the list here.

History:
---


- {'state': {}, 'action_taken': 'top generosity clever', 'reward': 75.0}

- {'state': {}, 'action_taken': 'nameless illegible darken', 'reward': 25.0}

- {'state': {}, 'action_taken': 'attain complex freezer', 'reward': 50.0}

- {'state': {}, 'action_taken': 'top generosity clever', 'reward': 75.0}

- {'state': {}, 'action_taken': 'nameless illegible darken', 'reward': 25.0}

- {'state': {}, 'action_taken': 'top generosity clever', 'reward': 75.0}

- {'state': {}, 'action_taken': 'attain complex freezer', 'reward': 50.0}

- {'state': {}, 'action_taken': 'top generosity clever', 'reward': 75.0}


---

Please select an action from the list of action options in order to maximize the reward for your task.
When selecting an action, put the exact name of the action between action tags like: <action> action_name </action>.

Your thinking budget is 150 tokens. If you exceed this limit, you will be forced to provide an immediate answer.
Your overall generation limit is 200 tokens.
2026-01-18 19:03:08,553 - src.driver - INFO - GENERATED CONTENT: <action>  attain complex freezer </action> 
 PARSED ACTION: attain complex freezer
2026-01-18 19:03:08,554 - src.driver - INFO - You will be assigned a task. 
You will receive the actions you have available, followed by the action history. 
Your goal is to maximize the total reward across all 10 steps. We are on step 9. 

Task Assignment:
---
You are a farmer who owns 3 fields. Each action corresponds to planting your crop in a different field. Each field is associated with a Gaussian distribution with a fixed but unknown mean. At each time step, you will select a field and receive a reward drawn from the associated distribution. Your goal is to maximize your reward across all of your turns.
---

Available Actions:
---

- Field Name: attain complex freezer 

- Field Name: nameless illegible darken 

- Field Name: top generosity clever 

---
When selecting an action, include only the name of the action. Do not include the dashes used to indicate the list here.

History:
---


- {'state': {}, 'action_taken': 'top generosity clever', 'reward': 75.0}

- {'state': {}, 'action_taken': 'nameless illegible darken', 'reward': 25.0}

- {'state': {}, 'action_taken': 'attain complex freezer', 'reward': 50.0}

- {'state': {}, 'action_taken': 'top generosity clever', 'reward': 75.0}

- {'state': {}, 'action_taken': 'nameless illegible darken', 'reward': 25.0}

- {'state': {}, 'action_taken': 'top generosity clever', 'reward': 75.0}

- {'state': {}, 'action_taken': 'attain complex freezer', 'reward': 50.0}

- {'state': {}, 'action_taken': 'top generosity clever', 'reward': 75.0}

- {'state': {}, 'action_taken': 'attain complex freezer', 'reward': 50.0}


---

Please select an action from the list of action options in order to maximize the reward for your task.
When selecting an action, put the exact name of the action between action tags like: <action> action_name </action>.

Your thinking budget is 150 tokens. If you exceed this limit, you will be forced to provide an immediate answer.
Your overall generation limit is 200 tokens.
2026-01-18 19:03:20,793 - src.driver - INFO - GENERATED CONTENT: <action>  top generosity clever </action> 
 PARSED ACTION: top generosity clever
2026-01-18 19:03:20,807 - src.driver - INFO - You will be assigned a task. 
You will receive the actions you have available, followed by the action history. 
Your goal is to maximize the total reward across all 10 steps. We are on step 0. 

Task Assignment:
---
You are a farmer who owns 3 fields. Each action corresponds to planting your crop in a different field. Each field is associated with a Gaussian distribution with a fixed but unknown mean. At each time step, you will select a field and receive a reward drawn from the associated distribution. Your goal is to maximize your reward across all of your turns.
---

Available Actions:
---

- Field Name: clientele ratification character 

- Field Name: evergreen gratify organic 

- Field Name: flee apathetic plaintiff 

---
When selecting an action, include only the name of the action. Do not include the dashes used to indicate the list here.

History:
---

This is the first turn. There is no history.

---

Please select an action from the list of action options in order to maximize the reward for your task.
When selecting an action, put the exact name of the action between action tags like: <action> action_name </action>.

Your thinking budget is 150 tokens. If you exceed this limit, you will be forced to provide an immediate answer.
Your overall generation limit is 200 tokens.
2026-01-18 19:03:32,486 - src.driver - INFO - GENERATED CONTENT: <action>  evergreen gratify organic </action> 
 PARSED ACTION: evergreen gratify organic
2026-01-18 19:03:32,487 - src.driver - INFO - You will be assigned a task. 
You will receive the actions you have available, followed by the action history. 
Your goal is to maximize the total reward across all 10 steps. We are on step 1. 

Task Assignment:
---
You are a farmer who owns 3 fields. Each action corresponds to planting your crop in a different field. Each field is associated with a Gaussian distribution with a fixed but unknown mean. At each time step, you will select a field and receive a reward drawn from the associated distribution. Your goal is to maximize your reward across all of your turns.
---

Available Actions:
---

- Field Name: clientele ratification character 

- Field Name: evergreen gratify organic 

- Field Name: flee apathetic plaintiff 

---
When selecting an action, include only the name of the action. Do not include the dashes used to indicate the list here.

History:
---


- {'state': {}, 'action_taken': 'evergreen gratify organic', 'reward': 75.0}


---

Please select an action from the list of action options in order to maximize the reward for your task.
When selecting an action, put the exact name of the action between action tags like: <action> action_name </action>.

Your thinking budget is 150 tokens. If you exceed this limit, you will be forced to provide an immediate answer.
Your overall generation limit is 200 tokens.
2026-01-18 19:03:44,184 - src.driver - INFO - GENERATED CONTENT: <action>  flee apathetic plaintiff </action> 
 PARSED ACTION: flee apathetic plaintiff
2026-01-18 19:03:44,184 - src.driver - INFO - You will be assigned a task. 
You will receive the actions you have available, followed by the action history. 
Your goal is to maximize the total reward across all 10 steps. We are on step 2. 

Task Assignment:
---
You are a farmer who owns 3 fields. Each action corresponds to planting your crop in a different field. Each field is associated with a Gaussian distribution with a fixed but unknown mean. At each time step, you will select a field and receive a reward drawn from the associated distribution. Your goal is to maximize your reward across all of your turns.
---

Available Actions:
---

- Field Name: clientele ratification character 

- Field Name: evergreen gratify organic 

- Field Name: flee apathetic plaintiff 

---
When selecting an action, include only the name of the action. Do not include the dashes used to indicate the list here.

History:
---


- {'state': {}, 'action_taken': 'evergreen gratify organic', 'reward': 75.0}

- {'state': {}, 'action_taken': 'flee apathetic plaintiff', 'reward': 25.0}


---

Please select an action from the list of action options in order to maximize the reward for your task.
When selecting an action, put the exact name of the action between action tags like: <action> action_name </action>.

Your thinking budget is 150 tokens. If you exceed this limit, you will be forced to provide an immediate answer.
Your overall generation limit is 200 tokens.
2026-01-18 19:03:55,975 - src.driver - INFO - GENERATED CONTENT: <action> cliente ratification character</action> 
 PARSED ACTION: cliente ratification character
2026-01-18 19:03:55,976 - src.driver - INFO - You will be assigned a task. 
You will receive the actions you have available, followed by the action history. 
Your goal is to maximize the total reward across all 10 steps. We are on step 3. 

Task Assignment:
---
You are a farmer who owns 3 fields. Each action corresponds to planting your crop in a different field. Each field is associated with a Gaussian distribution with a fixed but unknown mean. At each time step, you will select a field and receive a reward drawn from the associated distribution. Your goal is to maximize your reward across all of your turns.
---

Available Actions:
---

- Field Name: clientele ratification character 

- Field Name: evergreen gratify organic 

- Field Name: flee apathetic plaintiff 

---
When selecting an action, include only the name of the action. Do not include the dashes used to indicate the list here.

History:
---


- {'state': {}, 'action_taken': 'evergreen gratify organic', 'reward': 75.0}

- {'state': {}, 'action_taken': 'flee apathetic plaintiff', 'reward': 25.0}

- {'state': {}, 'action_taken': 'evergreen gratify organic', 'reward': 75.0}


---

Please select an action from the list of action options in order to maximize the reward for your task.
When selecting an action, put the exact name of the action between action tags like: <action> action_name </action>.

Your thinking budget is 150 tokens. If you exceed this limit, you will be forced to provide an immediate answer.
Your overall generation limit is 200 tokens.
2026-01-18 19:04:07,822 - src.driver - INFO - GENERATED CONTENT: <action> evergreen gratify organic</action> 
 PARSED ACTION: evergreen gratify organic
2026-01-18 19:04:07,822 - src.driver - INFO - You will be assigned a task. 
You will receive the actions you have available, followed by the action history. 
Your goal is to maximize the total reward across all 10 steps. We are on step 4. 

Task Assignment:
---
You are a farmer who owns 3 fields. Each action corresponds to planting your crop in a different field. Each field is associated with a Gaussian distribution with a fixed but unknown mean. At each time step, you will select a field and receive a reward drawn from the associated distribution. Your goal is to maximize your reward across all of your turns.
---

Available Actions:
---

- Field Name: clientele ratification character 

- Field Name: evergreen gratify organic 

- Field Name: flee apathetic plaintiff 

---
When selecting an action, include only the name of the action. Do not include the dashes used to indicate the list here.

History:
---


- {'state': {}, 'action_taken': 'evergreen gratify organic', 'reward': 75.0}

- {'state': {}, 'action_taken': 'flee apathetic plaintiff', 'reward': 25.0}

- {'state': {}, 'action_taken': 'evergreen gratify organic', 'reward': 75.0}

- {'state': {}, 'action_taken': 'evergreen gratify organic', 'reward': 75.0}


---

Please select an action from the list of action options in order to maximize the reward for your task.
When selecting an action, put the exact name of the action between action tags like: <action> action_name </action>.

Your thinking budget is 150 tokens. If you exceed this limit, you will be forced to provide an immediate answer.
Your overall generation limit is 200 tokens.
2026-01-18 19:04:19,784 - src.driver - INFO - GENERATED CONTENT: <action> evergreen gratify organic</action> 
 PARSED ACTION: evergreen gratify organic
2026-01-18 19:04:19,784 - src.driver - INFO - You will be assigned a task. 
You will receive the actions you have available, followed by the action history. 
Your goal is to maximize the total reward across all 10 steps. We are on step 5. 

Task Assignment:
---
You are a farmer who owns 3 fields. Each action corresponds to planting your crop in a different field. Each field is associated with a Gaussian distribution with a fixed but unknown mean. At each time step, you will select a field and receive a reward drawn from the associated distribution. Your goal is to maximize your reward across all of your turns.
---

Available Actions:
---

- Field Name: clientele ratification character 

- Field Name: evergreen gratify organic 

- Field Name: flee apathetic plaintiff 

---
When selecting an action, include only the name of the action. Do not include the dashes used to indicate the list here.

History:
---


- {'state': {}, 'action_taken': 'evergreen gratify organic', 'reward': 75.0}

- {'state': {}, 'action_taken': 'flee apathetic plaintiff', 'reward': 25.0}

- {'state': {}, 'action_taken': 'evergreen gratify organic', 'reward': 75.0}

- {'state': {}, 'action_taken': 'evergreen gratify organic', 'reward': 75.0}

- {'state': {}, 'action_taken': 'evergreen gratify organic', 'reward': 75.0}


---

Please select an action from the list of action options in order to maximize the reward for your task.
When selecting an action, put the exact name of the action between action tags like: <action> action_name </action>.

Your thinking budget is 150 tokens. If you exceed this limit, you will be forced to provide an immediate answer.
Your overall generation limit is 200 tokens.
2026-01-18 19:04:31,797 - src.driver - INFO - GENERATED CONTENT: <action>  clientele ratification character </action> 
 PARSED ACTION: clientele ratification character
2026-01-18 19:04:31,797 - src.driver - INFO - You will be assigned a task. 
You will receive the actions you have available, followed by the action history. 
Your goal is to maximize the total reward across all 10 steps. We are on step 6. 

Task Assignment:
---
You are a farmer who owns 3 fields. Each action corresponds to planting your crop in a different field. Each field is associated with a Gaussian distribution with a fixed but unknown mean. At each time step, you will select a field and receive a reward drawn from the associated distribution. Your goal is to maximize your reward across all of your turns.
---

Available Actions:
---

- Field Name: clientele ratification character 

- Field Name: evergreen gratify organic 

- Field Name: flee apathetic plaintiff 

---
When selecting an action, include only the name of the action. Do not include the dashes used to indicate the list here.

History:
---


- {'state': {}, 'action_taken': 'evergreen gratify organic', 'reward': 75.0}

- {'state': {}, 'action_taken': 'flee apathetic plaintiff', 'reward': 25.0}

- {'state': {}, 'action_taken': 'evergreen gratify organic', 'reward': 75.0}

- {'state': {}, 'action_taken': 'evergreen gratify organic', 'reward': 75.0}

- {'state': {}, 'action_taken': 'evergreen gratify organic', 'reward': 75.0}

- {'state': {}, 'action_taken': 'clientele ratification character', 'reward': 50.0}


---

Please select an action from the list of action options in order to maximize the reward for your task.
When selecting an action, put the exact name of the action between action tags like: <action> action_name </action>.

Your thinking budget is 150 tokens. If you exceed this limit, you will be forced to provide an immediate answer.
Your overall generation limit is 200 tokens.
2026-01-18 19:04:43,919 - src.driver - INFO - GENERATED CONTENT: <action> evergreen gratify organic</action> 
 PARSED ACTION: evergreen gratify organic
2026-01-18 19:04:43,919 - src.driver - INFO - You will be assigned a task. 
You will receive the actions you have available, followed by the action history. 
Your goal is to maximize the total reward across all 10 steps. We are on step 7. 

Task Assignment:
---
You are a farmer who owns 3 fields. Each action corresponds to planting your crop in a different field. Each field is associated with a Gaussian distribution with a fixed but unknown mean. At each time step, you will select a field and receive a reward drawn from the associated distribution. Your goal is to maximize your reward across all of your turns.
---

Available Actions:
---

- Field Name: clientele ratification character 

- Field Name: evergreen gratify organic 

- Field Name: flee apathetic plaintiff 

---
When selecting an action, include only the name of the action. Do not include the dashes used to indicate the list here.

History:
---


- {'state': {}, 'action_taken': 'evergreen gratify organic', 'reward': 75.0}

- {'state': {}, 'action_taken': 'flee apathetic plaintiff', 'reward': 25.0}

- {'state': {}, 'action_taken': 'evergreen gratify organic', 'reward': 75.0}

- {'state': {}, 'action_taken': 'evergreen gratify organic', 'reward': 75.0}

- {'state': {}, 'action_taken': 'evergreen gratify organic', 'reward': 75.0}

- {'state': {}, 'action_taken': 'clientele ratification character', 'reward': 50.0}

- {'state': {}, 'action_taken': 'evergreen gratify organic', 'reward': 75.0}


---

Please select an action from the list of action options in order to maximize the reward for your task.
When selecting an action, put the exact name of the action between action tags like: <action> action_name </action>.

Your thinking budget is 150 tokens. If you exceed this limit, you will be forced to provide an immediate answer.
Your overall generation limit is 200 tokens.
2026-01-18 19:04:56,162 - src.driver - INFO - GENERATED CONTENT: <action>  flee apathetic plaintiff </action> 
 PARSED ACTION: flee apathetic plaintiff
2026-01-18 19:04:56,163 - src.driver - INFO - You will be assigned a task. 
You will receive the actions you have available, followed by the action history. 
Your goal is to maximize the total reward across all 10 steps. We are on step 8. 

Task Assignment:
---
You are a farmer who owns 3 fields. Each action corresponds to planting your crop in a different field. Each field is associated with a Gaussian distribution with a fixed but unknown mean. At each time step, you will select a field and receive a reward drawn from the associated distribution. Your goal is to maximize your reward across all of your turns.
---

Available Actions:
---

- Field Name: clientele ratification character 

- Field Name: evergreen gratify organic 

- Field Name: flee apathetic plaintiff 

---
When selecting an action, include only the name of the action. Do not include the dashes used to indicate the list here.

History:
---


- {'state': {}, 'action_taken': 'evergreen gratify organic', 'reward': 75.0}

- {'state': {}, 'action_taken': 'flee apathetic plaintiff', 'reward': 25.0}

- {'state': {}, 'action_taken': 'evergreen gratify organic', 'reward': 75.0}

- {'state': {}, 'action_taken': 'evergreen gratify organic', 'reward': 75.0}

- {'state': {}, 'action_taken': 'evergreen gratify organic', 'reward': 75.0}

- {'state': {}, 'action_taken': 'clientele ratification character', 'reward': 50.0}

- {'state': {}, 'action_taken': 'evergreen gratify organic', 'reward': 75.0}

- {'state': {}, 'action_taken': 'flee apathetic plaintiff', 'reward': 25.0}


---

Please select an action from the list of action options in order to maximize the reward for your task.
When selecting an action, put the exact name of the action between action tags like: <action> action_name </action>.

Your thinking budget is 150 tokens. If you exceed this limit, you will be forced to provide an immediate answer.
Your overall generation limit is 200 tokens.
2026-01-18 19:05:08,542 - src.driver - INFO - GENERATED CONTENT: <action> evergreen gratify organic</action> 
 PARSED ACTION: evergreen gratify organic
2026-01-18 19:05:08,542 - src.driver - INFO - You will be assigned a task. 
You will receive the actions you have available, followed by the action history. 
Your goal is to maximize the total reward across all 10 steps. We are on step 9. 

Task Assignment:
---
You are a farmer who owns 3 fields. Each action corresponds to planting your crop in a different field. Each field is associated with a Gaussian distribution with a fixed but unknown mean. At each time step, you will select a field and receive a reward drawn from the associated distribution. Your goal is to maximize your reward across all of your turns.
---

Available Actions:
---

- Field Name: clientele ratification character 

- Field Name: evergreen gratify organic 

- Field Name: flee apathetic plaintiff 

---
When selecting an action, include only the name of the action. Do not include the dashes used to indicate the list here.

History:
---


- {'state': {}, 'action_taken': 'evergreen gratify organic', 'reward': 75.0}

- {'state': {}, 'action_taken': 'flee apathetic plaintiff', 'reward': 25.0}

- {'state': {}, 'action_taken': 'evergreen gratify organic', 'reward': 75.0}

- {'state': {}, 'action_taken': 'evergreen gratify organic', 'reward': 75.0}

- {'state': {}, 'action_taken': 'evergreen gratify organic', 'reward': 75.0}

- {'state': {}, 'action_taken': 'clientele ratification character', 'reward': 50.0}

- {'state': {}, 'action_taken': 'evergreen gratify organic', 'reward': 75.0}

- {'state': {}, 'action_taken': 'flee apathetic plaintiff', 'reward': 25.0}

- {'state': {}, 'action_taken': 'evergreen gratify organic', 'reward': 75.0}


---

Please select an action from the list of action options in order to maximize the reward for your task.
When selecting an action, put the exact name of the action between action tags like: <action> action_name </action>.

Your thinking budget is 150 tokens. If you exceed this limit, you will be forced to provide an immediate answer.
Your overall generation limit is 200 tokens.
2026-01-18 19:05:20,982 - src.driver - INFO - GENERATED CONTENT: <action> evergreen gratify organic</action> 
 PARSED ACTION: evergreen gratify organic
2026-01-18 19:05:20,996 - src.driver - INFO - You will be assigned a task. 
You will receive the actions you have available, followed by the action history. 
Your goal is to maximize the total reward across all 10 steps. We are on step 0. 

Task Assignment:
---
You are a farmer who owns 3 fields. Each action corresponds to planting your crop in a different field. Each field is associated with a Gaussian distribution with a fixed but unknown mean. At each time step, you will select a field and receive a reward drawn from the associated distribution. Your goal is to maximize your reward across all of your turns.
---

Available Actions:
---

- Field Name: top generosity clever 

- Field Name: nudge anatomy widely 

- Field Name: deficiency whine overdue 

---
When selecting an action, include only the name of the action. Do not include the dashes used to indicate the list here.

History:
---

This is the first turn. There is no history.

---

Please select an action from the list of action options in order to maximize the reward for your task.
When selecting an action, put the exact name of the action between action tags like: <action> action_name </action>.

Your thinking budget is 150 tokens. If you exceed this limit, you will be forced to provide an immediate answer.
Your overall generation limit is 200 tokens.
2026-01-18 19:05:32,542 - src.driver - INFO - GENERATED CONTENT: <action>  top generosity clever </action> 
 PARSED ACTION: top generosity clever
2026-01-18 19:05:32,542 - src.driver - INFO - You will be assigned a task. 
You will receive the actions you have available, followed by the action history. 
Your goal is to maximize the total reward across all 10 steps. We are on step 1. 

Task Assignment:
---
You are a farmer who owns 3 fields. Each action corresponds to planting your crop in a different field. Each field is associated with a Gaussian distribution with a fixed but unknown mean. At each time step, you will select a field and receive a reward drawn from the associated distribution. Your goal is to maximize your reward across all of your turns.
---

Available Actions:
---

- Field Name: top generosity clever 

- Field Name: nudge anatomy widely 

- Field Name: deficiency whine overdue 

---
When selecting an action, include only the name of the action. Do not include the dashes used to indicate the list here.

History:
---


- {'state': {}, 'action_taken': 'top generosity clever', 'reward': 75.0}


---

Please select an action from the list of action options in order to maximize the reward for your task.
When selecting an action, put the exact name of the action between action tags like: <action> action_name </action>.

Your thinking budget is 150 tokens. If you exceed this limit, you will be forced to provide an immediate answer.
Your overall generation limit is 200 tokens.
2026-01-18 19:05:44,136 - src.driver - INFO - GENERATED CONTENT: <action>  deficiency whine overdue </action> 
 PARSED ACTION: deficiency whine overdue
2026-01-18 19:05:44,136 - src.driver - INFO - You will be assigned a task. 
You will receive the actions you have available, followed by the action history. 
Your goal is to maximize the total reward across all 10 steps. We are on step 2. 

Task Assignment:
---
You are a farmer who owns 3 fields. Each action corresponds to planting your crop in a different field. Each field is associated with a Gaussian distribution with a fixed but unknown mean. At each time step, you will select a field and receive a reward drawn from the associated distribution. Your goal is to maximize your reward across all of your turns.
---

Available Actions:
---

- Field Name: top generosity clever 

- Field Name: nudge anatomy widely 

- Field Name: deficiency whine overdue 

---
When selecting an action, include only the name of the action. Do not include the dashes used to indicate the list here.

History:
---


- {'state': {}, 'action_taken': 'top generosity clever', 'reward': 75.0}

- {'state': {}, 'action_taken': 'deficiency whine overdue', 'reward': 25.0}


---

Please select an action from the list of action options in order to maximize the reward for your task.
When selecting an action, put the exact name of the action between action tags like: <action> action_name </action>.

Your thinking budget is 150 tokens. If you exceed this limit, you will be forced to provide an immediate answer.
Your overall generation limit is 200 tokens.
2026-01-18 19:05:55,824 - src.driver - INFO - GENERATED CONTENT: <action>  nudge anatomy widely </action> 
 PARSED ACTION: nudge anatomy widely
2026-01-18 19:05:55,824 - src.driver - INFO - You will be assigned a task. 
You will receive the actions you have available, followed by the action history. 
Your goal is to maximize the total reward across all 10 steps. We are on step 3. 

Task Assignment:
---
You are a farmer who owns 3 fields. Each action corresponds to planting your crop in a different field. Each field is associated with a Gaussian distribution with a fixed but unknown mean. At each time step, you will select a field and receive a reward drawn from the associated distribution. Your goal is to maximize your reward across all of your turns.
---

Available Actions:
---

- Field Name: top generosity clever 

- Field Name: nudge anatomy widely 

- Field Name: deficiency whine overdue 

---
When selecting an action, include only the name of the action. Do not include the dashes used to indicate the list here.

History:
---


- {'state': {}, 'action_taken': 'top generosity clever', 'reward': 75.0}

- {'state': {}, 'action_taken': 'deficiency whine overdue', 'reward': 25.0}

- {'state': {}, 'action_taken': 'nudge anatomy widely', 'reward': 50.0}


---

Please select an action from the list of action options in order to maximize the reward for your task.
When selecting an action, put the exact name of the action between action tags like: <action> action_name </action>.

Your thinking budget is 150 tokens. If you exceed this limit, you will be forced to provide an immediate answer.
Your overall generation limit is 200 tokens.
2026-01-18 19:06:07,560 - src.driver - INFO - GENERATED CONTENT: <action> top generosity clever</action> 
 PARSED ACTION: top generosity clever
2026-01-18 19:06:07,561 - src.driver - INFO - You will be assigned a task. 
You will receive the actions you have available, followed by the action history. 
Your goal is to maximize the total reward across all 10 steps. We are on step 4. 

Task Assignment:
---
You are a farmer who owns 3 fields. Each action corresponds to planting your crop in a different field. Each field is associated with a Gaussian distribution with a fixed but unknown mean. At each time step, you will select a field and receive a reward drawn from the associated distribution. Your goal is to maximize your reward across all of your turns.
---

Available Actions:
---

- Field Name: top generosity clever 

- Field Name: nudge anatomy widely 

- Field Name: deficiency whine overdue 

---
When selecting an action, include only the name of the action. Do not include the dashes used to indicate the list here.

History:
---


- {'state': {}, 'action_taken': 'top generosity clever', 'reward': 75.0}

- {'state': {}, 'action_taken': 'deficiency whine overdue', 'reward': 25.0}

- {'state': {}, 'action_taken': 'nudge anatomy widely', 'reward': 50.0}

- {'state': {}, 'action_taken': 'top generosity clever', 'reward': 75.0}


---

Please select an action from the list of action options in order to maximize the reward for your task.
When selecting an action, put the exact name of the action between action tags like: <action> action_name </action>.

Your thinking budget is 150 tokens. If you exceed this limit, you will be forced to provide an immediate answer.
Your overall generation limit is 200 tokens.
2026-01-18 19:06:19,360 - src.driver - INFO - GENERATED CONTENT: <action>  nudge anatomy widely </action> 
 PARSED ACTION: nudge anatomy widely
2026-01-18 19:06:19,360 - src.driver - INFO - You will be assigned a task. 
You will receive the actions you have available, followed by the action history. 
Your goal is to maximize the total reward across all 10 steps. We are on step 5. 

Task Assignment:
---
You are a farmer who owns 3 fields. Each action corresponds to planting your crop in a different field. Each field is associated with a Gaussian distribution with a fixed but unknown mean. At each time step, you will select a field and receive a reward drawn from the associated distribution. Your goal is to maximize your reward across all of your turns.
---

Available Actions:
---

- Field Name: top generosity clever 

- Field Name: nudge anatomy widely 

- Field Name: deficiency whine overdue 

---
When selecting an action, include only the name of the action. Do not include the dashes used to indicate the list here.

History:
---


- {'state': {}, 'action_taken': 'top generosity clever', 'reward': 75.0}

- {'state': {}, 'action_taken': 'deficiency whine overdue', 'reward': 25.0}

- {'state': {}, 'action_taken': 'nudge anatomy widely', 'reward': 50.0}

- {'state': {}, 'action_taken': 'top generosity clever', 'reward': 75.0}

- {'state': {}, 'action_taken': 'nudge anatomy widely', 'reward': 50.0}


---

Please select an action from the list of action options in order to maximize the reward for your task.
When selecting an action, put the exact name of the action between action tags like: <action> action_name </action>.

Your thinking budget is 150 tokens. If you exceed this limit, you will be forced to provide an immediate answer.
Your overall generation limit is 200 tokens.
2026-01-18 19:06:31,190 - src.driver - INFO - GENERATED CONTENT: <action> top generosity clever</action> 
 PARSED ACTION: top generosity clever
2026-01-18 19:06:31,191 - src.driver - INFO - You will be assigned a task. 
You will receive the actions you have available, followed by the action history. 
Your goal is to maximize the total reward across all 10 steps. We are on step 6. 

Task Assignment:
---
You are a farmer who owns 3 fields. Each action corresponds to planting your crop in a different field. Each field is associated with a Gaussian distribution with a fixed but unknown mean. At each time step, you will select a field and receive a reward drawn from the associated distribution. Your goal is to maximize your reward across all of your turns.
---

Available Actions:
---

- Field Name: top generosity clever 

- Field Name: nudge anatomy widely 

- Field Name: deficiency whine overdue 

---
When selecting an action, include only the name of the action. Do not include the dashes used to indicate the list here.

History:
---


- {'state': {}, 'action_taken': 'top generosity clever', 'reward': 75.0}

- {'state': {}, 'action_taken': 'deficiency whine overdue', 'reward': 25.0}

- {'state': {}, 'action_taken': 'nudge anatomy widely', 'reward': 50.0}

- {'state': {}, 'action_taken': 'top generosity clever', 'reward': 75.0}

- {'state': {}, 'action_taken': 'nudge anatomy widely', 'reward': 50.0}

- {'state': {}, 'action_taken': 'top generosity clever', 'reward': 75.0}


---

Please select an action from the list of action options in order to maximize the reward for your task.
When selecting an action, put the exact name of the action between action tags like: <action> action_name </action>.

Your thinking budget is 150 tokens. If you exceed this limit, you will be forced to provide an immediate answer.
Your overall generation limit is 200 tokens.
2026-01-18 19:06:43,255 - src.driver - INFO - GENERATED CONTENT: <action>  nudge anatomy widely </action> 
 PARSED ACTION: nudge anatomy widely
2026-01-18 19:06:43,256 - src.driver - INFO - You will be assigned a task. 
You will receive the actions you have available, followed by the action history. 
Your goal is to maximize the total reward across all 10 steps. We are on step 7. 

Task Assignment:
---
You are a farmer who owns 3 fields. Each action corresponds to planting your crop in a different field. Each field is associated with a Gaussian distribution with a fixed but unknown mean. At each time step, you will select a field and receive a reward drawn from the associated distribution. Your goal is to maximize your reward across all of your turns.
---

Available Actions:
---

- Field Name: top generosity clever 

- Field Name: nudge anatomy widely 

- Field Name: deficiency whine overdue 

---
When selecting an action, include only the name of the action. Do not include the dashes used to indicate the list here.

History:
---


- {'state': {}, 'action_taken': 'top generosity clever', 'reward': 75.0}

- {'state': {}, 'action_taken': 'deficiency whine overdue', 'reward': 25.0}

- {'state': {}, 'action_taken': 'nudge anatomy widely', 'reward': 50.0}

- {'state': {}, 'action_taken': 'top generosity clever', 'reward': 75.0}

- {'state': {}, 'action_taken': 'nudge anatomy widely', 'reward': 50.0}

- {'state': {}, 'action_taken': 'top generosity clever', 'reward': 75.0}

- {'state': {}, 'action_taken': 'nudge anatomy widely', 'reward': 50.0}


---

Please select an action from the list of action options in order to maximize the reward for your task.
When selecting an action, put the exact name of the action between action tags like: <action> action_name </action>.

Your thinking budget is 150 tokens. If you exceed this limit, you will be forced to provide an immediate answer.
Your overall generation limit is 200 tokens.
2026-01-18 19:06:55,341 - src.driver - INFO - GENERATED CONTENT: <action> top generosity clever</action> 
 PARSED ACTION: top generosity clever
2026-01-18 19:06:55,341 - src.driver - INFO - You will be assigned a task. 
You will receive the actions you have available, followed by the action history. 
Your goal is to maximize the total reward across all 10 steps. We are on step 8. 

Task Assignment:
---
You are a farmer who owns 3 fields. Each action corresponds to planting your crop in a different field. Each field is associated with a Gaussian distribution with a fixed but unknown mean. At each time step, you will select a field and receive a reward drawn from the associated distribution. Your goal is to maximize your reward across all of your turns.
---

Available Actions:
---

- Field Name: top generosity clever 

- Field Name: nudge anatomy widely 

- Field Name: deficiency whine overdue 

---
When selecting an action, include only the name of the action. Do not include the dashes used to indicate the list here.

History:
---


- {'state': {}, 'action_taken': 'top generosity clever', 'reward': 75.0}

- {'state': {}, 'action_taken': 'deficiency whine overdue', 'reward': 25.0}

- {'state': {}, 'action_taken': 'nudge anatomy widely', 'reward': 50.0}

- {'state': {}, 'action_taken': 'top generosity clever', 'reward': 75.0}

- {'state': {}, 'action_taken': 'nudge anatomy widely', 'reward': 50.0}

- {'state': {}, 'action_taken': 'top generosity clever', 'reward': 75.0}

- {'state': {}, 'action_taken': 'nudge anatomy widely', 'reward': 50.0}

- {'state': {}, 'action_taken': 'top generosity clever', 'reward': 75.0}


---

Please select an action from the list of action options in order to maximize the reward for your task.
When selecting an action, put the exact name of the action between action tags like: <action> action_name </action>.

Your thinking budget is 150 tokens. If you exceed this limit, you will be forced to provide an immediate answer.
Your overall generation limit is 200 tokens.
2026-01-18 19:07:07,620 - src.driver - INFO - GENERATED CONTENT: <action>  nudge anatomy widely </action> 
 PARSED ACTION: nudge anatomy widely
2026-01-18 19:07:07,620 - src.driver - INFO - You will be assigned a task. 
You will receive the actions you have available, followed by the action history. 
Your goal is to maximize the total reward across all 10 steps. We are on step 9. 

Task Assignment:
---
You are a farmer who owns 3 fields. Each action corresponds to planting your crop in a different field. Each field is associated with a Gaussian distribution with a fixed but unknown mean. At each time step, you will select a field and receive a reward drawn from the associated distribution. Your goal is to maximize your reward across all of your turns.
---

Available Actions:
---

- Field Name: top generosity clever 

- Field Name: nudge anatomy widely 

- Field Name: deficiency whine overdue 

---
When selecting an action, include only the name of the action. Do not include the dashes used to indicate the list here.

History:
---


- {'state': {}, 'action_taken': 'top generosity clever', 'reward': 75.0}

- {'state': {}, 'action_taken': 'deficiency whine overdue', 'reward': 25.0}

- {'state': {}, 'action_taken': 'nudge anatomy widely', 'reward': 50.0}

- {'state': {}, 'action_taken': 'top generosity clever', 'reward': 75.0}

- {'state': {}, 'action_taken': 'nudge anatomy widely', 'reward': 50.0}

- {'state': {}, 'action_taken': 'top generosity clever', 'reward': 75.0}

- {'state': {}, 'action_taken': 'nudge anatomy widely', 'reward': 50.0}

- {'state': {}, 'action_taken': 'top generosity clever', 'reward': 75.0}

- {'state': {}, 'action_taken': 'nudge anatomy widely', 'reward': 50.0}


---

Please select an action from the list of action options in order to maximize the reward for your task.
When selecting an action, put the exact name of the action between action tags like: <action> action_name </action>.

Your thinking budget is 150 tokens. If you exceed this limit, you will be forced to provide an immediate answer.
Your overall generation limit is 200 tokens.
2026-01-18 19:07:19,848 - src.driver - INFO - GENERATED CONTENT: <action>  top generosity clever </action> 
 PARSED ACTION: top generosity clever
2026-01-18 19:07:19,862 - src.driver - INFO - You will be assigned a task. 
You will receive the actions you have available, followed by the action history. 
Your goal is to maximize the total reward across all 10 steps. We are on step 0. 

Task Assignment:
---
You are a farmer who owns 3 fields. Each action corresponds to planting your crop in a different field. Each field is associated with a Gaussian distribution with a fixed but unknown mean. At each time step, you will select a field and receive a reward drawn from the associated distribution. Your goal is to maximize your reward across all of your turns.
---

Available Actions:
---

- Field Name: diplomatic hail major 

- Field Name: tired prison frustration 

- Field Name: spotty tacky spellbound 

---
When selecting an action, include only the name of the action. Do not include the dashes used to indicate the list here.

History:
---

This is the first turn. There is no history.

---

Please select an action from the list of action options in order to maximize the reward for your task.
When selecting an action, put the exact name of the action between action tags like: <action> action_name </action>.

Your thinking budget is 150 tokens. If you exceed this limit, you will be forced to provide an immediate answer.
Your overall generation limit is 200 tokens.
2026-01-18 19:07:31,634 - src.driver - INFO - GENERATED CONTENT: <action>  spotty tacky spellbound </action> 
 PARSED ACTION: spotty tacky spellbound
2026-01-18 19:07:31,635 - src.driver - INFO - You will be assigned a task. 
You will receive the actions you have available, followed by the action history. 
Your goal is to maximize the total reward across all 10 steps. We are on step 1. 

Task Assignment:
---
You are a farmer who owns 3 fields. Each action corresponds to planting your crop in a different field. Each field is associated with a Gaussian distribution with a fixed but unknown mean. At each time step, you will select a field and receive a reward drawn from the associated distribution. Your goal is to maximize your reward across all of your turns.
---

Available Actions:
---

- Field Name: diplomatic hail major 

- Field Name: tired prison frustration 

- Field Name: spotty tacky spellbound 

---
When selecting an action, include only the name of the action. Do not include the dashes used to indicate the list here.

History:
---


- {'state': {}, 'action_taken': 'spotty tacky spellbound', 'reward': 50.0}


---

Please select an action from the list of action options in order to maximize the reward for your task.
When selecting an action, put the exact name of the action between action tags like: <action> action_name </action>.

Your thinking budget is 150 tokens. If you exceed this limit, you will be forced to provide an immediate answer.
Your overall generation limit is 200 tokens.
2026-01-18 19:07:43,216 - src.driver - INFO - GENERATED CONTENT: <action>  tired prison frustration </action> 
 PARSED ACTION: tired prison frustration
2026-01-18 19:07:43,217 - src.driver - INFO - You will be assigned a task. 
You will receive the actions you have available, followed by the action history. 
Your goal is to maximize the total reward across all 10 steps. We are on step 2. 

Task Assignment:
---
You are a farmer who owns 3 fields. Each action corresponds to planting your crop in a different field. Each field is associated with a Gaussian distribution with a fixed but unknown mean. At each time step, you will select a field and receive a reward drawn from the associated distribution. Your goal is to maximize your reward across all of your turns.
---

Available Actions:
---

- Field Name: diplomatic hail major 

- Field Name: tired prison frustration 

- Field Name: spotty tacky spellbound 

---
When selecting an action, include only the name of the action. Do not include the dashes used to indicate the list here.

History:
---


- {'state': {}, 'action_taken': 'spotty tacky spellbound', 'reward': 50.0}

- {'state': {}, 'action_taken': 'tired prison frustration', 'reward': 25.0}


---

Please select an action from the list of action options in order to maximize the reward for your task.
When selecting an action, put the exact name of the action between action tags like: <action> action_name </action>.

Your thinking budget is 150 tokens. If you exceed this limit, you will be forced to provide an immediate answer.
Your overall generation limit is 200 tokens.
2026-01-18 19:07:54,915 - src.driver - INFO - GENERATED CONTENT: <action>  diplomatic hail major </action> 
 PARSED ACTION: diplomatic hail major
2026-01-18 19:07:54,915 - src.driver - INFO - You will be assigned a task. 
You will receive the actions you have available, followed by the action history. 
Your goal is to maximize the total reward across all 10 steps. We are on step 3. 

Task Assignment:
---
You are a farmer who owns 3 fields. Each action corresponds to planting your crop in a different field. Each field is associated with a Gaussian distribution with a fixed but unknown mean. At each time step, you will select a field and receive a reward drawn from the associated distribution. Your goal is to maximize your reward across all of your turns.
---

Available Actions:
---

- Field Name: diplomatic hail major 

- Field Name: tired prison frustration 

- Field Name: spotty tacky spellbound 

---
When selecting an action, include only the name of the action. Do not include the dashes used to indicate the list here.

History:
---


- {'state': {}, 'action_taken': 'spotty tacky spellbound', 'reward': 50.0}

- {'state': {}, 'action_taken': 'tired prison frustration', 'reward': 25.0}

- {'state': {}, 'action_taken': 'diplomatic hail major', 'reward': 75.0}


---

Please select an action from the list of action options in order to maximize the reward for your task.
When selecting an action, put the exact name of the action between action tags like: <action> action_name </action>.

Your thinking budget is 150 tokens. If you exceed this limit, you will be forced to provide an immediate answer.
Your overall generation limit is 200 tokens.
2026-01-18 19:08:06,909 - src.driver - INFO - GENERATED CONTENT: <action> spotty tacky spellbound</action> 
 PARSED ACTION: spotty tacky spellbound
2026-01-18 19:08:06,909 - src.driver - INFO - You will be assigned a task. 
You will receive the actions you have available, followed by the action history. 
Your goal is to maximize the total reward across all 10 steps. We are on step 4. 

Task Assignment:
---
You are a farmer who owns 3 fields. Each action corresponds to planting your crop in a different field. Each field is associated with a Gaussian distribution with a fixed but unknown mean. At each time step, you will select a field and receive a reward drawn from the associated distribution. Your goal is to maximize your reward across all of your turns.
---

Available Actions:
---

- Field Name: diplomatic hail major 

- Field Name: tired prison frustration 

- Field Name: spotty tacky spellbound 

---
When selecting an action, include only the name of the action. Do not include the dashes used to indicate the list here.

History:
---


- {'state': {}, 'action_taken': 'spotty tacky spellbound', 'reward': 50.0}

- {'state': {}, 'action_taken': 'tired prison frustration', 'reward': 25.0}

- {'state': {}, 'action_taken': 'diplomatic hail major', 'reward': 75.0}

- {'state': {}, 'action_taken': 'spotty tacky spellbound', 'reward': 50.0}


---

Please select an action from the list of action options in order to maximize the reward for your task.
When selecting an action, put the exact name of the action between action tags like: <action> action_name </action>.

Your thinking budget is 150 tokens. If you exceed this limit, you will be forced to provide an immediate answer.
Your overall generation limit is 200 tokens.
2026-01-18 19:08:18,826 - src.driver - INFO - GENERATED CONTENT: <action>  diplomatic hail major </action> 
 PARSED ACTION: diplomatic hail major
2026-01-18 19:08:18,827 - src.driver - INFO - You will be assigned a task. 
You will receive the actions you have available, followed by the action history. 
Your goal is to maximize the total reward across all 10 steps. We are on step 5. 

Task Assignment:
---
You are a farmer who owns 3 fields. Each action corresponds to planting your crop in a different field. Each field is associated with a Gaussian distribution with a fixed but unknown mean. At each time step, you will select a field and receive a reward drawn from the associated distribution. Your goal is to maximize your reward across all of your turns.
---

Available Actions:
---

- Field Name: diplomatic hail major 

- Field Name: tired prison frustration 

- Field Name: spotty tacky spellbound 

---
When selecting an action, include only the name of the action. Do not include the dashes used to indicate the list here.

History:
---


- {'state': {}, 'action_taken': 'spotty tacky spellbound', 'reward': 50.0}

- {'state': {}, 'action_taken': 'tired prison frustration', 'reward': 25.0}

- {'state': {}, 'action_taken': 'diplomatic hail major', 'reward': 75.0}

- {'state': {}, 'action_taken': 'spotty tacky spellbound', 'reward': 50.0}

- {'state': {}, 'action_taken': 'diplomatic hail major', 'reward': 75.0}


---

Please select an action from the list of action options in order to maximize the reward for your task.
When selecting an action, put the exact name of the action between action tags like: <action> action_name </action>.

Your thinking budget is 150 tokens. If you exceed this limit, you will be forced to provide an immediate answer.
Your overall generation limit is 200 tokens.
2026-01-18 19:08:30,872 - src.driver - INFO - GENERATED CONTENT: <action>  tired prison frustration </action> 
 PARSED ACTION: tired prison frustration
2026-01-18 19:08:30,872 - src.driver - INFO - You will be assigned a task. 
You will receive the actions you have available, followed by the action history. 
Your goal is to maximize the total reward across all 10 steps. We are on step 6. 

Task Assignment:
---
You are a farmer who owns 3 fields. Each action corresponds to planting your crop in a different field. Each field is associated with a Gaussian distribution with a fixed but unknown mean. At each time step, you will select a field and receive a reward drawn from the associated distribution. Your goal is to maximize your reward across all of your turns.
---

Available Actions:
---

- Field Name: diplomatic hail major 

- Field Name: tired prison frustration 

- Field Name: spotty tacky spellbound 

---
When selecting an action, include only the name of the action. Do not include the dashes used to indicate the list here.

History:
---


- {'state': {}, 'action_taken': 'spotty tacky spellbound', 'reward': 50.0}

- {'state': {}, 'action_taken': 'tired prison frustration', 'reward': 25.0}

- {'state': {}, 'action_taken': 'diplomatic hail major', 'reward': 75.0}

- {'state': {}, 'action_taken': 'spotty tacky spellbound', 'reward': 50.0}

- {'state': {}, 'action_taken': 'diplomatic hail major', 'reward': 75.0}

- {'state': {}, 'action_taken': 'tired prison frustration', 'reward': 25.0}


---

Please select an action from the list of action options in order to maximize the reward for your task.
When selecting an action, put the exact name of the action between action tags like: <action> action_name </action>.

Your thinking budget is 150 tokens. If you exceed this limit, you will be forced to provide an immediate answer.
Your overall generation limit is 200 tokens.
2026-01-18 19:08:42,935 - src.driver - INFO - GENERATED CONTENT: <action>  diplomatic hail major </action> 
 PARSED ACTION: diplomatic hail major
2026-01-18 19:08:42,936 - src.driver - INFO - You will be assigned a task. 
You will receive the actions you have available, followed by the action history. 
Your goal is to maximize the total reward across all 10 steps. We are on step 7. 

Task Assignment:
---
You are a farmer who owns 3 fields. Each action corresponds to planting your crop in a different field. Each field is associated with a Gaussian distribution with a fixed but unknown mean. At each time step, you will select a field and receive a reward drawn from the associated distribution. Your goal is to maximize your reward across all of your turns.
---

Available Actions:
---

- Field Name: diplomatic hail major 

- Field Name: tired prison frustration 

- Field Name: spotty tacky spellbound 

---
When selecting an action, include only the name of the action. Do not include the dashes used to indicate the list here.

History:
---


- {'state': {}, 'action_taken': 'spotty tacky spellbound', 'reward': 50.0}

- {'state': {}, 'action_taken': 'tired prison frustration', 'reward': 25.0}

- {'state': {}, 'action_taken': 'diplomatic hail major', 'reward': 75.0}

- {'state': {}, 'action_taken': 'spotty tacky spellbound', 'reward': 50.0}

- {'state': {}, 'action_taken': 'diplomatic hail major', 'reward': 75.0}

- {'state': {}, 'action_taken': 'tired prison frustration', 'reward': 25.0}

- {'state': {}, 'action_taken': 'diplomatic hail major', 'reward': 75.0}


---

Please select an action from the list of action options in order to maximize the reward for your task.
When selecting an action, put the exact name of the action between action tags like: <action> action_name </action>.

Your thinking budget is 150 tokens. If you exceed this limit, you will be forced to provide an immediate answer.
Your overall generation limit is 200 tokens.
2026-01-18 19:08:55,258 - src.driver - INFO - GENERATED CONTENT: <action>  spotty tacky spellbound </action> 
 PARSED ACTION: spotty tacky spellbound
2026-01-18 19:08:55,259 - src.driver - INFO - You will be assigned a task. 
You will receive the actions you have available, followed by the action history. 
Your goal is to maximize the total reward across all 10 steps. We are on step 8. 

Task Assignment:
---
You are a farmer who owns 3 fields. Each action corresponds to planting your crop in a different field. Each field is associated with a Gaussian distribution with a fixed but unknown mean. At each time step, you will select a field and receive a reward drawn from the associated distribution. Your goal is to maximize your reward across all of your turns.
---

Available Actions:
---

- Field Name: diplomatic hail major 

- Field Name: tired prison frustration 

- Field Name: spotty tacky spellbound 

---
When selecting an action, include only the name of the action. Do not include the dashes used to indicate the list here.

History:
---


- {'state': {}, 'action_taken': 'spotty tacky spellbound', 'reward': 50.0}

- {'state': {}, 'action_taken': 'tired prison frustration', 'reward': 25.0}

- {'state': {}, 'action_taken': 'diplomatic hail major', 'reward': 75.0}

- {'state': {}, 'action_taken': 'spotty tacky spellbound', 'reward': 50.0}

- {'state': {}, 'action_taken': 'diplomatic hail major', 'reward': 75.0}

- {'state': {}, 'action_taken': 'tired prison frustration', 'reward': 25.0}

- {'state': {}, 'action_taken': 'diplomatic hail major', 'reward': 75.0}

- {'state': {}, 'action_taken': 'spotty tacky spellbound', 'reward': 50.0}


---

Please select an action from the list of action options in order to maximize the reward for your task.
When selecting an action, put the exact name of the action between action tags like: <action> action_name </action>.

Your thinking budget is 150 tokens. If you exceed this limit, you will be forced to provide an immediate answer.
Your overall generation limit is 200 tokens.
2026-01-18 19:09:07,532 - src.driver - INFO - GENERATED CONTENT: <action>  diplomatic hail major </action> 
 PARSED ACTION: diplomatic hail major
2026-01-18 19:09:07,533 - src.driver - INFO - You will be assigned a task. 
You will receive the actions you have available, followed by the action history. 
Your goal is to maximize the total reward across all 10 steps. We are on step 9. 

Task Assignment:
---
You are a farmer who owns 3 fields. Each action corresponds to planting your crop in a different field. Each field is associated with a Gaussian distribution with a fixed but unknown mean. At each time step, you will select a field and receive a reward drawn from the associated distribution. Your goal is to maximize your reward across all of your turns.
---

Available Actions:
---

- Field Name: diplomatic hail major 

- Field Name: tired prison frustration 

- Field Name: spotty tacky spellbound 

---
When selecting an action, include only the name of the action. Do not include the dashes used to indicate the list here.

History:
---


- {'state': {}, 'action_taken': 'spotty tacky spellbound', 'reward': 50.0}

- {'state': {}, 'action_taken': 'tired prison frustration', 'reward': 25.0}

- {'state': {}, 'action_taken': 'diplomatic hail major', 'reward': 75.0}

- {'state': {}, 'action_taken': 'spotty tacky spellbound', 'reward': 50.0}

- {'state': {}, 'action_taken': 'diplomatic hail major', 'reward': 75.0}

- {'state': {}, 'action_taken': 'tired prison frustration', 'reward': 25.0}

- {'state': {}, 'action_taken': 'diplomatic hail major', 'reward': 75.0}

- {'state': {}, 'action_taken': 'spotty tacky spellbound', 'reward': 50.0}

- {'state': {}, 'action_taken': 'diplomatic hail major', 'reward': 75.0}


---

Please select an action from the list of action options in order to maximize the reward for your task.
When selecting an action, put the exact name of the action between action tags like: <action> action_name </action>.

Your thinking budget is 150 tokens. If you exceed this limit, you will be forced to provide an immediate answer.
Your overall generation limit is 200 tokens.
2026-01-18 19:09:19,800 - src.driver - INFO - GENERATED CONTENT: <action>  diplomatic hail major </action> 
 PARSED ACTION: diplomatic hail major
2026-01-18 19:09:19,814 - src.driver - INFO - You will be assigned a task. 
You will receive the actions you have available, followed by the action history. 
Your goal is to maximize the total reward across all 10 steps. We are on step 0. 

Task Assignment:
---
You are a farmer who owns 3 fields. Each action corresponds to planting your crop in a different field. Each field is associated with a Gaussian distribution with a fixed but unknown mean. At each time step, you will select a field and receive a reward drawn from the associated distribution. Your goal is to maximize your reward across all of your turns.
---

Available Actions:
---

- Field Name: footprint environs nod 

- Field Name: unhealthy unholy anguish 

- Field Name: holy worth antidote 

---
When selecting an action, include only the name of the action. Do not include the dashes used to indicate the list here.

History:
---

This is the first turn. There is no history.

---

Please select an action from the list of action options in order to maximize the reward for your task.
When selecting an action, put the exact name of the action between action tags like: <action> action_name </action>.

Your thinking budget is 150 tokens. If you exceed this limit, you will be forced to provide an immediate answer.
Your overall generation limit is 200 tokens.
2026-01-18 19:09:31,443 - src.driver - INFO - GENERATED CONTENT: <action>  holy worth antidote </action> 
 PARSED ACTION: holy worth antidote
2026-01-18 19:09:31,444 - src.driver - INFO - You will be assigned a task. 
You will receive the actions you have available, followed by the action history. 
Your goal is to maximize the total reward across all 10 steps. We are on step 1. 

Task Assignment:
---
You are a farmer who owns 3 fields. Each action corresponds to planting your crop in a different field. Each field is associated with a Gaussian distribution with a fixed but unknown mean. At each time step, you will select a field and receive a reward drawn from the associated distribution. Your goal is to maximize your reward across all of your turns.
---

Available Actions:
---

- Field Name: footprint environs nod 

- Field Name: unhealthy unholy anguish 

- Field Name: holy worth antidote 

---
When selecting an action, include only the name of the action. Do not include the dashes used to indicate the list here.

History:
---


- {'state': {}, 'action_taken': 'holy worth antidote', 'reward': 75.0}


---

Please select an action from the list of action options in order to maximize the reward for your task.
When selecting an action, put the exact name of the action between action tags like: <action> action_name </action>.

Your thinking budget is 150 tokens. If you exceed this limit, you will be forced to provide an immediate answer.
Your overall generation limit is 200 tokens.
2026-01-18 19:09:43,121 - src.driver - INFO - GENERATED CONTENT: <action>  unhealthy unholy anguish </action> 
 PARSED ACTION: unhealthy unholy anguish
2026-01-18 19:09:43,122 - src.driver - INFO - You will be assigned a task. 
You will receive the actions you have available, followed by the action history. 
Your goal is to maximize the total reward across all 10 steps. We are on step 2. 

Task Assignment:
---
You are a farmer who owns 3 fields. Each action corresponds to planting your crop in a different field. Each field is associated with a Gaussian distribution with a fixed but unknown mean. At each time step, you will select a field and receive a reward drawn from the associated distribution. Your goal is to maximize your reward across all of your turns.
---

Available Actions:
---

- Field Name: footprint environs nod 

- Field Name: unhealthy unholy anguish 

- Field Name: holy worth antidote 

---
When selecting an action, include only the name of the action. Do not include the dashes used to indicate the list here.

History:
---


- {'state': {}, 'action_taken': 'holy worth antidote', 'reward': 75.0}

- {'state': {}, 'action_taken': 'unhealthy unholy anguish', 'reward': 25.0}


---

Please select an action from the list of action options in order to maximize the reward for your task.
When selecting an action, put the exact name of the action between action tags like: <action> action_name </action>.

Your thinking budget is 150 tokens. If you exceed this limit, you will be forced to provide an immediate answer.
Your overall generation limit is 200 tokens.
2026-01-18 19:09:54,941 - src.driver - INFO - GENERATED CONTENT: <action>  footprint environs nod </action> 
 PARSED ACTION: footprint environs nod
2026-01-18 19:09:54,942 - src.driver - INFO - You will be assigned a task. 
You will receive the actions you have available, followed by the action history. 
Your goal is to maximize the total reward across all 10 steps. We are on step 3. 

Task Assignment:
---
You are a farmer who owns 3 fields. Each action corresponds to planting your crop in a different field. Each field is associated with a Gaussian distribution with a fixed but unknown mean. At each time step, you will select a field and receive a reward drawn from the associated distribution. Your goal is to maximize your reward across all of your turns.
---

Available Actions:
---

- Field Name: footprint environs nod 

- Field Name: unhealthy unholy anguish 

- Field Name: holy worth antidote 

---
When selecting an action, include only the name of the action. Do not include the dashes used to indicate the list here.

History:
---


- {'state': {}, 'action_taken': 'holy worth antidote', 'reward': 75.0}

- {'state': {}, 'action_taken': 'unhealthy unholy anguish', 'reward': 25.0}

- {'state': {}, 'action_taken': 'footprint environs nod', 'reward': 50.0}


---

Please select an action from the list of action options in order to maximize the reward for your task.
When selecting an action, put the exact name of the action between action tags like: <action> action_name </action>.

Your thinking budget is 150 tokens. If you exceed this limit, you will be forced to provide an immediate answer.
Your overall generation limit is 200 tokens.
2026-01-18 19:10:06,809 - src.driver - INFO - GENERATED CONTENT: <action>  holy worth antidote </action> 
 PARSED ACTION: holy worth antidote
2026-01-18 19:10:06,809 - src.driver - INFO - You will be assigned a task. 
You will receive the actions you have available, followed by the action history. 
Your goal is to maximize the total reward across all 10 steps. We are on step 4. 

Task Assignment:
---
You are a farmer who owns 3 fields. Each action corresponds to planting your crop in a different field. Each field is associated with a Gaussian distribution with a fixed but unknown mean. At each time step, you will select a field and receive a reward drawn from the associated distribution. Your goal is to maximize your reward across all of your turns.
---

Available Actions:
---

- Field Name: footprint environs nod 

- Field Name: unhealthy unholy anguish 

- Field Name: holy worth antidote 

---
When selecting an action, include only the name of the action. Do not include the dashes used to indicate the list here.

History:
---


- {'state': {}, 'action_taken': 'holy worth antidote', 'reward': 75.0}

- {'state': {}, 'action_taken': 'unhealthy unholy anguish', 'reward': 25.0}

- {'state': {}, 'action_taken': 'footprint environs nod', 'reward': 50.0}

- {'state': {}, 'action_taken': 'holy worth antidote', 'reward': 75.0}


---

Please select an action from the list of action options in order to maximize the reward for your task.
When selecting an action, put the exact name of the action between action tags like: <action> action_name </action>.

Your thinking budget is 150 tokens. If you exceed this limit, you will be forced to provide an immediate answer.
Your overall generation limit is 200 tokens.
2026-01-18 19:10:18,779 - src.driver - INFO - GENERATED CONTENT: <action>  holy worth antidote </action> 
 PARSED ACTION: holy worth antidote
2026-01-18 19:10:18,779 - src.driver - INFO - You will be assigned a task. 
You will receive the actions you have available, followed by the action history. 
Your goal is to maximize the total reward across all 10 steps. We are on step 5. 

Task Assignment:
---
You are a farmer who owns 3 fields. Each action corresponds to planting your crop in a different field. Each field is associated with a Gaussian distribution with a fixed but unknown mean. At each time step, you will select a field and receive a reward drawn from the associated distribution. Your goal is to maximize your reward across all of your turns.
---

Available Actions:
---

- Field Name: footprint environs nod 

- Field Name: unhealthy unholy anguish 

- Field Name: holy worth antidote 

---
When selecting an action, include only the name of the action. Do not include the dashes used to indicate the list here.

History:
---


- {'state': {}, 'action_taken': 'holy worth antidote', 'reward': 75.0}

- {'state': {}, 'action_taken': 'unhealthy unholy anguish', 'reward': 25.0}

- {'state': {}, 'action_taken': 'footprint environs nod', 'reward': 50.0}

- {'state': {}, 'action_taken': 'holy worth antidote', 'reward': 75.0}

- {'state': {}, 'action_taken': 'holy worth antidote', 'reward': 75.0}


---

Please select an action from the list of action options in order to maximize the reward for your task.
When selecting an action, put the exact name of the action between action tags like: <action> action_name </action>.

Your thinking budget is 150 tokens. If you exceed this limit, you will be forced to provide an immediate answer.
Your overall generation limit is 200 tokens.
2026-01-18 19:10:30,838 - src.driver - INFO - GENERATED CONTENT: <action>  holy worth antidote </action> 
 PARSED ACTION: holy worth antidote
2026-01-18 19:10:30,838 - src.driver - INFO - You will be assigned a task. 
You will receive the actions you have available, followed by the action history. 
Your goal is to maximize the total reward across all 10 steps. We are on step 6. 

Task Assignment:
---
You are a farmer who owns 3 fields. Each action corresponds to planting your crop in a different field. Each field is associated with a Gaussian distribution with a fixed but unknown mean. At each time step, you will select a field and receive a reward drawn from the associated distribution. Your goal is to maximize your reward across all of your turns.
---

Available Actions:
---

- Field Name: footprint environs nod 

- Field Name: unhealthy unholy anguish 

- Field Name: holy worth antidote 

---
When selecting an action, include only the name of the action. Do not include the dashes used to indicate the list here.

History:
---


- {'state': {}, 'action_taken': 'holy worth antidote', 'reward': 75.0}

- {'state': {}, 'action_taken': 'unhealthy unholy anguish', 'reward': 25.0}

- {'state': {}, 'action_taken': 'footprint environs nod', 'reward': 50.0}

- {'state': {}, 'action_taken': 'holy worth antidote', 'reward': 75.0}

- {'state': {}, 'action_taken': 'holy worth antidote', 'reward': 75.0}

- {'state': {}, 'action_taken': 'holy worth antidote', 'reward': 75.0}


---

Please select an action from the list of action options in order to maximize the reward for your task.
When selecting an action, put the exact name of the action between action tags like: <action> action_name </action>.

Your thinking budget is 150 tokens. If you exceed this limit, you will be forced to provide an immediate answer.
Your overall generation limit is 200 tokens.
2026-01-18 19:10:42,921 - src.driver - INFO - GENERATED CONTENT: <action>  holy worth antidote </action> 
 PARSED ACTION: holy worth antidote
2026-01-18 19:10:42,922 - src.driver - INFO - You will be assigned a task. 
You will receive the actions you have available, followed by the action history. 
Your goal is to maximize the total reward across all 10 steps. We are on step 7. 

Task Assignment:
---
You are a farmer who owns 3 fields. Each action corresponds to planting your crop in a different field. Each field is associated with a Gaussian distribution with a fixed but unknown mean. At each time step, you will select a field and receive a reward drawn from the associated distribution. Your goal is to maximize your reward across all of your turns.
---

Available Actions:
---

- Field Name: footprint environs nod 

- Field Name: unhealthy unholy anguish 

- Field Name: holy worth antidote 

---
When selecting an action, include only the name of the action. Do not include the dashes used to indicate the list here.

History:
---


- {'state': {}, 'action_taken': 'holy worth antidote', 'reward': 75.0}

- {'state': {}, 'action_taken': 'unhealthy unholy anguish', 'reward': 25.0}

- {'state': {}, 'action_taken': 'footprint environs nod', 'reward': 50.0}

- {'state': {}, 'action_taken': 'holy worth antidote', 'reward': 75.0}

- {'state': {}, 'action_taken': 'holy worth antidote', 'reward': 75.0}

- {'state': {}, 'action_taken': 'holy worth antidote', 'reward': 75.0}

- {'state': {}, 'action_taken': 'holy worth antidote', 'reward': 75.0}


---

Please select an action from the list of action options in order to maximize the reward for your task.
When selecting an action, put the exact name of the action between action tags like: <action> action_name </action>.

Your thinking budget is 150 tokens. If you exceed this limit, you will be forced to provide an immediate answer.
Your overall generation limit is 200 tokens.
2026-01-18 19:10:55,090 - src.driver - INFO - GENERATED CONTENT: <action>  holy worth antidote </action> 
 PARSED ACTION: holy worth antidote
2026-01-18 19:10:55,090 - src.driver - INFO - You will be assigned a task. 
You will receive the actions you have available, followed by the action history. 
Your goal is to maximize the total reward across all 10 steps. We are on step 8. 

Task Assignment:
---
You are a farmer who owns 3 fields. Each action corresponds to planting your crop in a different field. Each field is associated with a Gaussian distribution with a fixed but unknown mean. At each time step, you will select a field and receive a reward drawn from the associated distribution. Your goal is to maximize your reward across all of your turns.
---

Available Actions:
---

- Field Name: footprint environs nod 

- Field Name: unhealthy unholy anguish 

- Field Name: holy worth antidote 

---
When selecting an action, include only the name of the action. Do not include the dashes used to indicate the list here.

History:
---


- {'state': {}, 'action_taken': 'holy worth antidote', 'reward': 75.0}

- {'state': {}, 'action_taken': 'unhealthy unholy anguish', 'reward': 25.0}

- {'state': {}, 'action_taken': 'footprint environs nod', 'reward': 50.0}

- {'state': {}, 'action_taken': 'holy worth antidote', 'reward': 75.0}

- {'state': {}, 'action_taken': 'holy worth antidote', 'reward': 75.0}

- {'state': {}, 'action_taken': 'holy worth antidote', 'reward': 75.0}

- {'state': {}, 'action_taken': 'holy worth antidote', 'reward': 75.0}

- {'state': {}, 'action_taken': 'holy worth antidote', 'reward': 75.0}


---

Please select an action from the list of action options in order to maximize the reward for your task.
When selecting an action, put the exact name of the action between action tags like: <action> action_name </action>.

Your thinking budget is 150 tokens. If you exceed this limit, you will be forced to provide an immediate answer.
Your overall generation limit is 200 tokens.
2026-01-18 19:11:07,387 - src.driver - INFO - GENERATED CONTENT: <action>  holy worth antidote </action> 
 PARSED ACTION: holy worth antidote
2026-01-18 19:11:07,388 - src.driver - INFO - You will be assigned a task. 
You will receive the actions you have available, followed by the action history. 
Your goal is to maximize the total reward across all 10 steps. We are on step 9. 

Task Assignment:
---
You are a farmer who owns 3 fields. Each action corresponds to planting your crop in a different field. Each field is associated with a Gaussian distribution with a fixed but unknown mean. At each time step, you will select a field and receive a reward drawn from the associated distribution. Your goal is to maximize your reward across all of your turns.
---

Available Actions:
---

- Field Name: footprint environs nod 

- Field Name: unhealthy unholy anguish 

- Field Name: holy worth antidote 

---
When selecting an action, include only the name of the action. Do not include the dashes used to indicate the list here.

History:
---


- {'state': {}, 'action_taken': 'holy worth antidote', 'reward': 75.0}

- {'state': {}, 'action_taken': 'unhealthy unholy anguish', 'reward': 25.0}

- {'state': {}, 'action_taken': 'footprint environs nod', 'reward': 50.0}

- {'state': {}, 'action_taken': 'holy worth antidote', 'reward': 75.0}

- {'state': {}, 'action_taken': 'holy worth antidote', 'reward': 75.0}

- {'state': {}, 'action_taken': 'holy worth antidote', 'reward': 75.0}

- {'state': {}, 'action_taken': 'holy worth antidote', 'reward': 75.0}

- {'state': {}, 'action_taken': 'holy worth antidote', 'reward': 75.0}

- {'state': {}, 'action_taken': 'holy worth antidote', 'reward': 75.0}


---

Please select an action from the list of action options in order to maximize the reward for your task.
When selecting an action, put the exact name of the action between action tags like: <action> action_name </action>.

Your thinking budget is 150 tokens. If you exceed this limit, you will be forced to provide an immediate answer.
Your overall generation limit is 200 tokens.
2026-01-18 19:11:19,676 - src.driver - INFO - GENERATED CONTENT: <action>  holy worth antidote </action> 
 PARSED ACTION: holy worth antidote
2026-01-18 19:11:19,690 - src.driver - INFO - You will be assigned a task. 
You will receive the actions you have available, followed by the action history. 
Your goal is to maximize the total reward across all 10 steps. We are on step 0. 

Task Assignment:
---
You are a farmer who owns 3 fields. Each action corresponds to planting your crop in a different field. Each field is associated with a Gaussian distribution with a fixed but unknown mean. At each time step, you will select a field and receive a reward drawn from the associated distribution. Your goal is to maximize your reward across all of your turns.
---

Available Actions:
---

- Field Name: gracious endure dashing 

- Field Name: grated poisoning incestuous 

- Field Name: clientele ratification character 

---
When selecting an action, include only the name of the action. Do not include the dashes used to indicate the list here.

History:
---

This is the first turn. There is no history.

---

Please select an action from the list of action options in order to maximize the reward for your task.
When selecting an action, put the exact name of the action between action tags like: <action> action_name </action>.

Your thinking budget is 150 tokens. If you exceed this limit, you will be forced to provide an immediate answer.
Your overall generation limit is 200 tokens.
2026-01-18 19:11:31,315 - src.driver - INFO - GENERATED CONTENT: <action>  gracious endure dashing </action> 
 PARSED ACTION: gracious endure dashing
2026-01-18 19:11:31,315 - src.driver - INFO - You will be assigned a task. 
You will receive the actions you have available, followed by the action history. 
Your goal is to maximize the total reward across all 10 steps. We are on step 1. 

Task Assignment:
---
You are a farmer who owns 3 fields. Each action corresponds to planting your crop in a different field. Each field is associated with a Gaussian distribution with a fixed but unknown mean. At each time step, you will select a field and receive a reward drawn from the associated distribution. Your goal is to maximize your reward across all of your turns.
---

Available Actions:
---

- Field Name: gracious endure dashing 

- Field Name: grated poisoning incestuous 

- Field Name: clientele ratification character 

---
When selecting an action, include only the name of the action. Do not include the dashes used to indicate the list here.

History:
---


- {'state': {}, 'action_taken': 'gracious endure dashing', 'reward': 75.0}


---

Please select an action from the list of action options in order to maximize the reward for your task.
When selecting an action, put the exact name of the action between action tags like: <action> action_name </action>.

Your thinking budget is 150 tokens. If you exceed this limit, you will be forced to provide an immediate answer.
Your overall generation limit is 200 tokens.
2026-01-18 19:11:43,051 - src.driver - INFO - GENERATED CONTENT: <action> gracious endure dashing</action> 
 PARSED ACTION: gracious endure dashing
2026-01-18 19:11:43,052 - src.driver - INFO - You will be assigned a task. 
You will receive the actions you have available, followed by the action history. 
Your goal is to maximize the total reward across all 10 steps. We are on step 2. 

Task Assignment:
---
You are a farmer who owns 3 fields. Each action corresponds to planting your crop in a different field. Each field is associated with a Gaussian distribution with a fixed but unknown mean. At each time step, you will select a field and receive a reward drawn from the associated distribution. Your goal is to maximize your reward across all of your turns.
---

Available Actions:
---

- Field Name: gracious endure dashing 

- Field Name: grated poisoning incestuous 

- Field Name: clientele ratification character 

---
When selecting an action, include only the name of the action. Do not include the dashes used to indicate the list here.

History:
---


- {'state': {}, 'action_taken': 'gracious endure dashing', 'reward': 75.0}

- {'state': {}, 'action_taken': 'gracious endure dashing', 'reward': 75.0}


---

Please select an action from the list of action options in order to maximize the reward for your task.
When selecting an action, put the exact name of the action between action tags like: <action> action_name </action>.

Your thinking budget is 150 tokens. If you exceed this limit, you will be forced to provide an immediate answer.
Your overall generation limit is 200 tokens.
2026-01-18 19:11:54,879 - src.driver - INFO - GENERATED CONTENT: <action> grated poisoning incestuous</action> 
 PARSED ACTION: grated poisoning incestuous
2026-01-18 19:11:54,880 - src.driver - INFO - You will be assigned a task. 
You will receive the actions you have available, followed by the action history. 
Your goal is to maximize the total reward across all 10 steps. We are on step 3. 

Task Assignment:
---
You are a farmer who owns 3 fields. Each action corresponds to planting your crop in a different field. Each field is associated with a Gaussian distribution with a fixed but unknown mean. At each time step, you will select a field and receive a reward drawn from the associated distribution. Your goal is to maximize your reward across all of your turns.
---

Available Actions:
---

- Field Name: gracious endure dashing 

- Field Name: grated poisoning incestuous 

- Field Name: clientele ratification character 

---
When selecting an action, include only the name of the action. Do not include the dashes used to indicate the list here.

History:
---


- {'state': {}, 'action_taken': 'gracious endure dashing', 'reward': 75.0}

- {'state': {}, 'action_taken': 'gracious endure dashing', 'reward': 75.0}

- {'state': {}, 'action_taken': 'grated poisoning incestuous', 'reward': 25.0}


---

Please select an action from the list of action options in order to maximize the reward for your task.
When selecting an action, put the exact name of the action between action tags like: <action> action_name </action>.

Your thinking budget is 150 tokens. If you exceed this limit, you will be forced to provide an immediate answer.
Your overall generation limit is 200 tokens.
2026-01-18 19:12:06,789 - src.driver - INFO - GENERATED CONTENT: <action> clientele ratification character</action> 
 PARSED ACTION: clientele ratification character
2026-01-18 19:12:06,789 - src.driver - INFO - You will be assigned a task. 
You will receive the actions you have available, followed by the action history. 
Your goal is to maximize the total reward across all 10 steps. We are on step 4. 

Task Assignment:
---
You are a farmer who owns 3 fields. Each action corresponds to planting your crop in a different field. Each field is associated with a Gaussian distribution with a fixed but unknown mean. At each time step, you will select a field and receive a reward drawn from the associated distribution. Your goal is to maximize your reward across all of your turns.
---

Available Actions:
---

- Field Name: gracious endure dashing 

- Field Name: grated poisoning incestuous 

- Field Name: clientele ratification character 

---
When selecting an action, include only the name of the action. Do not include the dashes used to indicate the list here.

History:
---


- {'state': {}, 'action_taken': 'gracious endure dashing', 'reward': 75.0}

- {'state': {}, 'action_taken': 'gracious endure dashing', 'reward': 75.0}

- {'state': {}, 'action_taken': 'grated poisoning incestuous', 'reward': 25.0}

- {'state': {}, 'action_taken': 'clientele ratification character', 'reward': 50.0}


---

Please select an action from the list of action options in order to maximize the reward for your task.
When selecting an action, put the exact name of the action between action tags like: <action> action_name </action>.

Your thinking budget is 150 tokens. If you exceed this limit, you will be forced to provide an immediate answer.
Your overall generation limit is 200 tokens.
2026-01-18 19:12:18,707 - src.driver - INFO - GENERATED CONTENT: <action>  gracious endure dashing </action> 
 PARSED ACTION: gracious endure dashing
2026-01-18 19:12:18,708 - src.driver - INFO - You will be assigned a task. 
You will receive the actions you have available, followed by the action history. 
Your goal is to maximize the total reward across all 10 steps. We are on step 5. 

Task Assignment:
---
You are a farmer who owns 3 fields. Each action corresponds to planting your crop in a different field. Each field is associated with a Gaussian distribution with a fixed but unknown mean. At each time step, you will select a field and receive a reward drawn from the associated distribution. Your goal is to maximize your reward across all of your turns.
---

Available Actions:
---

- Field Name: gracious endure dashing 

- Field Name: grated poisoning incestuous 

- Field Name: clientele ratification character 

---
When selecting an action, include only the name of the action. Do not include the dashes used to indicate the list here.

History:
---


- {'state': {}, 'action_taken': 'gracious endure dashing', 'reward': 75.0}

- {'state': {}, 'action_taken': 'gracious endure dashing', 'reward': 75.0}

- {'state': {}, 'action_taken': 'grated poisoning incestuous', 'reward': 25.0}

- {'state': {}, 'action_taken': 'clientele ratification character', 'reward': 50.0}

- {'state': {}, 'action_taken': 'gracious endure dashing', 'reward': 75.0}


---

Please select an action from the list of action options in order to maximize the reward for your task.
When selecting an action, put the exact name of the action between action tags like: <action> action_name </action>.

Your thinking budget is 150 tokens. If you exceed this limit, you will be forced to provide an immediate answer.
Your overall generation limit is 200 tokens.
2026-01-18 19:12:30,768 - src.driver - INFO - GENERATED CONTENT: <action>  gracious endure dashing </action> 
 PARSED ACTION: gracious endure dashing
2026-01-18 19:12:30,768 - src.driver - INFO - You will be assigned a task. 
You will receive the actions you have available, followed by the action history. 
Your goal is to maximize the total reward across all 10 steps. We are on step 6. 

Task Assignment:
---
You are a farmer who owns 3 fields. Each action corresponds to planting your crop in a different field. Each field is associated with a Gaussian distribution with a fixed but unknown mean. At each time step, you will select a field and receive a reward drawn from the associated distribution. Your goal is to maximize your reward across all of your turns.
---

Available Actions:
---

- Field Name: gracious endure dashing 

- Field Name: grated poisoning incestuous 

- Field Name: clientele ratification character 

---
When selecting an action, include only the name of the action. Do not include the dashes used to indicate the list here.

History:
---


- {'state': {}, 'action_taken': 'gracious endure dashing', 'reward': 75.0}

- {'state': {}, 'action_taken': 'gracious endure dashing', 'reward': 75.0}

- {'state': {}, 'action_taken': 'grated poisoning incestuous', 'reward': 25.0}

- {'state': {}, 'action_taken': 'clientele ratification character', 'reward': 50.0}

- {'state': {}, 'action_taken': 'gracious endure dashing', 'reward': 75.0}

- {'state': {}, 'action_taken': 'gracious endure dashing', 'reward': 75.0}


---

Please select an action from the list of action options in order to maximize the reward for your task.
When selecting an action, put the exact name of the action between action tags like: <action> action_name </action>.

Your thinking budget is 150 tokens. If you exceed this limit, you will be forced to provide an immediate answer.
Your overall generation limit is 200 tokens.
2026-01-18 19:12:42,923 - src.driver - INFO - GENERATED CONTENT: <action> grated poisoning incestuous</action> 
 PARSED ACTION: grated poisoning incestuous
2026-01-18 19:12:42,924 - src.driver - INFO - You will be assigned a task. 
You will receive the actions you have available, followed by the action history. 
Your goal is to maximize the total reward across all 10 steps. We are on step 7. 

Task Assignment:
---
You are a farmer who owns 3 fields. Each action corresponds to planting your crop in a different field. Each field is associated with a Gaussian distribution with a fixed but unknown mean. At each time step, you will select a field and receive a reward drawn from the associated distribution. Your goal is to maximize your reward across all of your turns.
---

Available Actions:
---

- Field Name: gracious endure dashing 

- Field Name: grated poisoning incestuous 

- Field Name: clientele ratification character 

---
When selecting an action, include only the name of the action. Do not include the dashes used to indicate the list here.

History:
---


- {'state': {}, 'action_taken': 'gracious endure dashing', 'reward': 75.0}

- {'state': {}, 'action_taken': 'gracious endure dashing', 'reward': 75.0}

- {'state': {}, 'action_taken': 'grated poisoning incestuous', 'reward': 25.0}

- {'state': {}, 'action_taken': 'clientele ratification character', 'reward': 50.0}

- {'state': {}, 'action_taken': 'gracious endure dashing', 'reward': 75.0}

- {'state': {}, 'action_taken': 'gracious endure dashing', 'reward': 75.0}

- {'state': {}, 'action_taken': 'grated poisoning incestuous', 'reward': 25.0}


---

Please select an action from the list of action options in order to maximize the reward for your task.
When selecting an action, put the exact name of the action between action tags like: <action> action_name </action>.

Your thinking budget is 150 tokens. If you exceed this limit, you will be forced to provide an immediate answer.
Your overall generation limit is 200 tokens.
2026-01-18 19:12:55,163 - src.driver - INFO - GENERATED CONTENT: <action> clientele ratification character</action> 
 PARSED ACTION: clientele ratification character
2026-01-18 19:12:55,164 - src.driver - INFO - You will be assigned a task. 
You will receive the actions you have available, followed by the action history. 
Your goal is to maximize the total reward across all 10 steps. We are on step 8. 

Task Assignment:
---
You are a farmer who owns 3 fields. Each action corresponds to planting your crop in a different field. Each field is associated with a Gaussian distribution with a fixed but unknown mean. At each time step, you will select a field and receive a reward drawn from the associated distribution. Your goal is to maximize your reward across all of your turns.
---

Available Actions:
---

- Field Name: gracious endure dashing 

- Field Name: grated poisoning incestuous 

- Field Name: clientele ratification character 

---
When selecting an action, include only the name of the action. Do not include the dashes used to indicate the list here.

History:
---


- {'state': {}, 'action_taken': 'gracious endure dashing', 'reward': 75.0}

- {'state': {}, 'action_taken': 'gracious endure dashing', 'reward': 75.0}

- {'state': {}, 'action_taken': 'grated poisoning incestuous', 'reward': 25.0}

- {'state': {}, 'action_taken': 'clientele ratification character', 'reward': 50.0}

- {'state': {}, 'action_taken': 'gracious endure dashing', 'reward': 75.0}

- {'state': {}, 'action_taken': 'gracious endure dashing', 'reward': 75.0}

- {'state': {}, 'action_taken': 'grated poisoning incestuous', 'reward': 25.0}

- {'state': {}, 'action_taken': 'clientele ratification character', 'reward': 50.0}


---

Please select an action from the list of action options in order to maximize the reward for your task.
When selecting an action, put the exact name of the action between action tags like: <action> action_name </action>.

Your thinking budget is 150 tokens. If you exceed this limit, you will be forced to provide an immediate answer.
Your overall generation limit is 200 tokens.
2026-01-18 19:13:07,485 - src.driver - INFO - GENERATED CONTENT: <action>  gracious endure dashing </action> 
 PARSED ACTION: gracious endure dashing
2026-01-18 19:13:07,485 - src.driver - INFO - You will be assigned a task. 
You will receive the actions you have available, followed by the action history. 
Your goal is to maximize the total reward across all 10 steps. We are on step 9. 

Task Assignment:
---
You are a farmer who owns 3 fields. Each action corresponds to planting your crop in a different field. Each field is associated with a Gaussian distribution with a fixed but unknown mean. At each time step, you will select a field and receive a reward drawn from the associated distribution. Your goal is to maximize your reward across all of your turns.
---

Available Actions:
---

- Field Name: gracious endure dashing 

- Field Name: grated poisoning incestuous 

- Field Name: clientele ratification character 

---
When selecting an action, include only the name of the action. Do not include the dashes used to indicate the list here.

History:
---


- {'state': {}, 'action_taken': 'gracious endure dashing', 'reward': 75.0}

- {'state': {}, 'action_taken': 'gracious endure dashing', 'reward': 75.0}

- {'state': {}, 'action_taken': 'grated poisoning incestuous', 'reward': 25.0}

- {'state': {}, 'action_taken': 'clientele ratification character', 'reward': 50.0}

- {'state': {}, 'action_taken': 'gracious endure dashing', 'reward': 75.0}

- {'state': {}, 'action_taken': 'gracious endure dashing', 'reward': 75.0}

- {'state': {}, 'action_taken': 'grated poisoning incestuous', 'reward': 25.0}

- {'state': {}, 'action_taken': 'clientele ratification character', 'reward': 50.0}

- {'state': {}, 'action_taken': 'gracious endure dashing', 'reward': 75.0}


---

Please select an action from the list of action options in order to maximize the reward for your task.
When selecting an action, put the exact name of the action between action tags like: <action> action_name </action>.

Your thinking budget is 150 tokens. If you exceed this limit, you will be forced to provide an immediate answer.
Your overall generation limit is 200 tokens.
2026-01-18 19:13:19,795 - src.driver - INFO - GENERATED CONTENT: <action>  gracious endure dashing </action> 
 PARSED ACTION: gracious endure dashing
2026-01-18 19:13:19,810 - src.driver - INFO - You will be assigned a task. 
You will receive the actions you have available, followed by the action history. 
Your goal is to maximize the total reward across all 10 steps. We are on step 0. 

Task Assignment:
---
You are a farmer who owns 3 fields. Each action corresponds to planting your crop in a different field. Each field is associated with a Gaussian distribution with a fixed but unknown mean. At each time step, you will select a field and receive a reward drawn from the associated distribution. Your goal is to maximize your reward across all of your turns.
---

Available Actions:
---

- Field Name: delirium indifference exaggerated 

- Field Name: clientele ratification character 

- Field Name: smile supremely immortal 

---
When selecting an action, include only the name of the action. Do not include the dashes used to indicate the list here.

History:
---

This is the first turn. There is no history.

---

Please select an action from the list of action options in order to maximize the reward for your task.
When selecting an action, put the exact name of the action between action tags like: <action> action_name </action>.

Your thinking budget is 150 tokens. If you exceed this limit, you will be forced to provide an immediate answer.
Your overall generation limit is 200 tokens.
2026-01-18 19:13:31,420 - src.driver - INFO - GENERATED CONTENT: <action>  smile supremely immortal </action> 
 PARSED ACTION: smile supremely immortal
2026-01-18 19:13:31,420 - src.driver - INFO - You will be assigned a task. 
You will receive the actions you have available, followed by the action history. 
Your goal is to maximize the total reward across all 10 steps. We are on step 1. 

Task Assignment:
---
You are a farmer who owns 3 fields. Each action corresponds to planting your crop in a different field. Each field is associated with a Gaussian distribution with a fixed but unknown mean. At each time step, you will select a field and receive a reward drawn from the associated distribution. Your goal is to maximize your reward across all of your turns.
---

Available Actions:
---

- Field Name: delirium indifference exaggerated 

- Field Name: clientele ratification character 

- Field Name: smile supremely immortal 

---
When selecting an action, include only the name of the action. Do not include the dashes used to indicate the list here.

History:
---


- {'state': {}, 'action_taken': 'smile supremely immortal', 'reward': 75.0}


---

Please select an action from the list of action options in order to maximize the reward for your task.
When selecting an action, put the exact name of the action between action tags like: <action> action_name </action>.

Your thinking budget is 150 tokens. If you exceed this limit, you will be forced to provide an immediate answer.
Your overall generation limit is 200 tokens.
2026-01-18 19:13:43,135 - src.driver - INFO - GENERATED CONTENT: <action> delirium indifference exaggerated</action> 
 PARSED ACTION: delirium indifference exaggerated
2026-01-18 19:13:43,135 - src.driver - INFO - You will be assigned a task. 
You will receive the actions you have available, followed by the action history. 
Your goal is to maximize the total reward across all 10 steps. We are on step 2. 

Task Assignment:
---
You are a farmer who owns 3 fields. Each action corresponds to planting your crop in a different field. Each field is associated with a Gaussian distribution with a fixed but unknown mean. At each time step, you will select a field and receive a reward drawn from the associated distribution. Your goal is to maximize your reward across all of your turns.
---

Available Actions:
---

- Field Name: delirium indifference exaggerated 

- Field Name: clientele ratification character 

- Field Name: smile supremely immortal 

---
When selecting an action, include only the name of the action. Do not include the dashes used to indicate the list here.

History:
---


- {'state': {}, 'action_taken': 'smile supremely immortal', 'reward': 75.0}

- {'state': {}, 'action_taken': 'delirium indifference exaggerated', 'reward': 25.0}


---

Please select an action from the list of action options in order to maximize the reward for your task.
When selecting an action, put the exact name of the action between action tags like: <action> action_name </action>.

Your thinking budget is 150 tokens. If you exceed this limit, you will be forced to provide an immediate answer.
Your overall generation limit is 200 tokens.
2026-01-18 19:13:54,929 - src.driver - INFO - GENERATED CONTENT: <action> clientele ratification character</action> 
 PARSED ACTION: clientele ratification character
2026-01-18 19:13:54,929 - src.driver - INFO - You will be assigned a task. 
You will receive the actions you have available, followed by the action history. 
Your goal is to maximize the total reward across all 10 steps. We are on step 3. 

Task Assignment:
---
You are a farmer who owns 3 fields. Each action corresponds to planting your crop in a different field. Each field is associated with a Gaussian distribution with a fixed but unknown mean. At each time step, you will select a field and receive a reward drawn from the associated distribution. Your goal is to maximize your reward across all of your turns.
---

Available Actions:
---

- Field Name: delirium indifference exaggerated 

- Field Name: clientele ratification character 

- Field Name: smile supremely immortal 

---
When selecting an action, include only the name of the action. Do not include the dashes used to indicate the list here.

History:
---


- {'state': {}, 'action_taken': 'smile supremely immortal', 'reward': 75.0}

- {'state': {}, 'action_taken': 'delirium indifference exaggerated', 'reward': 25.0}

- {'state': {}, 'action_taken': 'clientele ratification character', 'reward': 50.0}


---

Please select an action from the list of action options in order to maximize the reward for your task.
When selecting an action, put the exact name of the action between action tags like: <action> action_name </action>.

Your thinking budget is 150 tokens. If you exceed this limit, you will be forced to provide an immediate answer.
Your overall generation limit is 200 tokens.
2026-01-18 19:14:06,808 - src.driver - INFO - GENERATED CONTENT: <action>  smile supremely immortal </action> 
 PARSED ACTION: smile supremely immortal
2026-01-18 19:14:06,809 - src.driver - INFO - You will be assigned a task. 
You will receive the actions you have available, followed by the action history. 
Your goal is to maximize the total reward across all 10 steps. We are on step 4. 

Task Assignment:
---
You are a farmer who owns 3 fields. Each action corresponds to planting your crop in a different field. Each field is associated with a Gaussian distribution with a fixed but unknown mean. At each time step, you will select a field and receive a reward drawn from the associated distribution. Your goal is to maximize your reward across all of your turns.
---

Available Actions:
---

- Field Name: delirium indifference exaggerated 

- Field Name: clientele ratification character 

- Field Name: smile supremely immortal 

---
When selecting an action, include only the name of the action. Do not include the dashes used to indicate the list here.

History:
---


- {'state': {}, 'action_taken': 'smile supremely immortal', 'reward': 75.0}

- {'state': {}, 'action_taken': 'delirium indifference exaggerated', 'reward': 25.0}

- {'state': {}, 'action_taken': 'clientele ratification character', 'reward': 50.0}

- {'state': {}, 'action_taken': 'smile supremely immortal', 'reward': 75.0}


---

Please select an action from the list of action options in order to maximize the reward for your task.
When selecting an action, put the exact name of the action between action tags like: <action> action_name </action>.

Your thinking budget is 150 tokens. If you exceed this limit, you will be forced to provide an immediate answer.
Your overall generation limit is 200 tokens.
2026-01-18 19:14:18,752 - src.driver - INFO - GENERATED CONTENT: <action>  smile supremely immortal </action> 
 PARSED ACTION: smile supremely immortal
2026-01-18 19:14:18,753 - src.driver - INFO - You will be assigned a task. 
You will receive the actions you have available, followed by the action history. 
Your goal is to maximize the total reward across all 10 steps. We are on step 5. 

Task Assignment:
---
You are a farmer who owns 3 fields. Each action corresponds to planting your crop in a different field. Each field is associated with a Gaussian distribution with a fixed but unknown mean. At each time step, you will select a field and receive a reward drawn from the associated distribution. Your goal is to maximize your reward across all of your turns.
---

Available Actions:
---

- Field Name: delirium indifference exaggerated 

- Field Name: clientele ratification character 

- Field Name: smile supremely immortal 

---
When selecting an action, include only the name of the action. Do not include the dashes used to indicate the list here.

History:
---


- {'state': {}, 'action_taken': 'smile supremely immortal', 'reward': 75.0}

- {'state': {}, 'action_taken': 'delirium indifference exaggerated', 'reward': 25.0}

- {'state': {}, 'action_taken': 'clientele ratification character', 'reward': 50.0}

- {'state': {}, 'action_taken': 'smile supremely immortal', 'reward': 75.0}

- {'state': {}, 'action_taken': 'smile supremely immortal', 'reward': 75.0}


---

Please select an action from the list of action options in order to maximize the reward for your task.
When selecting an action, put the exact name of the action between action tags like: <action> action_name </action>.

Your thinking budget is 150 tokens. If you exceed this limit, you will be forced to provide an immediate answer.
Your overall generation limit is 200 tokens.
2026-01-18 19:14:30,824 - src.driver - INFO - GENERATED CONTENT: <action>  smile supremely immortal </action> 
 PARSED ACTION: smile supremely immortal
2026-01-18 19:14:30,824 - src.driver - INFO - You will be assigned a task. 
You will receive the actions you have available, followed by the action history. 
Your goal is to maximize the total reward across all 10 steps. We are on step 6. 

Task Assignment:
---
You are a farmer who owns 3 fields. Each action corresponds to planting your crop in a different field. Each field is associated with a Gaussian distribution with a fixed but unknown mean. At each time step, you will select a field and receive a reward drawn from the associated distribution. Your goal is to maximize your reward across all of your turns.
---

Available Actions:
---

- Field Name: delirium indifference exaggerated 

- Field Name: clientele ratification character 

- Field Name: smile supremely immortal 

---
When selecting an action, include only the name of the action. Do not include the dashes used to indicate the list here.

History:
---


- {'state': {}, 'action_taken': 'smile supremely immortal', 'reward': 75.0}

- {'state': {}, 'action_taken': 'delirium indifference exaggerated', 'reward': 25.0}

- {'state': {}, 'action_taken': 'clientele ratification character', 'reward': 50.0}

- {'state': {}, 'action_taken': 'smile supremely immortal', 'reward': 75.0}

- {'state': {}, 'action_taken': 'smile supremely immortal', 'reward': 75.0}

- {'state': {}, 'action_taken': 'smile supremely immortal', 'reward': 75.0}


---

Please select an action from the list of action options in order to maximize the reward for your task.
When selecting an action, put the exact name of the action between action tags like: <action> action_name </action>.

Your thinking budget is 150 tokens. If you exceed this limit, you will be forced to provide an immediate answer.
Your overall generation limit is 200 tokens.
2026-01-18 19:14:42,968 - src.driver - INFO - GENERATED CONTENT: <action> delirium indifference exaggerated</action> 
 PARSED ACTION: delirium indifference exaggerated
2026-01-18 19:14:42,968 - src.driver - INFO - You will be assigned a task. 
You will receive the actions you have available, followed by the action history. 
Your goal is to maximize the total reward across all 10 steps. We are on step 7. 

Task Assignment:
---
You are a farmer who owns 3 fields. Each action corresponds to planting your crop in a different field. Each field is associated with a Gaussian distribution with a fixed but unknown mean. At each time step, you will select a field and receive a reward drawn from the associated distribution. Your goal is to maximize your reward across all of your turns.
---

Available Actions:
---

- Field Name: delirium indifference exaggerated 

- Field Name: clientele ratification character 

- Field Name: smile supremely immortal 

---
When selecting an action, include only the name of the action. Do not include the dashes used to indicate the list here.

History:
---


- {'state': {}, 'action_taken': 'smile supremely immortal', 'reward': 75.0}

- {'state': {}, 'action_taken': 'delirium indifference exaggerated', 'reward': 25.0}

- {'state': {}, 'action_taken': 'clientele ratification character', 'reward': 50.0}

- {'state': {}, 'action_taken': 'smile supremely immortal', 'reward': 75.0}

- {'state': {}, 'action_taken': 'smile supremely immortal', 'reward': 75.0}

- {'state': {}, 'action_taken': 'smile supremely immortal', 'reward': 75.0}

- {'state': {}, 'action_taken': 'delirium indifference exaggerated', 'reward': 25.0}


---

Please select an action from the list of action options in order to maximize the reward for your task.
When selecting an action, put the exact name of the action between action tags like: <action> action_name </action>.

Your thinking budget is 150 tokens. If you exceed this limit, you will be forced to provide an immediate answer.
Your overall generation limit is 200 tokens.
2026-01-18 19:14:55,175 - src.driver - INFO - GENERATED CONTENT: <action> smile supremely immortal</action> 
 PARSED ACTION: smile supremely immortal
2026-01-18 19:14:55,175 - src.driver - INFO - You will be assigned a task. 
You will receive the actions you have available, followed by the action history. 
Your goal is to maximize the total reward across all 10 steps. We are on step 8. 

Task Assignment:
---
You are a farmer who owns 3 fields. Each action corresponds to planting your crop in a different field. Each field is associated with a Gaussian distribution with a fixed but unknown mean. At each time step, you will select a field and receive a reward drawn from the associated distribution. Your goal is to maximize your reward across all of your turns.
---

Available Actions:
---

- Field Name: delirium indifference exaggerated 

- Field Name: clientele ratification character 

- Field Name: smile supremely immortal 

---
When selecting an action, include only the name of the action. Do not include the dashes used to indicate the list here.

History:
---


- {'state': {}, 'action_taken': 'smile supremely immortal', 'reward': 75.0}

- {'state': {}, 'action_taken': 'delirium indifference exaggerated', 'reward': 25.0}

- {'state': {}, 'action_taken': 'clientele ratification character', 'reward': 50.0}

- {'state': {}, 'action_taken': 'smile supremely immortal', 'reward': 75.0}

- {'state': {}, 'action_taken': 'smile supremely immortal', 'reward': 75.0}

- {'state': {}, 'action_taken': 'smile supremely immortal', 'reward': 75.0}

- {'state': {}, 'action_taken': 'delirium indifference exaggerated', 'reward': 25.0}

- {'state': {}, 'action_taken': 'smile supremely immortal', 'reward': 75.0}


---

Please select an action from the list of action options in order to maximize the reward for your task.
When selecting an action, put the exact name of the action between action tags like: <action> action_name </action>.

Your thinking budget is 150 tokens. If you exceed this limit, you will be forced to provide an immediate answer.
Your overall generation limit is 200 tokens.
2026-01-18 19:15:07,434 - src.driver - INFO - GENERATED CONTENT: <action>  smile supremely immortal </action> 
 PARSED ACTION: smile supremely immortal
2026-01-18 19:15:07,434 - src.driver - INFO - You will be assigned a task. 
You will receive the actions you have available, followed by the action history. 
Your goal is to maximize the total reward across all 10 steps. We are on step 9. 

Task Assignment:
---
You are a farmer who owns 3 fields. Each action corresponds to planting your crop in a different field. Each field is associated with a Gaussian distribution with a fixed but unknown mean. At each time step, you will select a field and receive a reward drawn from the associated distribution. Your goal is to maximize your reward across all of your turns.
---

Available Actions:
---

- Field Name: delirium indifference exaggerated 

- Field Name: clientele ratification character 

- Field Name: smile supremely immortal 

---
When selecting an action, include only the name of the action. Do not include the dashes used to indicate the list here.

History:
---


- {'state': {}, 'action_taken': 'smile supremely immortal', 'reward': 75.0}

- {'state': {}, 'action_taken': 'delirium indifference exaggerated', 'reward': 25.0}

- {'state': {}, 'action_taken': 'clientele ratification character', 'reward': 50.0}

- {'state': {}, 'action_taken': 'smile supremely immortal', 'reward': 75.0}

- {'state': {}, 'action_taken': 'smile supremely immortal', 'reward': 75.0}

- {'state': {}, 'action_taken': 'smile supremely immortal', 'reward': 75.0}

- {'state': {}, 'action_taken': 'delirium indifference exaggerated', 'reward': 25.0}

- {'state': {}, 'action_taken': 'smile supremely immortal', 'reward': 75.0}

- {'state': {}, 'action_taken': 'smile supremely immortal', 'reward': 75.0}


---

Please select an action from the list of action options in order to maximize the reward for your task.
When selecting an action, put the exact name of the action between action tags like: <action> action_name </action>.

Your thinking budget is 150 tokens. If you exceed this limit, you will be forced to provide an immediate answer.
Your overall generation limit is 200 tokens.
2026-01-18 19:15:19,707 - src.driver - INFO - GENERATED CONTENT: <action>  smile supremely immortal </action> 
 PARSED ACTION: smile supremely immortal
2026-01-18 19:15:19,723 - src.driver - INFO - You will be assigned a task. 
You will receive the actions you have available, followed by the action history. 
Your goal is to maximize the total reward across all 10 steps. We are on step 0. 

Task Assignment:
---
You are a farmer who owns 3 fields. Each action corresponds to planting your crop in a different field. Each field is associated with a Gaussian distribution with a fixed but unknown mean. At each time step, you will select a field and receive a reward drawn from the associated distribution. Your goal is to maximize your reward across all of your turns.
---

Available Actions:
---

- Field Name: emancipation dictionary granted 

- Field Name: deserving beeswax intercom 

- Field Name: delirium indifference exaggerated 

---
When selecting an action, include only the name of the action. Do not include the dashes used to indicate the list here.

History:
---

This is the first turn. There is no history.

---

Please select an action from the list of action options in order to maximize the reward for your task.
When selecting an action, put the exact name of the action between action tags like: <action> action_name </action>.

Your thinking budget is 150 tokens. If you exceed this limit, you will be forced to provide an immediate answer.
Your overall generation limit is 200 tokens.
2026-01-18 19:15:31,373 - src.driver - INFO - GENERATED CONTENT: <action>  delirium indifference exaggerated </action> 
 PARSED ACTION: delirium indifference exaggerated
2026-01-18 19:15:31,374 - src.driver - INFO - You will be assigned a task. 
You will receive the actions you have available, followed by the action history. 
Your goal is to maximize the total reward across all 10 steps. We are on step 1. 

Task Assignment:
---
You are a farmer who owns 3 fields. Each action corresponds to planting your crop in a different field. Each field is associated with a Gaussian distribution with a fixed but unknown mean. At each time step, you will select a field and receive a reward drawn from the associated distribution. Your goal is to maximize your reward across all of your turns.
---

Available Actions:
---

- Field Name: emancipation dictionary granted 

- Field Name: deserving beeswax intercom 

- Field Name: delirium indifference exaggerated 

---
When selecting an action, include only the name of the action. Do not include the dashes used to indicate the list here.

History:
---


- {'state': {}, 'action_taken': 'delirium indifference exaggerated', 'reward': 25.0}


---

Please select an action from the list of action options in order to maximize the reward for your task.
When selecting an action, put the exact name of the action between action tags like: <action> action_name </action>.

Your thinking budget is 150 tokens. If you exceed this limit, you will be forced to provide an immediate answer.
Your overall generation limit is 200 tokens.
2026-01-18 19:15:43,095 - src.driver - INFO - GENERATED CONTENT: <action>  deserving beeswax intercom </action> 
 PARSED ACTION: deserving beeswax intercom
2026-01-18 19:15:43,095 - src.driver - INFO - You will be assigned a task. 
You will receive the actions you have available, followed by the action history. 
Your goal is to maximize the total reward across all 10 steps. We are on step 2. 

Task Assignment:
---
You are a farmer who owns 3 fields. Each action corresponds to planting your crop in a different field. Each field is associated with a Gaussian distribution with a fixed but unknown mean. At each time step, you will select a field and receive a reward drawn from the associated distribution. Your goal is to maximize your reward across all of your turns.
---

Available Actions:
---

- Field Name: emancipation dictionary granted 

- Field Name: deserving beeswax intercom 

- Field Name: delirium indifference exaggerated 

---
When selecting an action, include only the name of the action. Do not include the dashes used to indicate the list here.

History:
---


- {'state': {}, 'action_taken': 'delirium indifference exaggerated', 'reward': 25.0}

- {'state': {}, 'action_taken': 'deserving beeswax intercom', 'reward': 50.0}


---

Please select an action from the list of action options in order to maximize the reward for your task.
When selecting an action, put the exact name of the action between action tags like: <action> action_name </action>.

Your thinking budget is 150 tokens. If you exceed this limit, you will be forced to provide an immediate answer.
Your overall generation limit is 200 tokens.
2026-01-18 19:15:54,856 - src.driver - INFO - GENERATED CONTENT: <action>  emancipation dictionary granted </action> 
 PARSED ACTION: emancipation dictionary granted
2026-01-18 19:15:54,857 - src.driver - INFO - You will be assigned a task. 
You will receive the actions you have available, followed by the action history. 
Your goal is to maximize the total reward across all 10 steps. We are on step 3. 

Task Assignment:
---
You are a farmer who owns 3 fields. Each action corresponds to planting your crop in a different field. Each field is associated with a Gaussian distribution with a fixed but unknown mean. At each time step, you will select a field and receive a reward drawn from the associated distribution. Your goal is to maximize your reward across all of your turns.
---

Available Actions:
---

- Field Name: emancipation dictionary granted 

- Field Name: deserving beeswax intercom 

- Field Name: delirium indifference exaggerated 

---
When selecting an action, include only the name of the action. Do not include the dashes used to indicate the list here.

History:
---


- {'state': {}, 'action_taken': 'delirium indifference exaggerated', 'reward': 25.0}

- {'state': {}, 'action_taken': 'deserving beeswax intercom', 'reward': 50.0}

- {'state': {}, 'action_taken': 'emancipation dictionary granted', 'reward': 75.0}


---

Please select an action from the list of action options in order to maximize the reward for your task.
When selecting an action, put the exact name of the action between action tags like: <action> action_name </action>.

Your thinking budget is 150 tokens. If you exceed this limit, you will be forced to provide an immediate answer.
Your overall generation limit is 200 tokens.
2026-01-18 19:16:06,690 - src.driver - INFO - GENERATED CONTENT: <action> delirium indifference exaggerated</action> 
 PARSED ACTION: delirium indifference exaggerated
2026-01-18 19:16:06,690 - src.driver - INFO - You will be assigned a task. 
You will receive the actions you have available, followed by the action history. 
Your goal is to maximize the total reward across all 10 steps. We are on step 4. 

Task Assignment:
---
You are a farmer who owns 3 fields. Each action corresponds to planting your crop in a different field. Each field is associated with a Gaussian distribution with a fixed but unknown mean. At each time step, you will select a field and receive a reward drawn from the associated distribution. Your goal is to maximize your reward across all of your turns.
---

Available Actions:
---

- Field Name: emancipation dictionary granted 

- Field Name: deserving beeswax intercom 

- Field Name: delirium indifference exaggerated 

---
When selecting an action, include only the name of the action. Do not include the dashes used to indicate the list here.

History:
---


- {'state': {}, 'action_taken': 'delirium indifference exaggerated', 'reward': 25.0}

- {'state': {}, 'action_taken': 'deserving beeswax intercom', 'reward': 50.0}

- {'state': {}, 'action_taken': 'emancipation dictionary granted', 'reward': 75.0}

- {'state': {}, 'action_taken': 'delirium indifference exaggerated', 'reward': 25.0}


---

Please select an action from the list of action options in order to maximize the reward for your task.
When selecting an action, put the exact name of the action between action tags like: <action> action_name </action>.

Your thinking budget is 150 tokens. If you exceed this limit, you will be forced to provide an immediate answer.
Your overall generation limit is 200 tokens.
2026-01-18 19:16:18,820 - src.driver - INFO - GENERATED CONTENT: <action> deserving beeswax intercom</action> 
 PARSED ACTION: deserving beeswax intercom
2026-01-18 19:16:18,821 - src.driver - INFO - You will be assigned a task. 
You will receive the actions you have available, followed by the action history. 
Your goal is to maximize the total reward across all 10 steps. We are on step 5. 

Task Assignment:
---
You are a farmer who owns 3 fields. Each action corresponds to planting your crop in a different field. Each field is associated with a Gaussian distribution with a fixed but unknown mean. At each time step, you will select a field and receive a reward drawn from the associated distribution. Your goal is to maximize your reward across all of your turns.
---

Available Actions:
---

- Field Name: emancipation dictionary granted 

- Field Name: deserving beeswax intercom 

- Field Name: delirium indifference exaggerated 

---
When selecting an action, include only the name of the action. Do not include the dashes used to indicate the list here.

History:
---


- {'state': {}, 'action_taken': 'delirium indifference exaggerated', 'reward': 25.0}

- {'state': {}, 'action_taken': 'deserving beeswax intercom', 'reward': 50.0}

- {'state': {}, 'action_taken': 'emancipation dictionary granted', 'reward': 75.0}

- {'state': {}, 'action_taken': 'delirium indifference exaggerated', 'reward': 25.0}

- {'state': {}, 'action_taken': 'deserving beeswax intercom', 'reward': 50.0}


---

Please select an action from the list of action options in order to maximize the reward for your task.
When selecting an action, put the exact name of the action between action tags like: <action> action_name </action>.

Your thinking budget is 150 tokens. If you exceed this limit, you will be forced to provide an immediate answer.
Your overall generation limit is 200 tokens.
2026-01-18 19:16:30,846 - src.driver - INFO - GENERATED CONTENT: <action>  emancipation dictionary granted </action> 
 PARSED ACTION: emancipation dictionary granted
2026-01-18 19:16:30,847 - src.driver - INFO - You will be assigned a task. 
You will receive the actions you have available, followed by the action history. 
Your goal is to maximize the total reward across all 10 steps. We are on step 6. 

Task Assignment:
---
You are a farmer who owns 3 fields. Each action corresponds to planting your crop in a different field. Each field is associated with a Gaussian distribution with a fixed but unknown mean. At each time step, you will select a field and receive a reward drawn from the associated distribution. Your goal is to maximize your reward across all of your turns.
---

Available Actions:
---

- Field Name: emancipation dictionary granted 

- Field Name: deserving beeswax intercom 

- Field Name: delirium indifference exaggerated 

---
When selecting an action, include only the name of the action. Do not include the dashes used to indicate the list here.

History:
---


- {'state': {}, 'action_taken': 'delirium indifference exaggerated', 'reward': 25.0}

- {'state': {}, 'action_taken': 'deserving beeswax intercom', 'reward': 50.0}

- {'state': {}, 'action_taken': 'emancipation dictionary granted', 'reward': 75.0}

- {'state': {}, 'action_taken': 'delirium indifference exaggerated', 'reward': 25.0}

- {'state': {}, 'action_taken': 'deserving beeswax intercom', 'reward': 50.0}

- {'state': {}, 'action_taken': 'emancipation dictionary granted', 'reward': 75.0}


---

Please select an action from the list of action options in order to maximize the reward for your task.
When selecting an action, put the exact name of the action between action tags like: <action> action_name </action>.

Your thinking budget is 150 tokens. If you exceed this limit, you will be forced to provide an immediate answer.
Your overall generation limit is 200 tokens.
2026-01-18 19:16:42,981 - src.driver - INFO - GENERATED CONTENT: <action> emancipation dictionary granted</action> 
 PARSED ACTION: emancipation dictionary granted
2026-01-18 19:16:42,982 - src.driver - INFO - You will be assigned a task. 
You will receive the actions you have available, followed by the action history. 
Your goal is to maximize the total reward across all 10 steps. We are on step 7. 

Task Assignment:
---
You are a farmer who owns 3 fields. Each action corresponds to planting your crop in a different field. Each field is associated with a Gaussian distribution with a fixed but unknown mean. At each time step, you will select a field and receive a reward drawn from the associated distribution. Your goal is to maximize your reward across all of your turns.
---

Available Actions:
---

- Field Name: emancipation dictionary granted 

- Field Name: deserving beeswax intercom 

- Field Name: delirium indifference exaggerated 

---
When selecting an action, include only the name of the action. Do not include the dashes used to indicate the list here.

History:
---


- {'state': {}, 'action_taken': 'delirium indifference exaggerated', 'reward': 25.0}

- {'state': {}, 'action_taken': 'deserving beeswax intercom', 'reward': 50.0}

- {'state': {}, 'action_taken': 'emancipation dictionary granted', 'reward': 75.0}

- {'state': {}, 'action_taken': 'delirium indifference exaggerated', 'reward': 25.0}

- {'state': {}, 'action_taken': 'deserving beeswax intercom', 'reward': 50.0}

- {'state': {}, 'action_taken': 'emancipation dictionary granted', 'reward': 75.0}

- {'state': {}, 'action_taken': 'emancipation dictionary granted', 'reward': 75.0}


---

Please select an action from the list of action options in order to maximize the reward for your task.
When selecting an action, put the exact name of the action between action tags like: <action> action_name </action>.

Your thinking budget is 150 tokens. If you exceed this limit, you will be forced to provide an immediate answer.
Your overall generation limit is 200 tokens.
2026-01-18 19:16:55,439 - src.driver - INFO - GENERATED CONTENT: <action> deserving beeswax intercom</action> 
 PARSED ACTION: deserving beeswax intercom
2026-01-18 19:16:55,439 - src.driver - INFO - You will be assigned a task. 
You will receive the actions you have available, followed by the action history. 
Your goal is to maximize the total reward across all 10 steps. We are on step 8. 

Task Assignment:
---
You are a farmer who owns 3 fields. Each action corresponds to planting your crop in a different field. Each field is associated with a Gaussian distribution with a fixed but unknown mean. At each time step, you will select a field and receive a reward drawn from the associated distribution. Your goal is to maximize your reward across all of your turns.
---

Available Actions:
---

- Field Name: emancipation dictionary granted 

- Field Name: deserving beeswax intercom 

- Field Name: delirium indifference exaggerated 

---
When selecting an action, include only the name of the action. Do not include the dashes used to indicate the list here.

History:
---


- {'state': {}, 'action_taken': 'delirium indifference exaggerated', 'reward': 25.0}

- {'state': {}, 'action_taken': 'deserving beeswax intercom', 'reward': 50.0}

- {'state': {}, 'action_taken': 'emancipation dictionary granted', 'reward': 75.0}

- {'state': {}, 'action_taken': 'delirium indifference exaggerated', 'reward': 25.0}

- {'state': {}, 'action_taken': 'deserving beeswax intercom', 'reward': 50.0}

- {'state': {}, 'action_taken': 'emancipation dictionary granted', 'reward': 75.0}

- {'state': {}, 'action_taken': 'emancipation dictionary granted', 'reward': 75.0}

- {'state': {}, 'action_taken': 'deserving beeswax intercom', 'reward': 50.0}


---

Please select an action from the list of action options in order to maximize the reward for your task.
When selecting an action, put the exact name of the action between action tags like: <action> action_name </action>.

Your thinking budget is 150 tokens. If you exceed this limit, you will be forced to provide an immediate answer.
Your overall generation limit is 200 tokens.
2026-01-18 19:17:07,759 - src.driver - INFO - GENERATED CONTENT: <action>  emancipation dictionary granted </action> 
 PARSED ACTION: emancipation dictionary granted
2026-01-18 19:17:07,760 - src.driver - INFO - You will be assigned a task. 
You will receive the actions you have available, followed by the action history. 
Your goal is to maximize the total reward across all 10 steps. We are on step 9. 

Task Assignment:
---
You are a farmer who owns 3 fields. Each action corresponds to planting your crop in a different field. Each field is associated with a Gaussian distribution with a fixed but unknown mean. At each time step, you will select a field and receive a reward drawn from the associated distribution. Your goal is to maximize your reward across all of your turns.
---

Available Actions:
---

- Field Name: emancipation dictionary granted 

- Field Name: deserving beeswax intercom 

- Field Name: delirium indifference exaggerated 

---
When selecting an action, include only the name of the action. Do not include the dashes used to indicate the list here.

History:
---


- {'state': {}, 'action_taken': 'delirium indifference exaggerated', 'reward': 25.0}

- {'state': {}, 'action_taken': 'deserving beeswax intercom', 'reward': 50.0}

- {'state': {}, 'action_taken': 'emancipation dictionary granted', 'reward': 75.0}

- {'state': {}, 'action_taken': 'delirium indifference exaggerated', 'reward': 25.0}

- {'state': {}, 'action_taken': 'deserving beeswax intercom', 'reward': 50.0}

- {'state': {}, 'action_taken': 'emancipation dictionary granted', 'reward': 75.0}

- {'state': {}, 'action_taken': 'emancipation dictionary granted', 'reward': 75.0}

- {'state': {}, 'action_taken': 'deserving beeswax intercom', 'reward': 50.0}

- {'state': {}, 'action_taken': 'emancipation dictionary granted', 'reward': 75.0}


---

Please select an action from the list of action options in order to maximize the reward for your task.
When selecting an action, put the exact name of the action between action tags like: <action> action_name </action>.

Your thinking budget is 150 tokens. If you exceed this limit, you will be forced to provide an immediate answer.
Your overall generation limit is 200 tokens.
2026-01-18 19:17:20,129 - src.driver - INFO - GENERATED CONTENT: <action>  emancipation dictionary granted </action> 
 PARSED ACTION: emancipation dictionary granted
