2026-01-18 20:19:21,560 - src.driver - INFO - You will be assigned a task. 
You will receive the actions you have available, followed by the action history. 
Your goal is to maximize the total reward across all 10 steps. We are on step 0. 

Task Assignment:
---
You are a farmer who owns 3 fields. Each action corresponds to planting your crop in a different field. Each field is associated with a Gaussian distribution with a fixed but unknown mean. At each time step, you will select a field and receive a reward drawn from the associated distribution. Your goal is to maximize your reward across all of your turns.
---

Available Actions:
---

- Field Name: gracious endure dashing 

- Field Name: primed lapel hue 

- Field Name: delirium indifference exaggerated 

---
When selecting an action, include only the name of the action. Do not include the dashes used to indicate the list here.

History:
---

This is the first turn. There is no history.

---

Please select an action from the list of action options in order to maximize the reward for your task.
When selecting an action, put the exact name of the action between action tags like: <action> action_name </action>.

Your thinking budget is 150 tokens. If you exceed this limit, you will be forced to provide an immediate answer.
Your overall generation limit is 200 tokens.
2026-01-18 20:19:36,436 - src.driver - INFO - GENERATED CONTENT: <action>  gracious endure dashing </action> 
 PARSED ACTION: gracious endure dashing
2026-01-18 20:19:36,436 - src.driver - INFO - You will be assigned a task. 
You will receive the actions you have available, followed by the action history. 
Your goal is to maximize the total reward across all 10 steps. We are on step 1. 

Task Assignment:
---
You are a farmer who owns 3 fields. Each action corresponds to planting your crop in a different field. Each field is associated with a Gaussian distribution with a fixed but unknown mean. At each time step, you will select a field and receive a reward drawn from the associated distribution. Your goal is to maximize your reward across all of your turns.
---

Available Actions:
---

- Field Name: gracious endure dashing 

- Field Name: primed lapel hue 

- Field Name: delirium indifference exaggerated 

---
When selecting an action, include only the name of the action. Do not include the dashes used to indicate the list here.

History:
---


- {'state': {}, 'action_taken': 'gracious endure dashing', 'reward': 0.75}


---

Please select an action from the list of action options in order to maximize the reward for your task.
When selecting an action, put the exact name of the action between action tags like: <action> action_name </action>.

Your thinking budget is 150 tokens. If you exceed this limit, you will be forced to provide an immediate answer.
Your overall generation limit is 200 tokens.
2026-01-18 20:19:51,400 - src.driver - INFO - GENERATED CONTENT: <action>  primed lapel hue </action> 
 PARSED ACTION: primed lapel hue
2026-01-18 20:19:51,401 - src.driver - INFO - You will be assigned a task. 
You will receive the actions you have available, followed by the action history. 
Your goal is to maximize the total reward across all 10 steps. We are on step 2. 

Task Assignment:
---
You are a farmer who owns 3 fields. Each action corresponds to planting your crop in a different field. Each field is associated with a Gaussian distribution with a fixed but unknown mean. At each time step, you will select a field and receive a reward drawn from the associated distribution. Your goal is to maximize your reward across all of your turns.
---

Available Actions:
---

- Field Name: gracious endure dashing 

- Field Name: primed lapel hue 

- Field Name: delirium indifference exaggerated 

---
When selecting an action, include only the name of the action. Do not include the dashes used to indicate the list here.

History:
---


- {'state': {}, 'action_taken': 'gracious endure dashing', 'reward': 0.75}

- {'state': {}, 'action_taken': 'primed lapel hue', 'reward': 0.5}


---

Please select an action from the list of action options in order to maximize the reward for your task.
When selecting an action, put the exact name of the action between action tags like: <action> action_name </action>.

Your thinking budget is 150 tokens. If you exceed this limit, you will be forced to provide an immediate answer.
Your overall generation limit is 200 tokens.
2026-01-18 20:20:06,678 - src.driver - INFO - GENERATED CONTENT: <action>  delirium indifference exaggerated </action> 
 PARSED ACTION: delirium indifference exaggerated
2026-01-18 20:20:06,679 - src.driver - INFO - You will be assigned a task. 
You will receive the actions you have available, followed by the action history. 
Your goal is to maximize the total reward across all 10 steps. We are on step 3. 

Task Assignment:
---
You are a farmer who owns 3 fields. Each action corresponds to planting your crop in a different field. Each field is associated with a Gaussian distribution with a fixed but unknown mean. At each time step, you will select a field and receive a reward drawn from the associated distribution. Your goal is to maximize your reward across all of your turns.
---

Available Actions:
---

- Field Name: gracious endure dashing 

- Field Name: primed lapel hue 

- Field Name: delirium indifference exaggerated 

---
When selecting an action, include only the name of the action. Do not include the dashes used to indicate the list here.

History:
---


- {'state': {}, 'action_taken': 'gracious endure dashing', 'reward': 0.75}

- {'state': {}, 'action_taken': 'primed lapel hue', 'reward': 0.5}

- {'state': {}, 'action_taken': 'delirium indifference exaggerated', 'reward': 0.25}


---

Please select an action from the list of action options in order to maximize the reward for your task.
When selecting an action, put the exact name of the action between action tags like: <action> action_name </action>.

Your thinking budget is 150 tokens. If you exceed this limit, you will be forced to provide an immediate answer.
Your overall generation limit is 200 tokens.
2026-01-18 20:20:22,117 - src.driver - INFO - GENERATED CONTENT: <action>  gracious endure dashing </action> 
 PARSED ACTION: gracious endure dashing
2026-01-18 20:20:22,117 - src.driver - INFO - You will be assigned a task. 
You will receive the actions you have available, followed by the action history. 
Your goal is to maximize the total reward across all 10 steps. We are on step 4. 

Task Assignment:
---
You are a farmer who owns 3 fields. Each action corresponds to planting your crop in a different field. Each field is associated with a Gaussian distribution with a fixed but unknown mean. At each time step, you will select a field and receive a reward drawn from the associated distribution. Your goal is to maximize your reward across all of your turns.
---

Available Actions:
---

- Field Name: gracious endure dashing 

- Field Name: primed lapel hue 

- Field Name: delirium indifference exaggerated 

---
When selecting an action, include only the name of the action. Do not include the dashes used to indicate the list here.

History:
---


- {'state': {}, 'action_taken': 'gracious endure dashing', 'reward': 0.75}

- {'state': {}, 'action_taken': 'primed lapel hue', 'reward': 0.5}

- {'state': {}, 'action_taken': 'delirium indifference exaggerated', 'reward': 0.25}

- {'state': {}, 'action_taken': 'gracious endure dashing', 'reward': 0.75}


---

Please select an action from the list of action options in order to maximize the reward for your task.
When selecting an action, put the exact name of the action between action tags like: <action> action_name </action>.

Your thinking budget is 150 tokens. If you exceed this limit, you will be forced to provide an immediate answer.
Your overall generation limit is 200 tokens.
2026-01-18 20:20:37,863 - src.driver - INFO - GENERATED CONTENT: <action>  gracious endure dashing </action> 
 PARSED ACTION: gracious endure dashing
2026-01-18 20:20:37,864 - src.driver - INFO - You will be assigned a task. 
You will receive the actions you have available, followed by the action history. 
Your goal is to maximize the total reward across all 10 steps. We are on step 5. 

Task Assignment:
---
You are a farmer who owns 3 fields. Each action corresponds to planting your crop in a different field. Each field is associated with a Gaussian distribution with a fixed but unknown mean. At each time step, you will select a field and receive a reward drawn from the associated distribution. Your goal is to maximize your reward across all of your turns.
---

Available Actions:
---

- Field Name: gracious endure dashing 

- Field Name: primed lapel hue 

- Field Name: delirium indifference exaggerated 

---
When selecting an action, include only the name of the action. Do not include the dashes used to indicate the list here.

History:
---


- {'state': {}, 'action_taken': 'gracious endure dashing', 'reward': 0.75}

- {'state': {}, 'action_taken': 'primed lapel hue', 'reward': 0.5}

- {'state': {}, 'action_taken': 'delirium indifference exaggerated', 'reward': 0.25}

- {'state': {}, 'action_taken': 'gracious endure dashing', 'reward': 0.75}

- {'state': {}, 'action_taken': 'gracious endure dashing', 'reward': 0.75}


---

Please select an action from the list of action options in order to maximize the reward for your task.
When selecting an action, put the exact name of the action between action tags like: <action> action_name </action>.

Your thinking budget is 150 tokens. If you exceed this limit, you will be forced to provide an immediate answer.
Your overall generation limit is 200 tokens.
2026-01-18 20:20:55,411 - src.driver - INFO - GENERATED CONTENT: <action>  gracious endure dashing </action> has shown the highest reward so far (0.75), and it's logical to continue with it to 
 PARSED ACTION: gracious endure dashing
2026-01-18 20:20:55,411 - src.driver - INFO - You will be assigned a task. 
You will receive the actions you have available, followed by the action history. 
Your goal is to maximize the total reward across all 10 steps. We are on step 6. 

Task Assignment:
---
You are a farmer who owns 3 fields. Each action corresponds to planting your crop in a different field. Each field is associated with a Gaussian distribution with a fixed but unknown mean. At each time step, you will select a field and receive a reward drawn from the associated distribution. Your goal is to maximize your reward across all of your turns.
---

Available Actions:
---

- Field Name: gracious endure dashing 

- Field Name: primed lapel hue 

- Field Name: delirium indifference exaggerated 

---
When selecting an action, include only the name of the action. Do not include the dashes used to indicate the list here.

History:
---


- {'state': {}, 'action_taken': 'gracious endure dashing', 'reward': 0.75}

- {'state': {}, 'action_taken': 'primed lapel hue', 'reward': 0.5}

- {'state': {}, 'action_taken': 'delirium indifference exaggerated', 'reward': 0.25}

- {'state': {}, 'action_taken': 'gracious endure dashing', 'reward': 0.75}

- {'state': {}, 'action_taken': 'gracious endure dashing', 'reward': 0.75}

- {'state': {}, 'action_taken': 'gracious endure dashing', 'reward': 0.75}


---

Please select an action from the list of action options in order to maximize the reward for your task.
When selecting an action, put the exact name of the action between action tags like: <action> action_name </action>.

Your thinking budget is 150 tokens. If you exceed this limit, you will be forced to provide an immediate answer.
Your overall generation limit is 200 tokens.
2026-01-18 20:21:11,438 - src.driver - INFO - GENERATED CONTENT: <action>  gracious endure dashing </action> 
 PARSED ACTION: gracious endure dashing
2026-01-18 20:21:11,439 - src.driver - INFO - You will be assigned a task. 
You will receive the actions you have available, followed by the action history. 
Your goal is to maximize the total reward across all 10 steps. We are on step 7. 

Task Assignment:
---
You are a farmer who owns 3 fields. Each action corresponds to planting your crop in a different field. Each field is associated with a Gaussian distribution with a fixed but unknown mean. At each time step, you will select a field and receive a reward drawn from the associated distribution. Your goal is to maximize your reward across all of your turns.
---

Available Actions:
---

- Field Name: gracious endure dashing 

- Field Name: primed lapel hue 

- Field Name: delirium indifference exaggerated 

---
When selecting an action, include only the name of the action. Do not include the dashes used to indicate the list here.

History:
---


- {'state': {}, 'action_taken': 'gracious endure dashing', 'reward': 0.75}

- {'state': {}, 'action_taken': 'primed lapel hue', 'reward': 0.5}

- {'state': {}, 'action_taken': 'delirium indifference exaggerated', 'reward': 0.25}

- {'state': {}, 'action_taken': 'gracious endure dashing', 'reward': 0.75}

- {'state': {}, 'action_taken': 'gracious endure dashing', 'reward': 0.75}

- {'state': {}, 'action_taken': 'gracious endure dashing', 'reward': 0.75}

- {'state': {}, 'action_taken': 'gracious endure dashing', 'reward': 0.75}


---

Please select an action from the list of action options in order to maximize the reward for your task.
When selecting an action, put the exact name of the action between action tags like: <action> action_name </action>.

Your thinking budget is 150 tokens. If you exceed this limit, you will be forced to provide an immediate answer.
Your overall generation limit is 200 tokens.
2026-01-18 20:21:29,319 - src.driver - INFO - GENERATED CONTENT: <action>  gracious endure dashing </action> has consistently provided the highest reward of 0.75 in all previous attempts. Since the goal is 
 PARSED ACTION: gracious endure dashing
2026-01-18 20:21:29,320 - src.driver - INFO - You will be assigned a task. 
You will receive the actions you have available, followed by the action history. 
Your goal is to maximize the total reward across all 10 steps. We are on step 8. 

Task Assignment:
---
You are a farmer who owns 3 fields. Each action corresponds to planting your crop in a different field. Each field is associated with a Gaussian distribution with a fixed but unknown mean. At each time step, you will select a field and receive a reward drawn from the associated distribution. Your goal is to maximize your reward across all of your turns.
---

Available Actions:
---

- Field Name: gracious endure dashing 

- Field Name: primed lapel hue 

- Field Name: delirium indifference exaggerated 

---
When selecting an action, include only the name of the action. Do not include the dashes used to indicate the list here.

History:
---


- {'state': {}, 'action_taken': 'gracious endure dashing', 'reward': 0.75}

- {'state': {}, 'action_taken': 'primed lapel hue', 'reward': 0.5}

- {'state': {}, 'action_taken': 'delirium indifference exaggerated', 'reward': 0.25}

- {'state': {}, 'action_taken': 'gracious endure dashing', 'reward': 0.75}

- {'state': {}, 'action_taken': 'gracious endure dashing', 'reward': 0.75}

- {'state': {}, 'action_taken': 'gracious endure dashing', 'reward': 0.75}

- {'state': {}, 'action_taken': 'gracious endure dashing', 'reward': 0.75}

- {'state': {}, 'action_taken': 'gracious endure dashing', 'reward': 0.75}


---

Please select an action from the list of action options in order to maximize the reward for your task.
When selecting an action, put the exact name of the action between action tags like: <action> action_name </action>.

Your thinking budget is 150 tokens. If you exceed this limit, you will be forced to provide an immediate answer.
Your overall generation limit is 200 tokens.
2026-01-18 20:21:46,118 - src.driver - INFO - GENERATED CONTENT: <action>  gracious endure dashing </action> 
 PARSED ACTION: gracious endure dashing
2026-01-18 20:21:46,118 - src.driver - INFO - You will be assigned a task. 
You will receive the actions you have available, followed by the action history. 
Your goal is to maximize the total reward across all 10 steps. We are on step 9. 

Task Assignment:
---
You are a farmer who owns 3 fields. Each action corresponds to planting your crop in a different field. Each field is associated with a Gaussian distribution with a fixed but unknown mean. At each time step, you will select a field and receive a reward drawn from the associated distribution. Your goal is to maximize your reward across all of your turns.
---

Available Actions:
---

- Field Name: gracious endure dashing 

- Field Name: primed lapel hue 

- Field Name: delirium indifference exaggerated 

---
When selecting an action, include only the name of the action. Do not include the dashes used to indicate the list here.

History:
---


- {'state': {}, 'action_taken': 'gracious endure dashing', 'reward': 0.75}

- {'state': {}, 'action_taken': 'primed lapel hue', 'reward': 0.5}

- {'state': {}, 'action_taken': 'delirium indifference exaggerated', 'reward': 0.25}

- {'state': {}, 'action_taken': 'gracious endure dashing', 'reward': 0.75}

- {'state': {}, 'action_taken': 'gracious endure dashing', 'reward': 0.75}

- {'state': {}, 'action_taken': 'gracious endure dashing', 'reward': 0.75}

- {'state': {}, 'action_taken': 'gracious endure dashing', 'reward': 0.75}

- {'state': {}, 'action_taken': 'gracious endure dashing', 'reward': 0.75}

- {'state': {}, 'action_taken': 'gracious endure dashing', 'reward': 0.75}


---

Please select an action from the list of action options in order to maximize the reward for your task.
When selecting an action, put the exact name of the action between action tags like: <action> action_name </action>.

Your thinking budget is 150 tokens. If you exceed this limit, you will be forced to provide an immediate answer.
Your overall generation limit is 200 tokens.
2026-01-18 20:22:03,123 - src.driver - INFO - GENERATED CONTENT: <action>  gracious endure dashing </action> 
 PARSED ACTION: gracious endure dashing
2026-01-18 20:22:03,140 - src.driver - INFO - You will be assigned a task. 
You will receive the actions you have available, followed by the action history. 
Your goal is to maximize the total reward across all 10 steps. We are on step 0. 

Task Assignment:
---
You are a farmer who owns 3 fields. Each action corresponds to planting your crop in a different field. Each field is associated with a Gaussian distribution with a fixed but unknown mean. At each time step, you will select a field and receive a reward drawn from the associated distribution. Your goal is to maximize your reward across all of your turns.
---

Available Actions:
---

- Field Name: attain complex freezer 

- Field Name: nameless illegible darken 

- Field Name: top generosity clever 

---
When selecting an action, include only the name of the action. Do not include the dashes used to indicate the list here.

History:
---

This is the first turn. There is no history.

---

Please select an action from the list of action options in order to maximize the reward for your task.
When selecting an action, put the exact name of the action between action tags like: <action> action_name </action>.

Your thinking budget is 150 tokens. If you exceed this limit, you will be forced to provide an immediate answer.
Your overall generation limit is 200 tokens.
2026-01-18 20:22:18,254 - src.driver - INFO - GENERATED CONTENT: <action>  attain complex freezer </action> 
 PARSED ACTION: attain complex freezer
2026-01-18 20:22:18,254 - src.driver - INFO - You will be assigned a task. 
You will receive the actions you have available, followed by the action history. 
Your goal is to maximize the total reward across all 10 steps. We are on step 1. 

Task Assignment:
---
You are a farmer who owns 3 fields. Each action corresponds to planting your crop in a different field. Each field is associated with a Gaussian distribution with a fixed but unknown mean. At each time step, you will select a field and receive a reward drawn from the associated distribution. Your goal is to maximize your reward across all of your turns.
---

Available Actions:
---

- Field Name: attain complex freezer 

- Field Name: nameless illegible darken 

- Field Name: top generosity clever 

---
When selecting an action, include only the name of the action. Do not include the dashes used to indicate the list here.

History:
---


- {'state': {}, 'action_taken': 'attain complex freezer', 'reward': 0.5}


---

Please select an action from the list of action options in order to maximize the reward for your task.
When selecting an action, put the exact name of the action between action tags like: <action> action_name </action>.

Your thinking budget is 150 tokens. If you exceed this limit, you will be forced to provide an immediate answer.
Your overall generation limit is 200 tokens.
2026-01-18 20:22:33,175 - src.driver - INFO - GENERATED CONTENT: <action>  nameless illegible darken </action> 
 PARSED ACTION: nameless illegible darken
2026-01-18 20:22:33,176 - src.driver - INFO - You will be assigned a task. 
You will receive the actions you have available, followed by the action history. 
Your goal is to maximize the total reward across all 10 steps. We are on step 2. 

Task Assignment:
---
You are a farmer who owns 3 fields. Each action corresponds to planting your crop in a different field. Each field is associated with a Gaussian distribution with a fixed but unknown mean. At each time step, you will select a field and receive a reward drawn from the associated distribution. Your goal is to maximize your reward across all of your turns.
---

Available Actions:
---

- Field Name: attain complex freezer 

- Field Name: nameless illegible darken 

- Field Name: top generosity clever 

---
When selecting an action, include only the name of the action. Do not include the dashes used to indicate the list here.

History:
---


- {'state': {}, 'action_taken': 'attain complex freezer', 'reward': 0.5}

- {'state': {}, 'action_taken': 'nameless illegible darken', 'reward': 0.25}


---

Please select an action from the list of action options in order to maximize the reward for your task.
When selecting an action, put the exact name of the action between action tags like: <action> action_name </action>.

Your thinking budget is 150 tokens. If you exceed this limit, you will be forced to provide an immediate answer.
Your overall generation limit is 200 tokens.
2026-01-18 20:22:48,314 - src.driver - INFO - GENERATED CONTENT: <action>  top generosity clever </action> 
 PARSED ACTION: top generosity clever
2026-01-18 20:22:48,315 - src.driver - INFO - You will be assigned a task. 
You will receive the actions you have available, followed by the action history. 
Your goal is to maximize the total reward across all 10 steps. We are on step 3. 

Task Assignment:
---
You are a farmer who owns 3 fields. Each action corresponds to planting your crop in a different field. Each field is associated with a Gaussian distribution with a fixed but unknown mean. At each time step, you will select a field and receive a reward drawn from the associated distribution. Your goal is to maximize your reward across all of your turns.
---

Available Actions:
---

- Field Name: attain complex freezer 

- Field Name: nameless illegible darken 

- Field Name: top generosity clever 

---
When selecting an action, include only the name of the action. Do not include the dashes used to indicate the list here.

History:
---


- {'state': {}, 'action_taken': 'attain complex freezer', 'reward': 0.5}

- {'state': {}, 'action_taken': 'nameless illegible darken', 'reward': 0.25}

- {'state': {}, 'action_taken': 'top generosity clever', 'reward': 0.75}


---

Please select an action from the list of action options in order to maximize the reward for your task.
When selecting an action, put the exact name of the action between action tags like: <action> action_name </action>.

Your thinking budget is 150 tokens. If you exceed this limit, you will be forced to provide an immediate answer.
Your overall generation limit is 200 tokens.
2026-01-18 20:23:03,562 - src.driver - INFO - GENERATED CONTENT: <action> top generosity clever</action> 
 PARSED ACTION: top generosity clever
2026-01-18 20:23:03,562 - src.driver - INFO - You will be assigned a task. 
You will receive the actions you have available, followed by the action history. 
Your goal is to maximize the total reward across all 10 steps. We are on step 4. 

Task Assignment:
---
You are a farmer who owns 3 fields. Each action corresponds to planting your crop in a different field. Each field is associated with a Gaussian distribution with a fixed but unknown mean. At each time step, you will select a field and receive a reward drawn from the associated distribution. Your goal is to maximize your reward across all of your turns.
---

Available Actions:
---

- Field Name: attain complex freezer 

- Field Name: nameless illegible darken 

- Field Name: top generosity clever 

---
When selecting an action, include only the name of the action. Do not include the dashes used to indicate the list here.

History:
---


- {'state': {}, 'action_taken': 'attain complex freezer', 'reward': 0.5}

- {'state': {}, 'action_taken': 'nameless illegible darken', 'reward': 0.25}

- {'state': {}, 'action_taken': 'top generosity clever', 'reward': 0.75}

- {'state': {}, 'action_taken': 'top generosity clever', 'reward': 0.75}


---

Please select an action from the list of action options in order to maximize the reward for your task.
When selecting an action, put the exact name of the action between action tags like: <action> action_name </action>.

Your thinking budget is 150 tokens. If you exceed this limit, you will be forced to provide an immediate answer.
Your overall generation limit is 200 tokens.
2026-01-18 20:23:18,892 - src.driver - INFO - GENERATED CONTENT: <action>  top generosity clever </action> 
 PARSED ACTION: top generosity clever
2026-01-18 20:23:18,893 - src.driver - INFO - You will be assigned a task. 
You will receive the actions you have available, followed by the action history. 
Your goal is to maximize the total reward across all 10 steps. We are on step 5. 

Task Assignment:
---
You are a farmer who owns 3 fields. Each action corresponds to planting your crop in a different field. Each field is associated with a Gaussian distribution with a fixed but unknown mean. At each time step, you will select a field and receive a reward drawn from the associated distribution. Your goal is to maximize your reward across all of your turns.
---

Available Actions:
---

- Field Name: attain complex freezer 

- Field Name: nameless illegible darken 

- Field Name: top generosity clever 

---
When selecting an action, include only the name of the action. Do not include the dashes used to indicate the list here.

History:
---


- {'state': {}, 'action_taken': 'attain complex freezer', 'reward': 0.5}

- {'state': {}, 'action_taken': 'nameless illegible darken', 'reward': 0.25}

- {'state': {}, 'action_taken': 'top generosity clever', 'reward': 0.75}

- {'state': {}, 'action_taken': 'top generosity clever', 'reward': 0.75}

- {'state': {}, 'action_taken': 'top generosity clever', 'reward': 0.75}


---

Please select an action from the list of action options in order to maximize the reward for your task.
When selecting an action, put the exact name of the action between action tags like: <action> action_name </action>.

Your thinking budget is 150 tokens. If you exceed this limit, you will be forced to provide an immediate answer.
Your overall generation limit is 200 tokens.
2026-01-18 20:23:34,506 - src.driver - INFO - GENERATED CONTENT: <action>  top generosity clever </action> 
 PARSED ACTION: top generosity clever
2026-01-18 20:23:34,506 - src.driver - INFO - You will be assigned a task. 
You will receive the actions you have available, followed by the action history. 
Your goal is to maximize the total reward across all 10 steps. We are on step 6. 

Task Assignment:
---
You are a farmer who owns 3 fields. Each action corresponds to planting your crop in a different field. Each field is associated with a Gaussian distribution with a fixed but unknown mean. At each time step, you will select a field and receive a reward drawn from the associated distribution. Your goal is to maximize your reward across all of your turns.
---

Available Actions:
---

- Field Name: attain complex freezer 

- Field Name: nameless illegible darken 

- Field Name: top generosity clever 

---
When selecting an action, include only the name of the action. Do not include the dashes used to indicate the list here.

History:
---


- {'state': {}, 'action_taken': 'attain complex freezer', 'reward': 0.5}

- {'state': {}, 'action_taken': 'nameless illegible darken', 'reward': 0.25}

- {'state': {}, 'action_taken': 'top generosity clever', 'reward': 0.75}

- {'state': {}, 'action_taken': 'top generosity clever', 'reward': 0.75}

- {'state': {}, 'action_taken': 'top generosity clever', 'reward': 0.75}

- {'state': {}, 'action_taken': 'top generosity clever', 'reward': 0.75}


---

Please select an action from the list of action options in order to maximize the reward for your task.
When selecting an action, put the exact name of the action between action tags like: <action> action_name </action>.

Your thinking budget is 150 tokens. If you exceed this limit, you will be forced to provide an immediate answer.
Your overall generation limit is 200 tokens.
2026-01-18 20:23:50,459 - src.driver - INFO - GENERATED CONTENT: <action>  top generosity clever </action> 
 PARSED ACTION: top generosity clever
2026-01-18 20:23:50,460 - src.driver - INFO - You will be assigned a task. 
You will receive the actions you have available, followed by the action history. 
Your goal is to maximize the total reward across all 10 steps. We are on step 7. 

Task Assignment:
---
You are a farmer who owns 3 fields. Each action corresponds to planting your crop in a different field. Each field is associated with a Gaussian distribution with a fixed but unknown mean. At each time step, you will select a field and receive a reward drawn from the associated distribution. Your goal is to maximize your reward across all of your turns.
---

Available Actions:
---

- Field Name: attain complex freezer 

- Field Name: nameless illegible darken 

- Field Name: top generosity clever 

---
When selecting an action, include only the name of the action. Do not include the dashes used to indicate the list here.

History:
---


- {'state': {}, 'action_taken': 'attain complex freezer', 'reward': 0.5}

- {'state': {}, 'action_taken': 'nameless illegible darken', 'reward': 0.25}

- {'state': {}, 'action_taken': 'top generosity clever', 'reward': 0.75}

- {'state': {}, 'action_taken': 'top generosity clever', 'reward': 0.75}

- {'state': {}, 'action_taken': 'top generosity clever', 'reward': 0.75}

- {'state': {}, 'action_taken': 'top generosity clever', 'reward': 0.75}

- {'state': {}, 'action_taken': 'top generosity clever', 'reward': 0.75}


---

Please select an action from the list of action options in order to maximize the reward for your task.
When selecting an action, put the exact name of the action between action tags like: <action> action_name </action>.

Your thinking budget is 150 tokens. If you exceed this limit, you will be forced to provide an immediate answer.
Your overall generation limit is 200 tokens.
2026-01-18 20:24:06,461 - src.driver - INFO - GENERATED CONTENT: <action>  top generosity clever </action> 
 PARSED ACTION: top generosity clever
2026-01-18 20:24:06,461 - src.driver - INFO - You will be assigned a task. 
You will receive the actions you have available, followed by the action history. 
Your goal is to maximize the total reward across all 10 steps. We are on step 8. 

Task Assignment:
---
You are a farmer who owns 3 fields. Each action corresponds to planting your crop in a different field. Each field is associated with a Gaussian distribution with a fixed but unknown mean. At each time step, you will select a field and receive a reward drawn from the associated distribution. Your goal is to maximize your reward across all of your turns.
---

Available Actions:
---

- Field Name: attain complex freezer 

- Field Name: nameless illegible darken 

- Field Name: top generosity clever 

---
When selecting an action, include only the name of the action. Do not include the dashes used to indicate the list here.

History:
---


- {'state': {}, 'action_taken': 'attain complex freezer', 'reward': 0.5}

- {'state': {}, 'action_taken': 'nameless illegible darken', 'reward': 0.25}

- {'state': {}, 'action_taken': 'top generosity clever', 'reward': 0.75}

- {'state': {}, 'action_taken': 'top generosity clever', 'reward': 0.75}

- {'state': {}, 'action_taken': 'top generosity clever', 'reward': 0.75}

- {'state': {}, 'action_taken': 'top generosity clever', 'reward': 0.75}

- {'state': {}, 'action_taken': 'top generosity clever', 'reward': 0.75}

- {'state': {}, 'action_taken': 'top generosity clever', 'reward': 0.75}


---

Please select an action from the list of action options in order to maximize the reward for your task.
When selecting an action, put the exact name of the action between action tags like: <action> action_name </action>.

Your thinking budget is 150 tokens. If you exceed this limit, you will be forced to provide an immediate answer.
Your overall generation limit is 200 tokens.
2026-01-18 20:24:22,988 - src.driver - INFO - GENERATED CONTENT: <action>  top generosity clever </action> 
 PARSED ACTION: top generosity clever
2026-01-18 20:24:22,989 - src.driver - INFO - You will be assigned a task. 
You will receive the actions you have available, followed by the action history. 
Your goal is to maximize the total reward across all 10 steps. We are on step 9. 

Task Assignment:
---
You are a farmer who owns 3 fields. Each action corresponds to planting your crop in a different field. Each field is associated with a Gaussian distribution with a fixed but unknown mean. At each time step, you will select a field and receive a reward drawn from the associated distribution. Your goal is to maximize your reward across all of your turns.
---

Available Actions:
---

- Field Name: attain complex freezer 

- Field Name: nameless illegible darken 

- Field Name: top generosity clever 

---
When selecting an action, include only the name of the action. Do not include the dashes used to indicate the list here.

History:
---


- {'state': {}, 'action_taken': 'attain complex freezer', 'reward': 0.5}

- {'state': {}, 'action_taken': 'nameless illegible darken', 'reward': 0.25}

- {'state': {}, 'action_taken': 'top generosity clever', 'reward': 0.75}

- {'state': {}, 'action_taken': 'top generosity clever', 'reward': 0.75}

- {'state': {}, 'action_taken': 'top generosity clever', 'reward': 0.75}

- {'state': {}, 'action_taken': 'top generosity clever', 'reward': 0.75}

- {'state': {}, 'action_taken': 'top generosity clever', 'reward': 0.75}

- {'state': {}, 'action_taken': 'top generosity clever', 'reward': 0.75}

- {'state': {}, 'action_taken': 'top generosity clever', 'reward': 0.75}


---

Please select an action from the list of action options in order to maximize the reward for your task.
When selecting an action, put the exact name of the action between action tags like: <action> action_name </action>.

Your thinking budget is 150 tokens. If you exceed this limit, you will be forced to provide an immediate answer.
Your overall generation limit is 200 tokens.
2026-01-18 20:24:39,525 - src.driver - INFO - GENERATED CONTENT: <action>  top generosity clever </action> 
 PARSED ACTION: top generosity clever
2026-01-18 20:24:39,542 - src.driver - INFO - You will be assigned a task. 
You will receive the actions you have available, followed by the action history. 
Your goal is to maximize the total reward across all 10 steps. We are on step 0. 

Task Assignment:
---
You are a farmer who owns 3 fields. Each action corresponds to planting your crop in a different field. Each field is associated with a Gaussian distribution with a fixed but unknown mean. At each time step, you will select a field and receive a reward drawn from the associated distribution. Your goal is to maximize your reward across all of your turns.
---

Available Actions:
---

- Field Name: clientele ratification character 

- Field Name: evergreen gratify organic 

- Field Name: flee apathetic plaintiff 

---
When selecting an action, include only the name of the action. Do not include the dashes used to indicate the list here.

History:
---

This is the first turn. There is no history.

---

Please select an action from the list of action options in order to maximize the reward for your task.
When selecting an action, put the exact name of the action between action tags like: <action> action_name </action>.

Your thinking budget is 150 tokens. If you exceed this limit, you will be forced to provide an immediate answer.
Your overall generation limit is 200 tokens.
2026-01-18 20:24:54,447 - src.driver - INFO - GENERATED CONTENT: <action>  clientele ratification character </action> 
 PARSED ACTION: clientele ratification character
2026-01-18 20:24:54,448 - src.driver - INFO - You will be assigned a task. 
You will receive the actions you have available, followed by the action history. 
Your goal is to maximize the total reward across all 10 steps. We are on step 1. 

Task Assignment:
---
You are a farmer who owns 3 fields. Each action corresponds to planting your crop in a different field. Each field is associated with a Gaussian distribution with a fixed but unknown mean. At each time step, you will select a field and receive a reward drawn from the associated distribution. Your goal is to maximize your reward across all of your turns.
---

Available Actions:
---

- Field Name: clientele ratification character 

- Field Name: evergreen gratify organic 

- Field Name: flee apathetic plaintiff 

---
When selecting an action, include only the name of the action. Do not include the dashes used to indicate the list here.

History:
---


- {'state': {}, 'action_taken': 'clientele ratification character', 'reward': 0.5}


---

Please select an action from the list of action options in order to maximize the reward for your task.
When selecting an action, put the exact name of the action between action tags like: <action> action_name </action>.

Your thinking budget is 150 tokens. If you exceed this limit, you will be forced to provide an immediate answer.
Your overall generation limit is 200 tokens.
2026-01-18 20:25:09,380 - src.driver - INFO - GENERATED CONTENT: <action>  evergreen gratify organic </action> 
 PARSED ACTION: evergreen gratify organic
2026-01-18 20:25:09,381 - src.driver - INFO - You will be assigned a task. 
You will receive the actions you have available, followed by the action history. 
Your goal is to maximize the total reward across all 10 steps. We are on step 2. 

Task Assignment:
---
You are a farmer who owns 3 fields. Each action corresponds to planting your crop in a different field. Each field is associated with a Gaussian distribution with a fixed but unknown mean. At each time step, you will select a field and receive a reward drawn from the associated distribution. Your goal is to maximize your reward across all of your turns.
---

Available Actions:
---

- Field Name: clientele ratification character 

- Field Name: evergreen gratify organic 

- Field Name: flee apathetic plaintiff 

---
When selecting an action, include only the name of the action. Do not include the dashes used to indicate the list here.

History:
---


- {'state': {}, 'action_taken': 'clientele ratification character', 'reward': 0.5}

- {'state': {}, 'action_taken': 'evergreen gratify organic', 'reward': 0.75}


---

Please select an action from the list of action options in order to maximize the reward for your task.
When selecting an action, put the exact name of the action between action tags like: <action> action_name </action>.

Your thinking budget is 150 tokens. If you exceed this limit, you will be forced to provide an immediate answer.
Your overall generation limit is 200 tokens.
2026-01-18 20:25:24,720 - src.driver - INFO - GENERATED CONTENT: <action>  flee apathetic plaintiff </action> 
 PARSED ACTION: flee apathetic plaintiff
2026-01-18 20:25:24,721 - src.driver - INFO - You will be assigned a task. 
You will receive the actions you have available, followed by the action history. 
Your goal is to maximize the total reward across all 10 steps. We are on step 3. 

Task Assignment:
---
You are a farmer who owns 3 fields. Each action corresponds to planting your crop in a different field. Each field is associated with a Gaussian distribution with a fixed but unknown mean. At each time step, you will select a field and receive a reward drawn from the associated distribution. Your goal is to maximize your reward across all of your turns.
---

Available Actions:
---

- Field Name: clientele ratification character 

- Field Name: evergreen gratify organic 

- Field Name: flee apathetic plaintiff 

---
When selecting an action, include only the name of the action. Do not include the dashes used to indicate the list here.

History:
---


- {'state': {}, 'action_taken': 'clientele ratification character', 'reward': 0.5}

- {'state': {}, 'action_taken': 'evergreen gratify organic', 'reward': 0.75}

- {'state': {}, 'action_taken': 'flee apathetic plaintiff', 'reward': 0.25}


---

Please select an action from the list of action options in order to maximize the reward for your task.
When selecting an action, put the exact name of the action between action tags like: <action> action_name </action>.

Your thinking budget is 150 tokens. If you exceed this limit, you will be forced to provide an immediate answer.
Your overall generation limit is 200 tokens.
2026-01-18 20:25:41,690 - src.driver - INFO - GENERATED CONTENT: <action>  evergreen gratify organic </action> has given the highest reward so far, and it's logical to continue with the same field to maximize 
 PARSED ACTION: evergreen gratify organic
2026-01-18 20:25:41,691 - src.driver - INFO - You will be assigned a task. 
You will receive the actions you have available, followed by the action history. 
Your goal is to maximize the total reward across all 10 steps. We are on step 4. 

Task Assignment:
---
You are a farmer who owns 3 fields. Each action corresponds to planting your crop in a different field. Each field is associated with a Gaussian distribution with a fixed but unknown mean. At each time step, you will select a field and receive a reward drawn from the associated distribution. Your goal is to maximize your reward across all of your turns.
---

Available Actions:
---

- Field Name: clientele ratification character 

- Field Name: evergreen gratify organic 

- Field Name: flee apathetic plaintiff 

---
When selecting an action, include only the name of the action. Do not include the dashes used to indicate the list here.

History:
---


- {'state': {}, 'action_taken': 'clientele ratification character', 'reward': 0.5}

- {'state': {}, 'action_taken': 'evergreen gratify organic', 'reward': 0.75}

- {'state': {}, 'action_taken': 'flee apathetic plaintiff', 'reward': 0.25}

- {'state': {}, 'action_taken': 'evergreen gratify organic', 'reward': 0.75}


---

Please select an action from the list of action options in order to maximize the reward for your task.
When selecting an action, put the exact name of the action between action tags like: <action> action_name </action>.

Your thinking budget is 150 tokens. If you exceed this limit, you will be forced to provide an immediate answer.
Your overall generation limit is 200 tokens.
2026-01-18 20:25:57,426 - src.driver - INFO - GENERATED CONTENT: <action>  evergreen gratify organic </action> 
 PARSED ACTION: evergreen gratify organic
2026-01-18 20:25:57,426 - src.driver - INFO - You will be assigned a task. 
You will receive the actions you have available, followed by the action history. 
Your goal is to maximize the total reward across all 10 steps. We are on step 5. 

Task Assignment:
---
You are a farmer who owns 3 fields. Each action corresponds to planting your crop in a different field. Each field is associated with a Gaussian distribution with a fixed but unknown mean. At each time step, you will select a field and receive a reward drawn from the associated distribution. Your goal is to maximize your reward across all of your turns.
---

Available Actions:
---

- Field Name: clientele ratification character 

- Field Name: evergreen gratify organic 

- Field Name: flee apathetic plaintiff 

---
When selecting an action, include only the name of the action. Do not include the dashes used to indicate the list here.

History:
---


- {'state': {}, 'action_taken': 'clientele ratification character', 'reward': 0.5}

- {'state': {}, 'action_taken': 'evergreen gratify organic', 'reward': 0.75}

- {'state': {}, 'action_taken': 'flee apathetic plaintiff', 'reward': 0.25}

- {'state': {}, 'action_taken': 'evergreen gratify organic', 'reward': 0.75}

- {'state': {}, 'action_taken': 'evergreen gratify organic', 'reward': 0.75}


---

Please select an action from the list of action options in order to maximize the reward for your task.
When selecting an action, put the exact name of the action between action tags like: <action> action_name </action>.

Your thinking budget is 150 tokens. If you exceed this limit, you will be forced to provide an immediate answer.
Your overall generation limit is 200 tokens.
2026-01-18 20:26:13,531 - src.driver - INFO - GENERATED CONTENT: <action>  evergreen gratify organic </action> 
 PARSED ACTION: evergreen gratify organic
2026-01-18 20:26:13,531 - src.driver - INFO - You will be assigned a task. 
You will receive the actions you have available, followed by the action history. 
Your goal is to maximize the total reward across all 10 steps. We are on step 6. 

Task Assignment:
---
You are a farmer who owns 3 fields. Each action corresponds to planting your crop in a different field. Each field is associated with a Gaussian distribution with a fixed but unknown mean. At each time step, you will select a field and receive a reward drawn from the associated distribution. Your goal is to maximize your reward across all of your turns.
---

Available Actions:
---

- Field Name: clientele ratification character 

- Field Name: evergreen gratify organic 

- Field Name: flee apathetic plaintiff 

---
When selecting an action, include only the name of the action. Do not include the dashes used to indicate the list here.

History:
---


- {'state': {}, 'action_taken': 'clientele ratification character', 'reward': 0.5}

- {'state': {}, 'action_taken': 'evergreen gratify organic', 'reward': 0.75}

- {'state': {}, 'action_taken': 'flee apathetic plaintiff', 'reward': 0.25}

- {'state': {}, 'action_taken': 'evergreen gratify organic', 'reward': 0.75}

- {'state': {}, 'action_taken': 'evergreen gratify organic', 'reward': 0.75}

- {'state': {}, 'action_taken': 'evergreen gratify organic', 'reward': 0.75}


---

Please select an action from the list of action options in order to maximize the reward for your task.
When selecting an action, put the exact name of the action between action tags like: <action> action_name </action>.

Your thinking budget is 150 tokens. If you exceed this limit, you will be forced to provide an immediate answer.
Your overall generation limit is 200 tokens.
2026-01-18 20:26:29,684 - src.driver - INFO - GENERATED CONTENT: <action>  evergreen gratify organic </action> 
 PARSED ACTION: evergreen gratify organic
2026-01-18 20:26:29,685 - src.driver - INFO - You will be assigned a task. 
You will receive the actions you have available, followed by the action history. 
Your goal is to maximize the total reward across all 10 steps. We are on step 7. 

Task Assignment:
---
You are a farmer who owns 3 fields. Each action corresponds to planting your crop in a different field. Each field is associated with a Gaussian distribution with a fixed but unknown mean. At each time step, you will select a field and receive a reward drawn from the associated distribution. Your goal is to maximize your reward across all of your turns.
---

Available Actions:
---

- Field Name: clientele ratification character 

- Field Name: evergreen gratify organic 

- Field Name: flee apathetic plaintiff 

---
When selecting an action, include only the name of the action. Do not include the dashes used to indicate the list here.

History:
---


- {'state': {}, 'action_taken': 'clientele ratification character', 'reward': 0.5}

- {'state': {}, 'action_taken': 'evergreen gratify organic', 'reward': 0.75}

- {'state': {}, 'action_taken': 'flee apathetic plaintiff', 'reward': 0.25}

- {'state': {}, 'action_taken': 'evergreen gratify organic', 'reward': 0.75}

- {'state': {}, 'action_taken': 'evergreen gratify organic', 'reward': 0.75}

- {'state': {}, 'action_taken': 'evergreen gratify organic', 'reward': 0.75}

- {'state': {}, 'action_taken': 'evergreen gratify organic', 'reward': 0.75}


---

Please select an action from the list of action options in order to maximize the reward for your task.
When selecting an action, put the exact name of the action between action tags like: <action> action_name </action>.

Your thinking budget is 150 tokens. If you exceed this limit, you will be forced to provide an immediate answer.
Your overall generation limit is 200 tokens.
2026-01-18 20:26:46,039 - src.driver - INFO - GENERATED CONTENT: <action>  evergreen gratify organic </action> 
 PARSED ACTION: evergreen gratify organic
2026-01-18 20:26:46,040 - src.driver - INFO - You will be assigned a task. 
You will receive the actions you have available, followed by the action history. 
Your goal is to maximize the total reward across all 10 steps. We are on step 8. 

Task Assignment:
---
You are a farmer who owns 3 fields. Each action corresponds to planting your crop in a different field. Each field is associated with a Gaussian distribution with a fixed but unknown mean. At each time step, you will select a field and receive a reward drawn from the associated distribution. Your goal is to maximize your reward across all of your turns.
---

Available Actions:
---

- Field Name: clientele ratification character 

- Field Name: evergreen gratify organic 

- Field Name: flee apathetic plaintiff 

---
When selecting an action, include only the name of the action. Do not include the dashes used to indicate the list here.

History:
---


- {'state': {}, 'action_taken': 'clientele ratification character', 'reward': 0.5}

- {'state': {}, 'action_taken': 'evergreen gratify organic', 'reward': 0.75}

- {'state': {}, 'action_taken': 'flee apathetic plaintiff', 'reward': 0.25}

- {'state': {}, 'action_taken': 'evergreen gratify organic', 'reward': 0.75}

- {'state': {}, 'action_taken': 'evergreen gratify organic', 'reward': 0.75}

- {'state': {}, 'action_taken': 'evergreen gratify organic', 'reward': 0.75}

- {'state': {}, 'action_taken': 'evergreen gratify organic', 'reward': 0.75}

- {'state': {}, 'action_taken': 'evergreen gratify organic', 'reward': 0.75}


---

Please select an action from the list of action options in order to maximize the reward for your task.
When selecting an action, put the exact name of the action between action tags like: <action> action_name </action>.

Your thinking budget is 150 tokens. If you exceed this limit, you will be forced to provide an immediate answer.
Your overall generation limit is 200 tokens.
2026-01-18 20:27:02,731 - src.driver - INFO - GENERATED CONTENT: <action>  evergreen gratify organic </action> 
 PARSED ACTION: evergreen gratify organic
2026-01-18 20:27:02,732 - src.driver - INFO - You will be assigned a task. 
You will receive the actions you have available, followed by the action history. 
Your goal is to maximize the total reward across all 10 steps. We are on step 9. 

Task Assignment:
---
You are a farmer who owns 3 fields. Each action corresponds to planting your crop in a different field. Each field is associated with a Gaussian distribution with a fixed but unknown mean. At each time step, you will select a field and receive a reward drawn from the associated distribution. Your goal is to maximize your reward across all of your turns.
---

Available Actions:
---

- Field Name: clientele ratification character 

- Field Name: evergreen gratify organic 

- Field Name: flee apathetic plaintiff 

---
When selecting an action, include only the name of the action. Do not include the dashes used to indicate the list here.

History:
---


- {'state': {}, 'action_taken': 'clientele ratification character', 'reward': 0.5}

- {'state': {}, 'action_taken': 'evergreen gratify organic', 'reward': 0.75}

- {'state': {}, 'action_taken': 'flee apathetic plaintiff', 'reward': 0.25}

- {'state': {}, 'action_taken': 'evergreen gratify organic', 'reward': 0.75}

- {'state': {}, 'action_taken': 'evergreen gratify organic', 'reward': 0.75}

- {'state': {}, 'action_taken': 'evergreen gratify organic', 'reward': 0.75}

- {'state': {}, 'action_taken': 'evergreen gratify organic', 'reward': 0.75}

- {'state': {}, 'action_taken': 'evergreen gratify organic', 'reward': 0.75}

- {'state': {}, 'action_taken': 'evergreen gratify organic', 'reward': 0.75}


---

Please select an action from the list of action options in order to maximize the reward for your task.
When selecting an action, put the exact name of the action between action tags like: <action> action_name </action>.

Your thinking budget is 150 tokens. If you exceed this limit, you will be forced to provide an immediate answer.
Your overall generation limit is 200 tokens.
2026-01-18 20:27:19,583 - src.driver - INFO - GENERATED CONTENT: <action>  evergreen gratify organic </action> 
 PARSED ACTION: evergreen gratify organic
2026-01-18 20:27:19,598 - src.driver - INFO - You will be assigned a task. 
You will receive the actions you have available, followed by the action history. 
Your goal is to maximize the total reward across all 10 steps. We are on step 0. 

Task Assignment:
---
You are a farmer who owns 3 fields. Each action corresponds to planting your crop in a different field. Each field is associated with a Gaussian distribution with a fixed but unknown mean. At each time step, you will select a field and receive a reward drawn from the associated distribution. Your goal is to maximize your reward across all of your turns.
---

Available Actions:
---

- Field Name: top generosity clever 

- Field Name: bitch obligor slaughtering 

- Field Name: simultaneous crow matriculation 

---
When selecting an action, include only the name of the action. Do not include the dashes used to indicate the list here.

History:
---

This is the first turn. There is no history.

---

Please select an action from the list of action options in order to maximize the reward for your task.
When selecting an action, put the exact name of the action between action tags like: <action> action_name </action>.

Your thinking budget is 150 tokens. If you exceed this limit, you will be forced to provide an immediate answer.
Your overall generation limit is 200 tokens.
2026-01-18 20:27:34,382 - src.driver - INFO - GENERATED CONTENT: <action>  top generosity clever </action> 
 PARSED ACTION: top generosity clever
2026-01-18 20:27:34,382 - src.driver - INFO - You will be assigned a task. 
You will receive the actions you have available, followed by the action history. 
Your goal is to maximize the total reward across all 10 steps. We are on step 1. 

Task Assignment:
---
You are a farmer who owns 3 fields. Each action corresponds to planting your crop in a different field. Each field is associated with a Gaussian distribution with a fixed but unknown mean. At each time step, you will select a field and receive a reward drawn from the associated distribution. Your goal is to maximize your reward across all of your turns.
---

Available Actions:
---

- Field Name: top generosity clever 

- Field Name: bitch obligor slaughtering 

- Field Name: simultaneous crow matriculation 

---
When selecting an action, include only the name of the action. Do not include the dashes used to indicate the list here.

History:
---


- {'state': {}, 'action_taken': 'top generosity clever', 'reward': 0.75}


---

Please select an action from the list of action options in order to maximize the reward for your task.
When selecting an action, put the exact name of the action between action tags like: <action> action_name </action>.

Your thinking budget is 150 tokens. If you exceed this limit, you will be forced to provide an immediate answer.
Your overall generation limit is 200 tokens.
2026-01-18 20:27:49,197 - src.driver - INFO - GENERATED CONTENT: <action>  top generosity clever </action> 
 PARSED ACTION: top generosity clever
2026-01-18 20:27:49,197 - src.driver - INFO - You will be assigned a task. 
You will receive the actions you have available, followed by the action history. 
Your goal is to maximize the total reward across all 10 steps. We are on step 2. 

Task Assignment:
---
You are a farmer who owns 3 fields. Each action corresponds to planting your crop in a different field. Each field is associated with a Gaussian distribution with a fixed but unknown mean. At each time step, you will select a field and receive a reward drawn from the associated distribution. Your goal is to maximize your reward across all of your turns.
---

Available Actions:
---

- Field Name: top generosity clever 

- Field Name: bitch obligor slaughtering 

- Field Name: simultaneous crow matriculation 

---
When selecting an action, include only the name of the action. Do not include the dashes used to indicate the list here.

History:
---


- {'state': {}, 'action_taken': 'top generosity clever', 'reward': 0.75}

- {'state': {}, 'action_taken': 'top generosity clever', 'reward': 0.75}


---

Please select an action from the list of action options in order to maximize the reward for your task.
When selecting an action, put the exact name of the action between action tags like: <action> action_name </action>.

Your thinking budget is 150 tokens. If you exceed this limit, you will be forced to provide an immediate answer.
Your overall generation limit is 200 tokens.
2026-01-18 20:28:04,451 - src.driver - INFO - GENERATED CONTENT: <action>  simultaneous crow matriculation </action> 
 PARSED ACTION: simultaneous crow matriculation
2026-01-18 20:28:04,452 - src.driver - INFO - You will be assigned a task. 
You will receive the actions you have available, followed by the action history. 
Your goal is to maximize the total reward across all 10 steps. We are on step 3. 

Task Assignment:
---
You are a farmer who owns 3 fields. Each action corresponds to planting your crop in a different field. Each field is associated with a Gaussian distribution with a fixed but unknown mean. At each time step, you will select a field and receive a reward drawn from the associated distribution. Your goal is to maximize your reward across all of your turns.
---

Available Actions:
---

- Field Name: top generosity clever 

- Field Name: bitch obligor slaughtering 

- Field Name: simultaneous crow matriculation 

---
When selecting an action, include only the name of the action. Do not include the dashes used to indicate the list here.

History:
---


- {'state': {}, 'action_taken': 'top generosity clever', 'reward': 0.75}

- {'state': {}, 'action_taken': 'top generosity clever', 'reward': 0.75}

- {'state': {}, 'action_taken': 'simultaneous crow matriculation', 'reward': 0.5}


---

Please select an action from the list of action options in order to maximize the reward for your task.
When selecting an action, put the exact name of the action between action tags like: <action> action_name </action>.

Your thinking budget is 150 tokens. If you exceed this limit, you will be forced to provide an immediate answer.
Your overall generation limit is 200 tokens.
2026-01-18 20:28:19,808 - src.driver - INFO - GENERATED CONTENT: <action> top generosity clever</action> 
 PARSED ACTION: top generosity clever
2026-01-18 20:28:19,809 - src.driver - INFO - You will be assigned a task. 
You will receive the actions you have available, followed by the action history. 
Your goal is to maximize the total reward across all 10 steps. We are on step 4. 

Task Assignment:
---
You are a farmer who owns 3 fields. Each action corresponds to planting your crop in a different field. Each field is associated with a Gaussian distribution with a fixed but unknown mean. At each time step, you will select a field and receive a reward drawn from the associated distribution. Your goal is to maximize your reward across all of your turns.
---

Available Actions:
---

- Field Name: top generosity clever 

- Field Name: bitch obligor slaughtering 

- Field Name: simultaneous crow matriculation 

---
When selecting an action, include only the name of the action. Do not include the dashes used to indicate the list here.

History:
---


- {'state': {}, 'action_taken': 'top generosity clever', 'reward': 0.75}

- {'state': {}, 'action_taken': 'top generosity clever', 'reward': 0.75}

- {'state': {}, 'action_taken': 'simultaneous crow matriculation', 'reward': 0.5}

- {'state': {}, 'action_taken': 'top generosity clever', 'reward': 0.75}


---

Please select an action from the list of action options in order to maximize the reward for your task.
When selecting an action, put the exact name of the action between action tags like: <action> action_name </action>.

Your thinking budget is 150 tokens. If you exceed this limit, you will be forced to provide an immediate answer.
Your overall generation limit is 200 tokens.
2026-01-18 20:28:35,148 - src.driver - INFO - GENERATED CONTENT: <action>  top generosity clever </action> 
 PARSED ACTION: top generosity clever
2026-01-18 20:28:35,148 - src.driver - INFO - You will be assigned a task. 
You will receive the actions you have available, followed by the action history. 
Your goal is to maximize the total reward across all 10 steps. We are on step 5. 

Task Assignment:
---
You are a farmer who owns 3 fields. Each action corresponds to planting your crop in a different field. Each field is associated with a Gaussian distribution with a fixed but unknown mean. At each time step, you will select a field and receive a reward drawn from the associated distribution. Your goal is to maximize your reward across all of your turns.
---

Available Actions:
---

- Field Name: top generosity clever 

- Field Name: bitch obligor slaughtering 

- Field Name: simultaneous crow matriculation 

---
When selecting an action, include only the name of the action. Do not include the dashes used to indicate the list here.

History:
---


- {'state': {}, 'action_taken': 'top generosity clever', 'reward': 0.75}

- {'state': {}, 'action_taken': 'top generosity clever', 'reward': 0.75}

- {'state': {}, 'action_taken': 'simultaneous crow matriculation', 'reward': 0.5}

- {'state': {}, 'action_taken': 'top generosity clever', 'reward': 0.75}

- {'state': {}, 'action_taken': 'top generosity clever', 'reward': 0.75}


---

Please select an action from the list of action options in order to maximize the reward for your task.
When selecting an action, put the exact name of the action between action tags like: <action> action_name </action>.

Your thinking budget is 150 tokens. If you exceed this limit, you will be forced to provide an immediate answer.
Your overall generation limit is 200 tokens.
2026-01-18 20:28:50,969 - src.driver - INFO - GENERATED CONTENT: <action> top generosity clever</action> 
 PARSED ACTION: top generosity clever
2026-01-18 20:28:50,970 - src.driver - INFO - You will be assigned a task. 
You will receive the actions you have available, followed by the action history. 
Your goal is to maximize the total reward across all 10 steps. We are on step 6. 

Task Assignment:
---
You are a farmer who owns 3 fields. Each action corresponds to planting your crop in a different field. Each field is associated with a Gaussian distribution with a fixed but unknown mean. At each time step, you will select a field and receive a reward drawn from the associated distribution. Your goal is to maximize your reward across all of your turns.
---

Available Actions:
---

- Field Name: top generosity clever 

- Field Name: bitch obligor slaughtering 

- Field Name: simultaneous crow matriculation 

---
When selecting an action, include only the name of the action. Do not include the dashes used to indicate the list here.

History:
---


- {'state': {}, 'action_taken': 'top generosity clever', 'reward': 0.75}

- {'state': {}, 'action_taken': 'top generosity clever', 'reward': 0.75}

- {'state': {}, 'action_taken': 'simultaneous crow matriculation', 'reward': 0.5}

- {'state': {}, 'action_taken': 'top generosity clever', 'reward': 0.75}

- {'state': {}, 'action_taken': 'top generosity clever', 'reward': 0.75}

- {'state': {}, 'action_taken': 'top generosity clever', 'reward': 0.75}


---

Please select an action from the list of action options in order to maximize the reward for your task.
When selecting an action, put the exact name of the action between action tags like: <action> action_name </action>.

Your thinking budget is 150 tokens. If you exceed this limit, you will be forced to provide an immediate answer.
Your overall generation limit is 200 tokens.
2026-01-18 20:29:07,000 - src.driver - INFO - GENERATED CONTENT: <action> top generosity clever</action> 
 PARSED ACTION: top generosity clever
2026-01-18 20:29:07,000 - src.driver - INFO - You will be assigned a task. 
You will receive the actions you have available, followed by the action history. 
Your goal is to maximize the total reward across all 10 steps. We are on step 7. 

Task Assignment:
---
You are a farmer who owns 3 fields. Each action corresponds to planting your crop in a different field. Each field is associated with a Gaussian distribution with a fixed but unknown mean. At each time step, you will select a field and receive a reward drawn from the associated distribution. Your goal is to maximize your reward across all of your turns.
---

Available Actions:
---

- Field Name: top generosity clever 

- Field Name: bitch obligor slaughtering 

- Field Name: simultaneous crow matriculation 

---
When selecting an action, include only the name of the action. Do not include the dashes used to indicate the list here.

History:
---


- {'state': {}, 'action_taken': 'top generosity clever', 'reward': 0.75}

- {'state': {}, 'action_taken': 'top generosity clever', 'reward': 0.75}

- {'state': {}, 'action_taken': 'simultaneous crow matriculation', 'reward': 0.5}

- {'state': {}, 'action_taken': 'top generosity clever', 'reward': 0.75}

- {'state': {}, 'action_taken': 'top generosity clever', 'reward': 0.75}

- {'state': {}, 'action_taken': 'top generosity clever', 'reward': 0.75}

- {'state': {}, 'action_taken': 'top generosity clever', 'reward': 0.75}


---

Please select an action from the list of action options in order to maximize the reward for your task.
When selecting an action, put the exact name of the action between action tags like: <action> action_name </action>.

Your thinking budget is 150 tokens. If you exceed this limit, you will be forced to provide an immediate answer.
Your overall generation limit is 200 tokens.
2026-01-18 20:29:23,167 - src.driver - INFO - GENERATED CONTENT: <action>  top generosity clever </action> 
 PARSED ACTION: top generosity clever
2026-01-18 20:29:23,167 - src.driver - INFO - You will be assigned a task. 
You will receive the actions you have available, followed by the action history. 
Your goal is to maximize the total reward across all 10 steps. We are on step 8. 

Task Assignment:
---
You are a farmer who owns 3 fields. Each action corresponds to planting your crop in a different field. Each field is associated with a Gaussian distribution with a fixed but unknown mean. At each time step, you will select a field and receive a reward drawn from the associated distribution. Your goal is to maximize your reward across all of your turns.
---

Available Actions:
---

- Field Name: top generosity clever 

- Field Name: bitch obligor slaughtering 

- Field Name: simultaneous crow matriculation 

---
When selecting an action, include only the name of the action. Do not include the dashes used to indicate the list here.

History:
---


- {'state': {}, 'action_taken': 'top generosity clever', 'reward': 0.75}

- {'state': {}, 'action_taken': 'top generosity clever', 'reward': 0.75}

- {'state': {}, 'action_taken': 'simultaneous crow matriculation', 'reward': 0.5}

- {'state': {}, 'action_taken': 'top generosity clever', 'reward': 0.75}

- {'state': {}, 'action_taken': 'top generosity clever', 'reward': 0.75}

- {'state': {}, 'action_taken': 'top generosity clever', 'reward': 0.75}

- {'state': {}, 'action_taken': 'top generosity clever', 'reward': 0.75}

- {'state': {}, 'action_taken': 'top generosity clever', 'reward': 0.75}


---

Please select an action from the list of action options in order to maximize the reward for your task.
When selecting an action, put the exact name of the action between action tags like: <action> action_name </action>.

Your thinking budget is 150 tokens. If you exceed this limit, you will be forced to provide an immediate answer.
Your overall generation limit is 200 tokens.
2026-01-18 20:29:39,643 - src.driver - INFO - GENERATED CONTENT: <action>  top generosity clever </action> 
 PARSED ACTION: top generosity clever
2026-01-18 20:29:39,643 - src.driver - INFO - You will be assigned a task. 
You will receive the actions you have available, followed by the action history. 
Your goal is to maximize the total reward across all 10 steps. We are on step 9. 

Task Assignment:
---
You are a farmer who owns 3 fields. Each action corresponds to planting your crop in a different field. Each field is associated with a Gaussian distribution with a fixed but unknown mean. At each time step, you will select a field and receive a reward drawn from the associated distribution. Your goal is to maximize your reward across all of your turns.
---

Available Actions:
---

- Field Name: top generosity clever 

- Field Name: bitch obligor slaughtering 

- Field Name: simultaneous crow matriculation 

---
When selecting an action, include only the name of the action. Do not include the dashes used to indicate the list here.

History:
---


- {'state': {}, 'action_taken': 'top generosity clever', 'reward': 0.75}

- {'state': {}, 'action_taken': 'top generosity clever', 'reward': 0.75}

- {'state': {}, 'action_taken': 'simultaneous crow matriculation', 'reward': 0.5}

- {'state': {}, 'action_taken': 'top generosity clever', 'reward': 0.75}

- {'state': {}, 'action_taken': 'top generosity clever', 'reward': 0.75}

- {'state': {}, 'action_taken': 'top generosity clever', 'reward': 0.75}

- {'state': {}, 'action_taken': 'top generosity clever', 'reward': 0.75}

- {'state': {}, 'action_taken': 'top generosity clever', 'reward': 0.75}

- {'state': {}, 'action_taken': 'top generosity clever', 'reward': 0.75}


---

Please select an action from the list of action options in order to maximize the reward for your task.
When selecting an action, put the exact name of the action between action tags like: <action> action_name </action>.

Your thinking budget is 150 tokens. If you exceed this limit, you will be forced to provide an immediate answer.
Your overall generation limit is 200 tokens.
2026-01-18 20:29:56,284 - src.driver - INFO - GENERATED CONTENT: <action> top generosity clever</action> 
 PARSED ACTION: top generosity clever
2026-01-18 20:29:56,300 - src.driver - INFO - You will be assigned a task. 
You will receive the actions you have available, followed by the action history. 
Your goal is to maximize the total reward across all 10 steps. We are on step 0. 

Task Assignment:
---
You are a farmer who owns 3 fields. Each action corresponds to planting your crop in a different field. Each field is associated with a Gaussian distribution with a fixed but unknown mean. At each time step, you will select a field and receive a reward drawn from the associated distribution. Your goal is to maximize your reward across all of your turns.
---

Available Actions:
---

- Field Name: diplomatic hail major 

- Field Name: tired prison frustration 

- Field Name: spotty tacky spellbound 

---
When selecting an action, include only the name of the action. Do not include the dashes used to indicate the list here.

History:
---

This is the first turn. There is no history.

---

Please select an action from the list of action options in order to maximize the reward for your task.
When selecting an action, put the exact name of the action between action tags like: <action> action_name </action>.

Your thinking budget is 150 tokens. If you exceed this limit, you will be forced to provide an immediate answer.
Your overall generation limit is 200 tokens.
2026-01-18 20:30:11,098 - src.driver - INFO - GENERATED CONTENT: <action>  diplomatic hail major </action> 
 PARSED ACTION: diplomatic hail major
2026-01-18 20:30:11,099 - src.driver - INFO - You will be assigned a task. 
You will receive the actions you have available, followed by the action history. 
Your goal is to maximize the total reward across all 10 steps. We are on step 1. 

Task Assignment:
---
You are a farmer who owns 3 fields. Each action corresponds to planting your crop in a different field. Each field is associated with a Gaussian distribution with a fixed but unknown mean. At each time step, you will select a field and receive a reward drawn from the associated distribution. Your goal is to maximize your reward across all of your turns.
---

Available Actions:
---

- Field Name: diplomatic hail major 

- Field Name: tired prison frustration 

- Field Name: spotty tacky spellbound 

---
When selecting an action, include only the name of the action. Do not include the dashes used to indicate the list here.

History:
---


- {'state': {}, 'action_taken': 'diplomatic hail major', 'reward': 0.75}


---

Please select an action from the list of action options in order to maximize the reward for your task.
When selecting an action, put the exact name of the action between action tags like: <action> action_name </action>.

Your thinking budget is 150 tokens. If you exceed this limit, you will be forced to provide an immediate answer.
Your overall generation limit is 200 tokens.
2026-01-18 20:30:26,119 - src.driver - INFO - GENERATED CONTENT: <action>  tired prison frustration </action> 
 PARSED ACTION: tired prison frustration
2026-01-18 20:30:26,120 - src.driver - INFO - You will be assigned a task. 
You will receive the actions you have available, followed by the action history. 
Your goal is to maximize the total reward across all 10 steps. We are on step 2. 

Task Assignment:
---
You are a farmer who owns 3 fields. Each action corresponds to planting your crop in a different field. Each field is associated with a Gaussian distribution with a fixed but unknown mean. At each time step, you will select a field and receive a reward drawn from the associated distribution. Your goal is to maximize your reward across all of your turns.
---

Available Actions:
---

- Field Name: diplomatic hail major 

- Field Name: tired prison frustration 

- Field Name: spotty tacky spellbound 

---
When selecting an action, include only the name of the action. Do not include the dashes used to indicate the list here.

History:
---


- {'state': {}, 'action_taken': 'diplomatic hail major', 'reward': 0.75}

- {'state': {}, 'action_taken': 'tired prison frustration', 'reward': 0.25}


---

Please select an action from the list of action options in order to maximize the reward for your task.
When selecting an action, put the exact name of the action between action tags like: <action> action_name </action>.

Your thinking budget is 150 tokens. If you exceed this limit, you will be forced to provide an immediate answer.
Your overall generation limit is 200 tokens.
2026-01-18 20:30:41,356 - src.driver - INFO - GENERATED CONTENT: <action>  spotty tacky spellbound </action> 
 PARSED ACTION: spotty tacky spellbound
2026-01-18 20:30:41,356 - src.driver - INFO - You will be assigned a task. 
You will receive the actions you have available, followed by the action history. 
Your goal is to maximize the total reward across all 10 steps. We are on step 3. 

Task Assignment:
---
You are a farmer who owns 3 fields. Each action corresponds to planting your crop in a different field. Each field is associated with a Gaussian distribution with a fixed but unknown mean. At each time step, you will select a field and receive a reward drawn from the associated distribution. Your goal is to maximize your reward across all of your turns.
---

Available Actions:
---

- Field Name: diplomatic hail major 

- Field Name: tired prison frustration 

- Field Name: spotty tacky spellbound 

---
When selecting an action, include only the name of the action. Do not include the dashes used to indicate the list here.

History:
---


- {'state': {}, 'action_taken': 'diplomatic hail major', 'reward': 0.75}

- {'state': {}, 'action_taken': 'tired prison frustration', 'reward': 0.25}

- {'state': {}, 'action_taken': 'spotty tacky spellbound', 'reward': 0.5}


---

Please select an action from the list of action options in order to maximize the reward for your task.
When selecting an action, put the exact name of the action between action tags like: <action> action_name </action>.

Your thinking budget is 150 tokens. If you exceed this limit, you will be forced to provide an immediate answer.
Your overall generation limit is 200 tokens.
2026-01-18 20:30:56,718 - src.driver - INFO - GENERATED CONTENT: <action>  diplomatic hail major </action> 
 PARSED ACTION: diplomatic hail major
2026-01-18 20:30:56,718 - src.driver - INFO - You will be assigned a task. 
You will receive the actions you have available, followed by the action history. 
Your goal is to maximize the total reward across all 10 steps. We are on step 4. 

Task Assignment:
---
You are a farmer who owns 3 fields. Each action corresponds to planting your crop in a different field. Each field is associated with a Gaussian distribution with a fixed but unknown mean. At each time step, you will select a field and receive a reward drawn from the associated distribution. Your goal is to maximize your reward across all of your turns.
---

Available Actions:
---

- Field Name: diplomatic hail major 

- Field Name: tired prison frustration 

- Field Name: spotty tacky spellbound 

---
When selecting an action, include only the name of the action. Do not include the dashes used to indicate the list here.

History:
---


- {'state': {}, 'action_taken': 'diplomatic hail major', 'reward': 0.75}

- {'state': {}, 'action_taken': 'tired prison frustration', 'reward': 0.25}

- {'state': {}, 'action_taken': 'spotty tacky spellbound', 'reward': 0.5}

- {'state': {}, 'action_taken': 'diplomatic hail major', 'reward': 0.75}


---

Please select an action from the list of action options in order to maximize the reward for your task.
When selecting an action, put the exact name of the action between action tags like: <action> action_name </action>.

Your thinking budget is 150 tokens. If you exceed this limit, you will be forced to provide an immediate answer.
Your overall generation limit is 200 tokens.
2026-01-18 20:31:12,100 - src.driver - INFO - GENERATED CONTENT: <action>  diplomatic hail major </action> 
 PARSED ACTION: diplomatic hail major
2026-01-18 20:31:12,101 - src.driver - INFO - You will be assigned a task. 
You will receive the actions you have available, followed by the action history. 
Your goal is to maximize the total reward across all 10 steps. We are on step 5. 

Task Assignment:
---
You are a farmer who owns 3 fields. Each action corresponds to planting your crop in a different field. Each field is associated with a Gaussian distribution with a fixed but unknown mean. At each time step, you will select a field and receive a reward drawn from the associated distribution. Your goal is to maximize your reward across all of your turns.
---

Available Actions:
---

- Field Name: diplomatic hail major 

- Field Name: tired prison frustration 

- Field Name: spotty tacky spellbound 

---
When selecting an action, include only the name of the action. Do not include the dashes used to indicate the list here.

History:
---


- {'state': {}, 'action_taken': 'diplomatic hail major', 'reward': 0.75}

- {'state': {}, 'action_taken': 'tired prison frustration', 'reward': 0.25}

- {'state': {}, 'action_taken': 'spotty tacky spellbound', 'reward': 0.5}

- {'state': {}, 'action_taken': 'diplomatic hail major', 'reward': 0.75}

- {'state': {}, 'action_taken': 'diplomatic hail major', 'reward': 0.75}


---

Please select an action from the list of action options in order to maximize the reward for your task.
When selecting an action, put the exact name of the action between action tags like: <action> action_name </action>.

Your thinking budget is 150 tokens. If you exceed this limit, you will be forced to provide an immediate answer.
Your overall generation limit is 200 tokens.
2026-01-18 20:31:27,966 - src.driver - INFO - GENERATED CONTENT: <action>  diplomatic hail major </action> 
 PARSED ACTION: diplomatic hail major
2026-01-18 20:31:27,967 - src.driver - INFO - You will be assigned a task. 
You will receive the actions you have available, followed by the action history. 
Your goal is to maximize the total reward across all 10 steps. We are on step 6. 

Task Assignment:
---
You are a farmer who owns 3 fields. Each action corresponds to planting your crop in a different field. Each field is associated with a Gaussian distribution with a fixed but unknown mean. At each time step, you will select a field and receive a reward drawn from the associated distribution. Your goal is to maximize your reward across all of your turns.
---

Available Actions:
---

- Field Name: diplomatic hail major 

- Field Name: tired prison frustration 

- Field Name: spotty tacky spellbound 

---
When selecting an action, include only the name of the action. Do not include the dashes used to indicate the list here.

History:
---


- {'state': {}, 'action_taken': 'diplomatic hail major', 'reward': 0.75}

- {'state': {}, 'action_taken': 'tired prison frustration', 'reward': 0.25}

- {'state': {}, 'action_taken': 'spotty tacky spellbound', 'reward': 0.5}

- {'state': {}, 'action_taken': 'diplomatic hail major', 'reward': 0.75}

- {'state': {}, 'action_taken': 'diplomatic hail major', 'reward': 0.75}

- {'state': {}, 'action_taken': 'diplomatic hail major', 'reward': 0.75}


---

Please select an action from the list of action options in order to maximize the reward for your task.
When selecting an action, put the exact name of the action between action tags like: <action> action_name </action>.

Your thinking budget is 150 tokens. If you exceed this limit, you will be forced to provide an immediate answer.
Your overall generation limit is 200 tokens.
2026-01-18 20:31:43,934 - src.driver - INFO - GENERATED CONTENT: <action>  diplomatic hail major </action> 
 PARSED ACTION: diplomatic hail major
2026-01-18 20:31:43,935 - src.driver - INFO - You will be assigned a task. 
You will receive the actions you have available, followed by the action history. 
Your goal is to maximize the total reward across all 10 steps. We are on step 7. 

Task Assignment:
---
You are a farmer who owns 3 fields. Each action corresponds to planting your crop in a different field. Each field is associated with a Gaussian distribution with a fixed but unknown mean. At each time step, you will select a field and receive a reward drawn from the associated distribution. Your goal is to maximize your reward across all of your turns.
---

Available Actions:
---

- Field Name: diplomatic hail major 

- Field Name: tired prison frustration 

- Field Name: spotty tacky spellbound 

---
When selecting an action, include only the name of the action. Do not include the dashes used to indicate the list here.

History:
---


- {'state': {}, 'action_taken': 'diplomatic hail major', 'reward': 0.75}

- {'state': {}, 'action_taken': 'tired prison frustration', 'reward': 0.25}

- {'state': {}, 'action_taken': 'spotty tacky spellbound', 'reward': 0.5}

- {'state': {}, 'action_taken': 'diplomatic hail major', 'reward': 0.75}

- {'state': {}, 'action_taken': 'diplomatic hail major', 'reward': 0.75}

- {'state': {}, 'action_taken': 'diplomatic hail major', 'reward': 0.75}

- {'state': {}, 'action_taken': 'diplomatic hail major', 'reward': 0.75}


---

Please select an action from the list of action options in order to maximize the reward for your task.
When selecting an action, put the exact name of the action between action tags like: <action> action_name </action>.

Your thinking budget is 150 tokens. If you exceed this limit, you will be forced to provide an immediate answer.
Your overall generation limit is 200 tokens.
2026-01-18 20:32:00,193 - src.driver - INFO - GENERATED CONTENT: <action>  diplomatic hail major </action> 
 PARSED ACTION: diplomatic hail major
2026-01-18 20:32:00,193 - src.driver - INFO - You will be assigned a task. 
You will receive the actions you have available, followed by the action history. 
Your goal is to maximize the total reward across all 10 steps. We are on step 8. 

Task Assignment:
---
You are a farmer who owns 3 fields. Each action corresponds to planting your crop in a different field. Each field is associated with a Gaussian distribution with a fixed but unknown mean. At each time step, you will select a field and receive a reward drawn from the associated distribution. Your goal is to maximize your reward across all of your turns.
---

Available Actions:
---

- Field Name: diplomatic hail major 

- Field Name: tired prison frustration 

- Field Name: spotty tacky spellbound 

---
When selecting an action, include only the name of the action. Do not include the dashes used to indicate the list here.

History:
---


- {'state': {}, 'action_taken': 'diplomatic hail major', 'reward': 0.75}

- {'state': {}, 'action_taken': 'tired prison frustration', 'reward': 0.25}

- {'state': {}, 'action_taken': 'spotty tacky spellbound', 'reward': 0.5}

- {'state': {}, 'action_taken': 'diplomatic hail major', 'reward': 0.75}

- {'state': {}, 'action_taken': 'diplomatic hail major', 'reward': 0.75}

- {'state': {}, 'action_taken': 'diplomatic hail major', 'reward': 0.75}

- {'state': {}, 'action_taken': 'diplomatic hail major', 'reward': 0.75}

- {'state': {}, 'action_taken': 'diplomatic hail major', 'reward': 0.75}


---

Please select an action from the list of action options in order to maximize the reward for your task.
When selecting an action, put the exact name of the action between action tags like: <action> action_name </action>.

Your thinking budget is 150 tokens. If you exceed this limit, you will be forced to provide an immediate answer.
Your overall generation limit is 200 tokens.
2026-01-18 20:32:16,697 - src.driver - INFO - GENERATED CONTENT: <action>  diplomatic hail major </action> 
 PARSED ACTION: diplomatic hail major
2026-01-18 20:32:16,698 - src.driver - INFO - You will be assigned a task. 
You will receive the actions you have available, followed by the action history. 
Your goal is to maximize the total reward across all 10 steps. We are on step 9. 

Task Assignment:
---
You are a farmer who owns 3 fields. Each action corresponds to planting your crop in a different field. Each field is associated with a Gaussian distribution with a fixed but unknown mean. At each time step, you will select a field and receive a reward drawn from the associated distribution. Your goal is to maximize your reward across all of your turns.
---

Available Actions:
---

- Field Name: diplomatic hail major 

- Field Name: tired prison frustration 

- Field Name: spotty tacky spellbound 

---
When selecting an action, include only the name of the action. Do not include the dashes used to indicate the list here.

History:
---


- {'state': {}, 'action_taken': 'diplomatic hail major', 'reward': 0.75}

- {'state': {}, 'action_taken': 'tired prison frustration', 'reward': 0.25}

- {'state': {}, 'action_taken': 'spotty tacky spellbound', 'reward': 0.5}

- {'state': {}, 'action_taken': 'diplomatic hail major', 'reward': 0.75}

- {'state': {}, 'action_taken': 'diplomatic hail major', 'reward': 0.75}

- {'state': {}, 'action_taken': 'diplomatic hail major', 'reward': 0.75}

- {'state': {}, 'action_taken': 'diplomatic hail major', 'reward': 0.75}

- {'state': {}, 'action_taken': 'diplomatic hail major', 'reward': 0.75}

- {'state': {}, 'action_taken': 'diplomatic hail major', 'reward': 0.75}


---

Please select an action from the list of action options in order to maximize the reward for your task.
When selecting an action, put the exact name of the action between action tags like: <action> action_name </action>.

Your thinking budget is 150 tokens. If you exceed this limit, you will be forced to provide an immediate answer.
Your overall generation limit is 200 tokens.
2026-01-18 20:32:33,269 - src.driver - INFO - GENERATED CONTENT: <action>  diplomatic hail major </action> 
 PARSED ACTION: diplomatic hail major
2026-01-18 20:32:33,285 - src.driver - INFO - You will be assigned a task. 
You will receive the actions you have available, followed by the action history. 
Your goal is to maximize the total reward across all 10 steps. We are on step 0. 

Task Assignment:
---
You are a farmer who owns 3 fields. Each action corresponds to planting your crop in a different field. Each field is associated with a Gaussian distribution with a fixed but unknown mean. At each time step, you will select a field and receive a reward drawn from the associated distribution. Your goal is to maximize your reward across all of your turns.
---

Available Actions:
---

- Field Name: footprint environs nod 

- Field Name: unhealthy unholy anguish 

- Field Name: holy worth antidote 

---
When selecting an action, include only the name of the action. Do not include the dashes used to indicate the list here.

History:
---

This is the first turn. There is no history.

---

Please select an action from the list of action options in order to maximize the reward for your task.
When selecting an action, put the exact name of the action between action tags like: <action> action_name </action>.

Your thinking budget is 150 tokens. If you exceed this limit, you will be forced to provide an immediate answer.
Your overall generation limit is 200 tokens.
2026-01-18 20:32:48,261 - src.driver - INFO - GENERATED CONTENT: <action>  footprint environs nod </action> 
 PARSED ACTION: footprint environs nod
2026-01-18 20:32:48,261 - src.driver - INFO - You will be assigned a task. 
You will receive the actions you have available, followed by the action history. 
Your goal is to maximize the total reward across all 10 steps. We are on step 1. 

Task Assignment:
---
You are a farmer who owns 3 fields. Each action corresponds to planting your crop in a different field. Each field is associated with a Gaussian distribution with a fixed but unknown mean. At each time step, you will select a field and receive a reward drawn from the associated distribution. Your goal is to maximize your reward across all of your turns.
---

Available Actions:
---

- Field Name: footprint environs nod 

- Field Name: unhealthy unholy anguish 

- Field Name: holy worth antidote 

---
When selecting an action, include only the name of the action. Do not include the dashes used to indicate the list here.

History:
---


- {'state': {}, 'action_taken': 'footprint environs nod', 'reward': 0.5}


---

Please select an action from the list of action options in order to maximize the reward for your task.
When selecting an action, put the exact name of the action between action tags like: <action> action_name </action>.

Your thinking budget is 150 tokens. If you exceed this limit, you will be forced to provide an immediate answer.
Your overall generation limit is 200 tokens.
2026-01-18 20:33:03,200 - src.driver - INFO - GENERATED CONTENT: <action>  holy worth antidote </action> 
 PARSED ACTION: holy worth antidote
2026-01-18 20:33:03,200 - src.driver - INFO - You will be assigned a task. 
You will receive the actions you have available, followed by the action history. 
Your goal is to maximize the total reward across all 10 steps. We are on step 2. 

Task Assignment:
---
You are a farmer who owns 3 fields. Each action corresponds to planting your crop in a different field. Each field is associated with a Gaussian distribution with a fixed but unknown mean. At each time step, you will select a field and receive a reward drawn from the associated distribution. Your goal is to maximize your reward across all of your turns.
---

Available Actions:
---

- Field Name: footprint environs nod 

- Field Name: unhealthy unholy anguish 

- Field Name: holy worth antidote 

---
When selecting an action, include only the name of the action. Do not include the dashes used to indicate the list here.

History:
---


- {'state': {}, 'action_taken': 'footprint environs nod', 'reward': 0.5}

- {'state': {}, 'action_taken': 'holy worth antidote', 'reward': 0.75}


---

Please select an action from the list of action options in order to maximize the reward for your task.
When selecting an action, put the exact name of the action between action tags like: <action> action_name </action>.

Your thinking budget is 150 tokens. If you exceed this limit, you will be forced to provide an immediate answer.
Your overall generation limit is 200 tokens.
2026-01-18 20:33:18,497 - src.driver - INFO - GENERATED CONTENT: <action>  unhealthy unholy anguish </action> 
 PARSED ACTION: unhealthy unholy anguish
2026-01-18 20:33:18,498 - src.driver - INFO - You will be assigned a task. 
You will receive the actions you have available, followed by the action history. 
Your goal is to maximize the total reward across all 10 steps. We are on step 3. 

Task Assignment:
---
You are a farmer who owns 3 fields. Each action corresponds to planting your crop in a different field. Each field is associated with a Gaussian distribution with a fixed but unknown mean. At each time step, you will select a field and receive a reward drawn from the associated distribution. Your goal is to maximize your reward across all of your turns.
---

Available Actions:
---

- Field Name: footprint environs nod 

- Field Name: unhealthy unholy anguish 

- Field Name: holy worth antidote 

---
When selecting an action, include only the name of the action. Do not include the dashes used to indicate the list here.

History:
---


- {'state': {}, 'action_taken': 'footprint environs nod', 'reward': 0.5}

- {'state': {}, 'action_taken': 'holy worth antidote', 'reward': 0.75}

- {'state': {}, 'action_taken': 'unhealthy unholy anguish', 'reward': 0.25}


---

Please select an action from the list of action options in order to maximize the reward for your task.
When selecting an action, put the exact name of the action between action tags like: <action> action_name </action>.

Your thinking budget is 150 tokens. If you exceed this limit, you will be forced to provide an immediate answer.
Your overall generation limit is 200 tokens.
2026-01-18 20:33:33,877 - src.driver - INFO - GENERATED CONTENT: <action>  holy worth antidote </action> 
 PARSED ACTION: holy worth antidote
2026-01-18 20:33:33,878 - src.driver - INFO - You will be assigned a task. 
You will receive the actions you have available, followed by the action history. 
Your goal is to maximize the total reward across all 10 steps. We are on step 4. 

Task Assignment:
---
You are a farmer who owns 3 fields. Each action corresponds to planting your crop in a different field. Each field is associated with a Gaussian distribution with a fixed but unknown mean. At each time step, you will select a field and receive a reward drawn from the associated distribution. Your goal is to maximize your reward across all of your turns.
---

Available Actions:
---

- Field Name: footprint environs nod 

- Field Name: unhealthy unholy anguish 

- Field Name: holy worth antidote 

---
When selecting an action, include only the name of the action. Do not include the dashes used to indicate the list here.

History:
---


- {'state': {}, 'action_taken': 'footprint environs nod', 'reward': 0.5}

- {'state': {}, 'action_taken': 'holy worth antidote', 'reward': 0.75}

- {'state': {}, 'action_taken': 'unhealthy unholy anguish', 'reward': 0.25}

- {'state': {}, 'action_taken': 'holy worth antidote', 'reward': 0.75}


---

Please select an action from the list of action options in order to maximize the reward for your task.
When selecting an action, put the exact name of the action between action tags like: <action> action_name </action>.

Your thinking budget is 150 tokens. If you exceed this limit, you will be forced to provide an immediate answer.
Your overall generation limit is 200 tokens.
2026-01-18 20:33:49,655 - src.driver - INFO - GENERATED CONTENT: <action>  holy worth antidote </action> 
 PARSED ACTION: holy worth antidote
2026-01-18 20:33:49,656 - src.driver - INFO - You will be assigned a task. 
You will receive the actions you have available, followed by the action history. 
Your goal is to maximize the total reward across all 10 steps. We are on step 5. 

Task Assignment:
---
You are a farmer who owns 3 fields. Each action corresponds to planting your crop in a different field. Each field is associated with a Gaussian distribution with a fixed but unknown mean. At each time step, you will select a field and receive a reward drawn from the associated distribution. Your goal is to maximize your reward across all of your turns.
---

Available Actions:
---

- Field Name: footprint environs nod 

- Field Name: unhealthy unholy anguish 

- Field Name: holy worth antidote 

---
When selecting an action, include only the name of the action. Do not include the dashes used to indicate the list here.

History:
---


- {'state': {}, 'action_taken': 'footprint environs nod', 'reward': 0.5}

- {'state': {}, 'action_taken': 'holy worth antidote', 'reward': 0.75}

- {'state': {}, 'action_taken': 'unhealthy unholy anguish', 'reward': 0.25}

- {'state': {}, 'action_taken': 'holy worth antidote', 'reward': 0.75}

- {'state': {}, 'action_taken': 'holy worth antidote', 'reward': 0.75}


---

Please select an action from the list of action options in order to maximize the reward for your task.
When selecting an action, put the exact name of the action between action tags like: <action> action_name </action>.

Your thinking budget is 150 tokens. If you exceed this limit, you will be forced to provide an immediate answer.
Your overall generation limit is 200 tokens.
2026-01-18 20:34:05,646 - src.driver - INFO - GENERATED CONTENT: <action>  holy worth antidote </action> 
 PARSED ACTION: holy worth antidote
2026-01-18 20:34:05,647 - src.driver - INFO - You will be assigned a task. 
You will receive the actions you have available, followed by the action history. 
Your goal is to maximize the total reward across all 10 steps. We are on step 6. 

Task Assignment:
---
You are a farmer who owns 3 fields. Each action corresponds to planting your crop in a different field. Each field is associated with a Gaussian distribution with a fixed but unknown mean. At each time step, you will select a field and receive a reward drawn from the associated distribution. Your goal is to maximize your reward across all of your turns.
---

Available Actions:
---

- Field Name: footprint environs nod 

- Field Name: unhealthy unholy anguish 

- Field Name: holy worth antidote 

---
When selecting an action, include only the name of the action. Do not include the dashes used to indicate the list here.

History:
---


- {'state': {}, 'action_taken': 'footprint environs nod', 'reward': 0.5}

- {'state': {}, 'action_taken': 'holy worth antidote', 'reward': 0.75}

- {'state': {}, 'action_taken': 'unhealthy unholy anguish', 'reward': 0.25}

- {'state': {}, 'action_taken': 'holy worth antidote', 'reward': 0.75}

- {'state': {}, 'action_taken': 'holy worth antidote', 'reward': 0.75}

- {'state': {}, 'action_taken': 'holy worth antidote', 'reward': 0.75}


---

Please select an action from the list of action options in order to maximize the reward for your task.
When selecting an action, put the exact name of the action between action tags like: <action> action_name </action>.

Your thinking budget is 150 tokens. If you exceed this limit, you will be forced to provide an immediate answer.
Your overall generation limit is 200 tokens.
2026-01-18 20:34:21,728 - src.driver - INFO - GENERATED CONTENT: <action>  holy worth antidote </action> 
 PARSED ACTION: holy worth antidote
2026-01-18 20:34:21,729 - src.driver - INFO - You will be assigned a task. 
You will receive the actions you have available, followed by the action history. 
Your goal is to maximize the total reward across all 10 steps. We are on step 7. 

Task Assignment:
---
You are a farmer who owns 3 fields. Each action corresponds to planting your crop in a different field. Each field is associated with a Gaussian distribution with a fixed but unknown mean. At each time step, you will select a field and receive a reward drawn from the associated distribution. Your goal is to maximize your reward across all of your turns.
---

Available Actions:
---

- Field Name: footprint environs nod 

- Field Name: unhealthy unholy anguish 

- Field Name: holy worth antidote 

---
When selecting an action, include only the name of the action. Do not include the dashes used to indicate the list here.

History:
---


- {'state': {}, 'action_taken': 'footprint environs nod', 'reward': 0.5}

- {'state': {}, 'action_taken': 'holy worth antidote', 'reward': 0.75}

- {'state': {}, 'action_taken': 'unhealthy unholy anguish', 'reward': 0.25}

- {'state': {}, 'action_taken': 'holy worth antidote', 'reward': 0.75}

- {'state': {}, 'action_taken': 'holy worth antidote', 'reward': 0.75}

- {'state': {}, 'action_taken': 'holy worth antidote', 'reward': 0.75}

- {'state': {}, 'action_taken': 'holy worth antidote', 'reward': 0.75}


---

Please select an action from the list of action options in order to maximize the reward for your task.
When selecting an action, put the exact name of the action between action tags like: <action> action_name </action>.

Your thinking budget is 150 tokens. If you exceed this limit, you will be forced to provide an immediate answer.
Your overall generation limit is 200 tokens.
2026-01-18 20:34:38,098 - src.driver - INFO - GENERATED CONTENT: <action>  holy worth antidote </action> 
 PARSED ACTION: holy worth antidote
2026-01-18 20:34:38,098 - src.driver - INFO - You will be assigned a task. 
You will receive the actions you have available, followed by the action history. 
Your goal is to maximize the total reward across all 10 steps. We are on step 8. 

Task Assignment:
---
You are a farmer who owns 3 fields. Each action corresponds to planting your crop in a different field. Each field is associated with a Gaussian distribution with a fixed but unknown mean. At each time step, you will select a field and receive a reward drawn from the associated distribution. Your goal is to maximize your reward across all of your turns.
---

Available Actions:
---

- Field Name: footprint environs nod 

- Field Name: unhealthy unholy anguish 

- Field Name: holy worth antidote 

---
When selecting an action, include only the name of the action. Do not include the dashes used to indicate the list here.

History:
---


- {'state': {}, 'action_taken': 'footprint environs nod', 'reward': 0.5}

- {'state': {}, 'action_taken': 'holy worth antidote', 'reward': 0.75}

- {'state': {}, 'action_taken': 'unhealthy unholy anguish', 'reward': 0.25}

- {'state': {}, 'action_taken': 'holy worth antidote', 'reward': 0.75}

- {'state': {}, 'action_taken': 'holy worth antidote', 'reward': 0.75}

- {'state': {}, 'action_taken': 'holy worth antidote', 'reward': 0.75}

- {'state': {}, 'action_taken': 'holy worth antidote', 'reward': 0.75}

- {'state': {}, 'action_taken': 'holy worth antidote', 'reward': 0.75}


---

Please select an action from the list of action options in order to maximize the reward for your task.
When selecting an action, put the exact name of the action between action tags like: <action> action_name </action>.

Your thinking budget is 150 tokens. If you exceed this limit, you will be forced to provide an immediate answer.
Your overall generation limit is 200 tokens.
2026-01-18 20:34:54,696 - src.driver - INFO - GENERATED CONTENT: <action>  holy worth antidote </action> 
 PARSED ACTION: holy worth antidote
2026-01-18 20:34:54,696 - src.driver - INFO - You will be assigned a task. 
You will receive the actions you have available, followed by the action history. 
Your goal is to maximize the total reward across all 10 steps. We are on step 9. 

Task Assignment:
---
You are a farmer who owns 3 fields. Each action corresponds to planting your crop in a different field. Each field is associated with a Gaussian distribution with a fixed but unknown mean. At each time step, you will select a field and receive a reward drawn from the associated distribution. Your goal is to maximize your reward across all of your turns.
---

Available Actions:
---

- Field Name: footprint environs nod 

- Field Name: unhealthy unholy anguish 

- Field Name: holy worth antidote 

---
When selecting an action, include only the name of the action. Do not include the dashes used to indicate the list here.

History:
---


- {'state': {}, 'action_taken': 'footprint environs nod', 'reward': 0.5}

- {'state': {}, 'action_taken': 'holy worth antidote', 'reward': 0.75}

- {'state': {}, 'action_taken': 'unhealthy unholy anguish', 'reward': 0.25}

- {'state': {}, 'action_taken': 'holy worth antidote', 'reward': 0.75}

- {'state': {}, 'action_taken': 'holy worth antidote', 'reward': 0.75}

- {'state': {}, 'action_taken': 'holy worth antidote', 'reward': 0.75}

- {'state': {}, 'action_taken': 'holy worth antidote', 'reward': 0.75}

- {'state': {}, 'action_taken': 'holy worth antidote', 'reward': 0.75}

- {'state': {}, 'action_taken': 'holy worth antidote', 'reward': 0.75}


---

Please select an action from the list of action options in order to maximize the reward for your task.
When selecting an action, put the exact name of the action between action tags like: <action> action_name </action>.

Your thinking budget is 150 tokens. If you exceed this limit, you will be forced to provide an immediate answer.
Your overall generation limit is 200 tokens.
2026-01-18 20:35:11,337 - src.driver - INFO - GENERATED CONTENT: <action>  holy worth antidote </action> 
 PARSED ACTION: holy worth antidote
2026-01-18 20:35:11,353 - src.driver - INFO - You will be assigned a task. 
You will receive the actions you have available, followed by the action history. 
Your goal is to maximize the total reward across all 10 steps. We are on step 0. 

Task Assignment:
---
You are a farmer who owns 3 fields. Each action corresponds to planting your crop in a different field. Each field is associated with a Gaussian distribution with a fixed but unknown mean. At each time step, you will select a field and receive a reward drawn from the associated distribution. Your goal is to maximize your reward across all of your turns.
---

Available Actions:
---

- Field Name: gracious endure dashing 

- Field Name: grated poisoning incestuous 

- Field Name: clientele ratification character 

---
When selecting an action, include only the name of the action. Do not include the dashes used to indicate the list here.

History:
---

This is the first turn. There is no history.

---

Please select an action from the list of action options in order to maximize the reward for your task.
When selecting an action, put the exact name of the action between action tags like: <action> action_name </action>.

Your thinking budget is 150 tokens. If you exceed this limit, you will be forced to provide an immediate answer.
Your overall generation limit is 200 tokens.
2026-01-18 20:35:26,236 - src.driver - INFO - GENERATED CONTENT: <action>  gracious endure dashing </action> 
 PARSED ACTION: gracious endure dashing
2026-01-18 20:35:26,237 - src.driver - INFO - You will be assigned a task. 
You will receive the actions you have available, followed by the action history. 
Your goal is to maximize the total reward across all 10 steps. We are on step 1. 

Task Assignment:
---
You are a farmer who owns 3 fields. Each action corresponds to planting your crop in a different field. Each field is associated with a Gaussian distribution with a fixed but unknown mean. At each time step, you will select a field and receive a reward drawn from the associated distribution. Your goal is to maximize your reward across all of your turns.
---

Available Actions:
---

- Field Name: gracious endure dashing 

- Field Name: grated poisoning incestuous 

- Field Name: clientele ratification character 

---
When selecting an action, include only the name of the action. Do not include the dashes used to indicate the list here.

History:
---


- {'state': {}, 'action_taken': 'gracious endure dashing', 'reward': 0.75}


---

Please select an action from the list of action options in order to maximize the reward for your task.
When selecting an action, put the exact name of the action between action tags like: <action> action_name </action>.

Your thinking budget is 150 tokens. If you exceed this limit, you will be forced to provide an immediate answer.
Your overall generation limit is 200 tokens.
2026-01-18 20:35:41,156 - src.driver - INFO - GENERATED CONTENT: <action>  grated poisoning incestuous </action> 
 PARSED ACTION: grated poisoning incestuous
2026-01-18 20:35:41,157 - src.driver - INFO - You will be assigned a task. 
You will receive the actions you have available, followed by the action history. 
Your goal is to maximize the total reward across all 10 steps. We are on step 2. 

Task Assignment:
---
You are a farmer who owns 3 fields. Each action corresponds to planting your crop in a different field. Each field is associated with a Gaussian distribution with a fixed but unknown mean. At each time step, you will select a field and receive a reward drawn from the associated distribution. Your goal is to maximize your reward across all of your turns.
---

Available Actions:
---

- Field Name: gracious endure dashing 

- Field Name: grated poisoning incestuous 

- Field Name: clientele ratification character 

---
When selecting an action, include only the name of the action. Do not include the dashes used to indicate the list here.

History:
---


- {'state': {}, 'action_taken': 'gracious endure dashing', 'reward': 0.75}

- {'state': {}, 'action_taken': 'grated poisoning incestuous', 'reward': 0.25}


---

Please select an action from the list of action options in order to maximize the reward for your task.
When selecting an action, put the exact name of the action between action tags like: <action> action_name </action>.

Your thinking budget is 150 tokens. If you exceed this limit, you will be forced to provide an immediate answer.
Your overall generation limit is 200 tokens.
2026-01-18 20:35:56,267 - src.driver - INFO - GENERATED CONTENT: <action>  clientele ratification character </action> 
 PARSED ACTION: clientele ratification character
2026-01-18 20:35:56,267 - src.driver - INFO - You will be assigned a task. 
You will receive the actions you have available, followed by the action history. 
Your goal is to maximize the total reward across all 10 steps. We are on step 3. 

Task Assignment:
---
You are a farmer who owns 3 fields. Each action corresponds to planting your crop in a different field. Each field is associated with a Gaussian distribution with a fixed but unknown mean. At each time step, you will select a field and receive a reward drawn from the associated distribution. Your goal is to maximize your reward across all of your turns.
---

Available Actions:
---

- Field Name: gracious endure dashing 

- Field Name: grated poisoning incestuous 

- Field Name: clientele ratification character 

---
When selecting an action, include only the name of the action. Do not include the dashes used to indicate the list here.

History:
---


- {'state': {}, 'action_taken': 'gracious endure dashing', 'reward': 0.75}

- {'state': {}, 'action_taken': 'grated poisoning incestuous', 'reward': 0.25}

- {'state': {}, 'action_taken': 'clientele ratification character', 'reward': 0.5}


---

Please select an action from the list of action options in order to maximize the reward for your task.
When selecting an action, put the exact name of the action between action tags like: <action> action_name </action>.

Your thinking budget is 150 tokens. If you exceed this limit, you will be forced to provide an immediate answer.
Your overall generation limit is 200 tokens.
2026-01-18 20:36:11,706 - src.driver - INFO - GENERATED CONTENT: <action> gracious endure dashing</action> 
 PARSED ACTION: gracious endure dashing
2026-01-18 20:36:11,707 - src.driver - INFO - You will be assigned a task. 
You will receive the actions you have available, followed by the action history. 
Your goal is to maximize the total reward across all 10 steps. We are on step 4. 

Task Assignment:
---
You are a farmer who owns 3 fields. Each action corresponds to planting your crop in a different field. Each field is associated with a Gaussian distribution with a fixed but unknown mean. At each time step, you will select a field and receive a reward drawn from the associated distribution. Your goal is to maximize your reward across all of your turns.
---

Available Actions:
---

- Field Name: gracious endure dashing 

- Field Name: grated poisoning incestuous 

- Field Name: clientele ratification character 

---
When selecting an action, include only the name of the action. Do not include the dashes used to indicate the list here.

History:
---


- {'state': {}, 'action_taken': 'gracious endure dashing', 'reward': 0.75}

- {'state': {}, 'action_taken': 'grated poisoning incestuous', 'reward': 0.25}

- {'state': {}, 'action_taken': 'clientele ratification character', 'reward': 0.5}

- {'state': {}, 'action_taken': 'gracious endure dashing', 'reward': 0.75}


---

Please select an action from the list of action options in order to maximize the reward for your task.
When selecting an action, put the exact name of the action between action tags like: <action> action_name </action>.

Your thinking budget is 150 tokens. If you exceed this limit, you will be forced to provide an immediate answer.
Your overall generation limit is 200 tokens.
2026-01-18 20:36:28,747 - src.driver - INFO - GENERATED CONTENT: <action> gracious endure dashing</action> has given the highest reward so far (0.75) in two out of four steps, suggesting 
 PARSED ACTION: gracious endure dashing
2026-01-18 20:36:28,748 - src.driver - INFO - You will be assigned a task. 
You will receive the actions you have available, followed by the action history. 
Your goal is to maximize the total reward across all 10 steps. We are on step 5. 

Task Assignment:
---
You are a farmer who owns 3 fields. Each action corresponds to planting your crop in a different field. Each field is associated with a Gaussian distribution with a fixed but unknown mean. At each time step, you will select a field and receive a reward drawn from the associated distribution. Your goal is to maximize your reward across all of your turns.
---

Available Actions:
---

- Field Name: gracious endure dashing 

- Field Name: grated poisoning incestuous 

- Field Name: clientele ratification character 

---
When selecting an action, include only the name of the action. Do not include the dashes used to indicate the list here.

History:
---


- {'state': {}, 'action_taken': 'gracious endure dashing', 'reward': 0.75}

- {'state': {}, 'action_taken': 'grated poisoning incestuous', 'reward': 0.25}

- {'state': {}, 'action_taken': 'clientele ratification character', 'reward': 0.5}

- {'state': {}, 'action_taken': 'gracious endure dashing', 'reward': 0.75}

- {'state': {}, 'action_taken': 'gracious endure dashing', 'reward': 0.75}


---

Please select an action from the list of action options in order to maximize the reward for your task.
When selecting an action, put the exact name of the action between action tags like: <action> action_name </action>.

Your thinking budget is 150 tokens. If you exceed this limit, you will be forced to provide an immediate answer.
Your overall generation limit is 200 tokens.
2026-01-18 20:36:44,815 - src.driver - INFO - GENERATED CONTENT: <action> gracious endure dashing</action> 
 PARSED ACTION: gracious endure dashing
2026-01-18 20:36:44,815 - src.driver - INFO - You will be assigned a task. 
You will receive the actions you have available, followed by the action history. 
Your goal is to maximize the total reward across all 10 steps. We are on step 6. 

Task Assignment:
---
You are a farmer who owns 3 fields. Each action corresponds to planting your crop in a different field. Each field is associated with a Gaussian distribution with a fixed but unknown mean. At each time step, you will select a field and receive a reward drawn from the associated distribution. Your goal is to maximize your reward across all of your turns.
---

Available Actions:
---

- Field Name: gracious endure dashing 

- Field Name: grated poisoning incestuous 

- Field Name: clientele ratification character 

---
When selecting an action, include only the name of the action. Do not include the dashes used to indicate the list here.

History:
---


- {'state': {}, 'action_taken': 'gracious endure dashing', 'reward': 0.75}

- {'state': {}, 'action_taken': 'grated poisoning incestuous', 'reward': 0.25}

- {'state': {}, 'action_taken': 'clientele ratification character', 'reward': 0.5}

- {'state': {}, 'action_taken': 'gracious endure dashing', 'reward': 0.75}

- {'state': {}, 'action_taken': 'gracious endure dashing', 'reward': 0.75}

- {'state': {}, 'action_taken': 'gracious endure dashing', 'reward': 0.75}


---

Please select an action from the list of action options in order to maximize the reward for your task.
When selecting an action, put the exact name of the action between action tags like: <action> action_name </action>.

Your thinking budget is 150 tokens. If you exceed this limit, you will be forced to provide an immediate answer.
Your overall generation limit is 200 tokens.
2026-01-18 20:37:02,469 - src.driver - INFO - GENERATED CONTENT: <action> gracious endure dashing</action> has provided the highest rewards consistently (0.75 each time), indicating it's likely the best 
 PARSED ACTION: gracious endure dashing
2026-01-18 20:37:02,470 - src.driver - INFO - You will be assigned a task. 
You will receive the actions you have available, followed by the action history. 
Your goal is to maximize the total reward across all 10 steps. We are on step 7. 

Task Assignment:
---
You are a farmer who owns 3 fields. Each action corresponds to planting your crop in a different field. Each field is associated with a Gaussian distribution with a fixed but unknown mean. At each time step, you will select a field and receive a reward drawn from the associated distribution. Your goal is to maximize your reward across all of your turns.
---

Available Actions:
---

- Field Name: gracious endure dashing 

- Field Name: grated poisoning incestuous 

- Field Name: clientele ratification character 

---
When selecting an action, include only the name of the action. Do not include the dashes used to indicate the list here.

History:
---


- {'state': {}, 'action_taken': 'gracious endure dashing', 'reward': 0.75}

- {'state': {}, 'action_taken': 'grated poisoning incestuous', 'reward': 0.25}

- {'state': {}, 'action_taken': 'clientele ratification character', 'reward': 0.5}

- {'state': {}, 'action_taken': 'gracious endure dashing', 'reward': 0.75}

- {'state': {}, 'action_taken': 'gracious endure dashing', 'reward': 0.75}

- {'state': {}, 'action_taken': 'gracious endure dashing', 'reward': 0.75}

- {'state': {}, 'action_taken': 'gracious endure dashing', 'reward': 0.75}


---

Please select an action from the list of action options in order to maximize the reward for your task.
When selecting an action, put the exact name of the action between action tags like: <action> action_name </action>.

Your thinking budget is 150 tokens. If you exceed this limit, you will be forced to provide an immediate answer.
Your overall generation limit is 200 tokens.
2026-01-18 20:37:18,804 - src.driver - INFO - GENERATED CONTENT: <action>  gracious endure dashing </action> 
 PARSED ACTION: gracious endure dashing
2026-01-18 20:37:18,804 - src.driver - INFO - You will be assigned a task. 
You will receive the actions you have available, followed by the action history. 
Your goal is to maximize the total reward across all 10 steps. We are on step 8. 

Task Assignment:
---
You are a farmer who owns 3 fields. Each action corresponds to planting your crop in a different field. Each field is associated with a Gaussian distribution with a fixed but unknown mean. At each time step, you will select a field and receive a reward drawn from the associated distribution. Your goal is to maximize your reward across all of your turns.
---

Available Actions:
---

- Field Name: gracious endure dashing 

- Field Name: grated poisoning incestuous 

- Field Name: clientele ratification character 

---
When selecting an action, include only the name of the action. Do not include the dashes used to indicate the list here.

History:
---


- {'state': {}, 'action_taken': 'gracious endure dashing', 'reward': 0.75}

- {'state': {}, 'action_taken': 'grated poisoning incestuous', 'reward': 0.25}

- {'state': {}, 'action_taken': 'clientele ratification character', 'reward': 0.5}

- {'state': {}, 'action_taken': 'gracious endure dashing', 'reward': 0.75}

- {'state': {}, 'action_taken': 'gracious endure dashing', 'reward': 0.75}

- {'state': {}, 'action_taken': 'gracious endure dashing', 'reward': 0.75}

- {'state': {}, 'action_taken': 'gracious endure dashing', 'reward': 0.75}

- {'state': {}, 'action_taken': 'gracious endure dashing', 'reward': 0.75}


---

Please select an action from the list of action options in order to maximize the reward for your task.
When selecting an action, put the exact name of the action between action tags like: <action> action_name </action>.

Your thinking budget is 150 tokens. If you exceed this limit, you will be forced to provide an immediate answer.
Your overall generation limit is 200 tokens.
2026-01-18 20:37:35,368 - src.driver - INFO - GENERATED CONTENT: <action>  gracious endure dashing </action> 
 PARSED ACTION: gracious endure dashing
2026-01-18 20:37:35,369 - src.driver - INFO - You will be assigned a task. 
You will receive the actions you have available, followed by the action history. 
Your goal is to maximize the total reward across all 10 steps. We are on step 9. 

Task Assignment:
---
You are a farmer who owns 3 fields. Each action corresponds to planting your crop in a different field. Each field is associated with a Gaussian distribution with a fixed but unknown mean. At each time step, you will select a field and receive a reward drawn from the associated distribution. Your goal is to maximize your reward across all of your turns.
---

Available Actions:
---

- Field Name: gracious endure dashing 

- Field Name: grated poisoning incestuous 

- Field Name: clientele ratification character 

---
When selecting an action, include only the name of the action. Do not include the dashes used to indicate the list here.

History:
---


- {'state': {}, 'action_taken': 'gracious endure dashing', 'reward': 0.75}

- {'state': {}, 'action_taken': 'grated poisoning incestuous', 'reward': 0.25}

- {'state': {}, 'action_taken': 'clientele ratification character', 'reward': 0.5}

- {'state': {}, 'action_taken': 'gracious endure dashing', 'reward': 0.75}

- {'state': {}, 'action_taken': 'gracious endure dashing', 'reward': 0.75}

- {'state': {}, 'action_taken': 'gracious endure dashing', 'reward': 0.75}

- {'state': {}, 'action_taken': 'gracious endure dashing', 'reward': 0.75}

- {'state': {}, 'action_taken': 'gracious endure dashing', 'reward': 0.75}

- {'state': {}, 'action_taken': 'gracious endure dashing', 'reward': 0.75}


---

Please select an action from the list of action options in order to maximize the reward for your task.
When selecting an action, put the exact name of the action between action tags like: <action> action_name </action>.

Your thinking budget is 150 tokens. If you exceed this limit, you will be forced to provide an immediate answer.
Your overall generation limit is 200 tokens.
2026-01-18 20:37:52,107 - src.driver - INFO - GENERATED CONTENT: <action>  gracious endure dashing </action> 
 PARSED ACTION: gracious endure dashing
2026-01-18 20:37:52,123 - src.driver - INFO - You will be assigned a task. 
You will receive the actions you have available, followed by the action history. 
Your goal is to maximize the total reward across all 10 steps. We are on step 0. 

Task Assignment:
---
You are a farmer who owns 3 fields. Each action corresponds to planting your crop in a different field. Each field is associated with a Gaussian distribution with a fixed but unknown mean. At each time step, you will select a field and receive a reward drawn from the associated distribution. Your goal is to maximize your reward across all of your turns.
---

Available Actions:
---

- Field Name: delirium indifference exaggerated 

- Field Name: clientele ratification character 

- Field Name: smile supremely immortal 

---
When selecting an action, include only the name of the action. Do not include the dashes used to indicate the list here.

History:
---

This is the first turn. There is no history.

---

Please select an action from the list of action options in order to maximize the reward for your task.
When selecting an action, put the exact name of the action between action tags like: <action> action_name </action>.

Your thinking budget is 150 tokens. If you exceed this limit, you will be forced to provide an immediate answer.
Your overall generation limit is 200 tokens.
2026-01-18 20:38:07,098 - src.driver - INFO - GENERATED CONTENT: <action>  delirium indifference exaggerated </action> 
 PARSED ACTION: delirium indifference exaggerated
2026-01-18 20:38:07,099 - src.driver - INFO - You will be assigned a task. 
You will receive the actions you have available, followed by the action history. 
Your goal is to maximize the total reward across all 10 steps. We are on step 1. 

Task Assignment:
---
You are a farmer who owns 3 fields. Each action corresponds to planting your crop in a different field. Each field is associated with a Gaussian distribution with a fixed but unknown mean. At each time step, you will select a field and receive a reward drawn from the associated distribution. Your goal is to maximize your reward across all of your turns.
---

Available Actions:
---

- Field Name: delirium indifference exaggerated 

- Field Name: clientele ratification character 

- Field Name: smile supremely immortal 

---
When selecting an action, include only the name of the action. Do not include the dashes used to indicate the list here.

History:
---


- {'state': {}, 'action_taken': 'delirium indifference exaggerated', 'reward': 0.25}


---

Please select an action from the list of action options in order to maximize the reward for your task.
When selecting an action, put the exact name of the action between action tags like: <action> action_name </action>.

Your thinking budget is 150 tokens. If you exceed this limit, you will be forced to provide an immediate answer.
Your overall generation limit is 200 tokens.
2026-01-18 20:38:22,112 - src.driver - INFO - GENERATED CONTENT: <action> clientele ratification character</action> 
 PARSED ACTION: clientele ratification character
2026-01-18 20:38:22,113 - src.driver - INFO - You will be assigned a task. 
You will receive the actions you have available, followed by the action history. 
Your goal is to maximize the total reward across all 10 steps. We are on step 2. 

Task Assignment:
---
You are a farmer who owns 3 fields. Each action corresponds to planting your crop in a different field. Each field is associated with a Gaussian distribution with a fixed but unknown mean. At each time step, you will select a field and receive a reward drawn from the associated distribution. Your goal is to maximize your reward across all of your turns.
---

Available Actions:
---

- Field Name: delirium indifference exaggerated 

- Field Name: clientele ratification character 

- Field Name: smile supremely immortal 

---
When selecting an action, include only the name of the action. Do not include the dashes used to indicate the list here.

History:
---


- {'state': {}, 'action_taken': 'delirium indifference exaggerated', 'reward': 0.25}

- {'state': {}, 'action_taken': 'clientele ratification character', 'reward': 0.5}


---

Please select an action from the list of action options in order to maximize the reward for your task.
When selecting an action, put the exact name of the action between action tags like: <action> action_name </action>.

Your thinking budget is 150 tokens. If you exceed this limit, you will be forced to provide an immediate answer.
Your overall generation limit is 200 tokens.
2026-01-18 20:38:37,237 - src.driver - INFO - GENERATED CONTENT: <action>  smile supremely immortal </action> 
 PARSED ACTION: smile supremely immortal
2026-01-18 20:38:37,237 - src.driver - INFO - You will be assigned a task. 
You will receive the actions you have available, followed by the action history. 
Your goal is to maximize the total reward across all 10 steps. We are on step 3. 

Task Assignment:
---
You are a farmer who owns 3 fields. Each action corresponds to planting your crop in a different field. Each field is associated with a Gaussian distribution with a fixed but unknown mean. At each time step, you will select a field and receive a reward drawn from the associated distribution. Your goal is to maximize your reward across all of your turns.
---

Available Actions:
---

- Field Name: delirium indifference exaggerated 

- Field Name: clientele ratification character 

- Field Name: smile supremely immortal 

---
When selecting an action, include only the name of the action. Do not include the dashes used to indicate the list here.

History:
---


- {'state': {}, 'action_taken': 'delirium indifference exaggerated', 'reward': 0.25}

- {'state': {}, 'action_taken': 'clientele ratification character', 'reward': 0.5}

- {'state': {}, 'action_taken': 'smile supremely immortal', 'reward': 0.75}


---

Please select an action from the list of action options in order to maximize the reward for your task.
When selecting an action, put the exact name of the action between action tags like: <action> action_name </action>.

Your thinking budget is 150 tokens. If you exceed this limit, you will be forced to provide an immediate answer.
Your overall generation limit is 200 tokens.
2026-01-18 20:38:52,815 - src.driver - INFO - GENERATED CONTENT: <action>  smile supremely immortal </action> 
 PARSED ACTION: smile supremely immortal
2026-01-18 20:38:52,816 - src.driver - INFO - You will be assigned a task. 
You will receive the actions you have available, followed by the action history. 
Your goal is to maximize the total reward across all 10 steps. We are on step 4. 

Task Assignment:
---
You are a farmer who owns 3 fields. Each action corresponds to planting your crop in a different field. Each field is associated with a Gaussian distribution with a fixed but unknown mean. At each time step, you will select a field and receive a reward drawn from the associated distribution. Your goal is to maximize your reward across all of your turns.
---

Available Actions:
---

- Field Name: delirium indifference exaggerated 

- Field Name: clientele ratification character 

- Field Name: smile supremely immortal 

---
When selecting an action, include only the name of the action. Do not include the dashes used to indicate the list here.

History:
---


- {'state': {}, 'action_taken': 'delirium indifference exaggerated', 'reward': 0.25}

- {'state': {}, 'action_taken': 'clientele ratification character', 'reward': 0.5}

- {'state': {}, 'action_taken': 'smile supremely immortal', 'reward': 0.75}

- {'state': {}, 'action_taken': 'smile supremely immortal', 'reward': 0.75}


---

Please select an action from the list of action options in order to maximize the reward for your task.
When selecting an action, put the exact name of the action between action tags like: <action> action_name </action>.

Your thinking budget is 150 tokens. If you exceed this limit, you will be forced to provide an immediate answer.
Your overall generation limit is 200 tokens.
2026-01-18 20:39:09,466 - src.driver - INFO - GENERATED CONTENT: <action>  smile supremely immortal </action> has given the highest reward so far, so I will choose that again. 
 PARSED ACTION: smile supremely immortal
2026-01-18 20:39:09,467 - src.driver - INFO - You will be assigned a task. 
You will receive the actions you have available, followed by the action history. 
Your goal is to maximize the total reward across all 10 steps. We are on step 5. 

Task Assignment:
---
You are a farmer who owns 3 fields. Each action corresponds to planting your crop in a different field. Each field is associated with a Gaussian distribution with a fixed but unknown mean. At each time step, you will select a field and receive a reward drawn from the associated distribution. Your goal is to maximize your reward across all of your turns.
---

Available Actions:
---

- Field Name: delirium indifference exaggerated 

- Field Name: clientele ratification character 

- Field Name: smile supremely immortal 

---
When selecting an action, include only the name of the action. Do not include the dashes used to indicate the list here.

History:
---


- {'state': {}, 'action_taken': 'delirium indifference exaggerated', 'reward': 0.25}

- {'state': {}, 'action_taken': 'clientele ratification character', 'reward': 0.5}

- {'state': {}, 'action_taken': 'smile supremely immortal', 'reward': 0.75}

- {'state': {}, 'action_taken': 'smile supremely immortal', 'reward': 0.75}

- {'state': {}, 'action_taken': 'smile supremely immortal', 'reward': 0.75}


---

Please select an action from the list of action options in order to maximize the reward for your task.
When selecting an action, put the exact name of the action between action tags like: <action> action_name </action>.

Your thinking budget is 150 tokens. If you exceed this limit, you will be forced to provide an immediate answer.
Your overall generation limit is 200 tokens.
2026-01-18 20:39:26,687 - src.driver - INFO - GENERATED CONTENT: <action>  smile supremely immortal </action> has provided the highest consistent reward so far, so I will choose that again. 
 PARSED ACTION: smile supremely immortal
2026-01-18 20:39:26,688 - src.driver - INFO - You will be assigned a task. 
You will receive the actions you have available, followed by the action history. 
Your goal is to maximize the total reward across all 10 steps. We are on step 6. 

Task Assignment:
---
You are a farmer who owns 3 fields. Each action corresponds to planting your crop in a different field. Each field is associated with a Gaussian distribution with a fixed but unknown mean. At each time step, you will select a field and receive a reward drawn from the associated distribution. Your goal is to maximize your reward across all of your turns.
---

Available Actions:
---

- Field Name: delirium indifference exaggerated 

- Field Name: clientele ratification character 

- Field Name: smile supremely immortal 

---
When selecting an action, include only the name of the action. Do not include the dashes used to indicate the list here.

History:
---


- {'state': {}, 'action_taken': 'delirium indifference exaggerated', 'reward': 0.25}

- {'state': {}, 'action_taken': 'clientele ratification character', 'reward': 0.5}

- {'state': {}, 'action_taken': 'smile supremely immortal', 'reward': 0.75}

- {'state': {}, 'action_taken': 'smile supremely immortal', 'reward': 0.75}

- {'state': {}, 'action_taken': 'smile supremely immortal', 'reward': 0.75}

- {'state': {}, 'action_taken': 'smile supremely immortal', 'reward': 0.75}


---

Please select an action from the list of action options in order to maximize the reward for your task.
When selecting an action, put the exact name of the action between action tags like: <action> action_name </action>.

Your thinking budget is 150 tokens. If you exceed this limit, you will be forced to provide an immediate answer.
Your overall generation limit is 200 tokens.
2026-01-18 20:39:42,694 - src.driver - INFO - GENERATED CONTENT: <action>  smile supremely immortal </action> 
 PARSED ACTION: smile supremely immortal
2026-01-18 20:39:42,695 - src.driver - INFO - You will be assigned a task. 
You will receive the actions you have available, followed by the action history. 
Your goal is to maximize the total reward across all 10 steps. We are on step 7. 

Task Assignment:
---
You are a farmer who owns 3 fields. Each action corresponds to planting your crop in a different field. Each field is associated with a Gaussian distribution with a fixed but unknown mean. At each time step, you will select a field and receive a reward drawn from the associated distribution. Your goal is to maximize your reward across all of your turns.
---

Available Actions:
---

- Field Name: delirium indifference exaggerated 

- Field Name: clientele ratification character 

- Field Name: smile supremely immortal 

---
When selecting an action, include only the name of the action. Do not include the dashes used to indicate the list here.

History:
---


- {'state': {}, 'action_taken': 'delirium indifference exaggerated', 'reward': 0.25}

- {'state': {}, 'action_taken': 'clientele ratification character', 'reward': 0.5}

- {'state': {}, 'action_taken': 'smile supremely immortal', 'reward': 0.75}

- {'state': {}, 'action_taken': 'smile supremely immortal', 'reward': 0.75}

- {'state': {}, 'action_taken': 'smile supremely immortal', 'reward': 0.75}

- {'state': {}, 'action_taken': 'smile supremely immortal', 'reward': 0.75}

- {'state': {}, 'action_taken': 'smile supremely immortal', 'reward': 0.75}


---

Please select an action from the list of action options in order to maximize the reward for your task.
When selecting an action, put the exact name of the action between action tags like: <action> action_name </action>.

Your thinking budget is 150 tokens. If you exceed this limit, you will be forced to provide an immediate answer.
Your overall generation limit is 200 tokens.
2026-01-18 20:40:00,567 - src.driver - INFO - GENERATED CONTENT: <action>  smile supremely immortal </action> has provided the highest reward so far (0.75) and has been consistently chosen, suggesting it 
 PARSED ACTION: smile supremely immortal
2026-01-18 20:40:00,568 - src.driver - INFO - You will be assigned a task. 
You will receive the actions you have available, followed by the action history. 
Your goal is to maximize the total reward across all 10 steps. We are on step 8. 

Task Assignment:
---
You are a farmer who owns 3 fields. Each action corresponds to planting your crop in a different field. Each field is associated with a Gaussian distribution with a fixed but unknown mean. At each time step, you will select a field and receive a reward drawn from the associated distribution. Your goal is to maximize your reward across all of your turns.
---

Available Actions:
---

- Field Name: delirium indifference exaggerated 

- Field Name: clientele ratification character 

- Field Name: smile supremely immortal 

---
When selecting an action, include only the name of the action. Do not include the dashes used to indicate the list here.

History:
---


- {'state': {}, 'action_taken': 'delirium indifference exaggerated', 'reward': 0.25}

- {'state': {}, 'action_taken': 'clientele ratification character', 'reward': 0.5}

- {'state': {}, 'action_taken': 'smile supremely immortal', 'reward': 0.75}

- {'state': {}, 'action_taken': 'smile supremely immortal', 'reward': 0.75}

- {'state': {}, 'action_taken': 'smile supremely immortal', 'reward': 0.75}

- {'state': {}, 'action_taken': 'smile supremely immortal', 'reward': 0.75}

- {'state': {}, 'action_taken': 'smile supremely immortal', 'reward': 0.75}

- {'state': {}, 'action_taken': 'smile supremely immortal', 'reward': 0.75}


---

Please select an action from the list of action options in order to maximize the reward for your task.
When selecting an action, put the exact name of the action between action tags like: <action> action_name </action>.

Your thinking budget is 150 tokens. If you exceed this limit, you will be forced to provide an immediate answer.
Your overall generation limit is 200 tokens.
2026-01-18 20:40:17,194 - src.driver - INFO - GENERATED CONTENT: <action>  smile supremely immortal </action> 
 PARSED ACTION: smile supremely immortal
2026-01-18 20:40:17,195 - src.driver - INFO - You will be assigned a task. 
You will receive the actions you have available, followed by the action history. 
Your goal is to maximize the total reward across all 10 steps. We are on step 9. 

Task Assignment:
---
You are a farmer who owns 3 fields. Each action corresponds to planting your crop in a different field. Each field is associated with a Gaussian distribution with a fixed but unknown mean. At each time step, you will select a field and receive a reward drawn from the associated distribution. Your goal is to maximize your reward across all of your turns.
---

Available Actions:
---

- Field Name: delirium indifference exaggerated 

- Field Name: clientele ratification character 

- Field Name: smile supremely immortal 

---
When selecting an action, include only the name of the action. Do not include the dashes used to indicate the list here.

History:
---


- {'state': {}, 'action_taken': 'delirium indifference exaggerated', 'reward': 0.25}

- {'state': {}, 'action_taken': 'clientele ratification character', 'reward': 0.5}

- {'state': {}, 'action_taken': 'smile supremely immortal', 'reward': 0.75}

- {'state': {}, 'action_taken': 'smile supremely immortal', 'reward': 0.75}

- {'state': {}, 'action_taken': 'smile supremely immortal', 'reward': 0.75}

- {'state': {}, 'action_taken': 'smile supremely immortal', 'reward': 0.75}

- {'state': {}, 'action_taken': 'smile supremely immortal', 'reward': 0.75}

- {'state': {}, 'action_taken': 'smile supremely immortal', 'reward': 0.75}

- {'state': {}, 'action_taken': 'smile supremely immortal', 'reward': 0.75}


---

Please select an action from the list of action options in order to maximize the reward for your task.
When selecting an action, put the exact name of the action between action tags like: <action> action_name </action>.

Your thinking budget is 150 tokens. If you exceed this limit, you will be forced to provide an immediate answer.
Your overall generation limit is 200 tokens.
2026-01-18 20:40:33,858 - src.driver - INFO - GENERATED CONTENT: <action>  smile supremely immortal </action> 
 PARSED ACTION: smile supremely immortal
2026-01-18 20:40:33,873 - src.driver - INFO - You will be assigned a task. 
You will receive the actions you have available, followed by the action history. 
Your goal is to maximize the total reward across all 10 steps. We are on step 0. 

Task Assignment:
---
You are a farmer who owns 3 fields. Each action corresponds to planting your crop in a different field. Each field is associated with a Gaussian distribution with a fixed but unknown mean. At each time step, you will select a field and receive a reward drawn from the associated distribution. Your goal is to maximize your reward across all of your turns.
---

Available Actions:
---

- Field Name: emancipation dictionary granted 

- Field Name: deserving beeswax intercom 

- Field Name: delirium indifference exaggerated 

---
When selecting an action, include only the name of the action. Do not include the dashes used to indicate the list here.

History:
---

This is the first turn. There is no history.

---

Please select an action from the list of action options in order to maximize the reward for your task.
When selecting an action, put the exact name of the action between action tags like: <action> action_name </action>.

Your thinking budget is 150 tokens. If you exceed this limit, you will be forced to provide an immediate answer.
Your overall generation limit is 200 tokens.
2026-01-18 20:40:48,734 - src.driver - INFO - GENERATED CONTENT: <action>  emancipation dictionary granted </action> 
 PARSED ACTION: emancipation dictionary granted
2026-01-18 20:40:48,735 - src.driver - INFO - You will be assigned a task. 
You will receive the actions you have available, followed by the action history. 
Your goal is to maximize the total reward across all 10 steps. We are on step 1. 

Task Assignment:
---
You are a farmer who owns 3 fields. Each action corresponds to planting your crop in a different field. Each field is associated with a Gaussian distribution with a fixed but unknown mean. At each time step, you will select a field and receive a reward drawn from the associated distribution. Your goal is to maximize your reward across all of your turns.
---

Available Actions:
---

- Field Name: emancipation dictionary granted 

- Field Name: deserving beeswax intercom 

- Field Name: delirium indifference exaggerated 

---
When selecting an action, include only the name of the action. Do not include the dashes used to indicate the list here.

History:
---


- {'state': {}, 'action_taken': 'emancipation dictionary granted', 'reward': 0.75}


---

Please select an action from the list of action options in order to maximize the reward for your task.
When selecting an action, put the exact name of the action between action tags like: <action> action_name </action>.

Your thinking budget is 150 tokens. If you exceed this limit, you will be forced to provide an immediate answer.
Your overall generation limit is 200 tokens.
2026-01-18 20:41:03,710 - src.driver - INFO - GENERATED CONTENT: <action> delirium indifference exaggerated</action> 
 PARSED ACTION: delirium indifference exaggerated
2026-01-18 20:41:03,711 - src.driver - INFO - You will be assigned a task. 
You will receive the actions you have available, followed by the action history. 
Your goal is to maximize the total reward across all 10 steps. We are on step 2. 

Task Assignment:
---
You are a farmer who owns 3 fields. Each action corresponds to planting your crop in a different field. Each field is associated with a Gaussian distribution with a fixed but unknown mean. At each time step, you will select a field and receive a reward drawn from the associated distribution. Your goal is to maximize your reward across all of your turns.
---

Available Actions:
---

- Field Name: emancipation dictionary granted 

- Field Name: deserving beeswax intercom 

- Field Name: delirium indifference exaggerated 

---
When selecting an action, include only the name of the action. Do not include the dashes used to indicate the list here.

History:
---


- {'state': {}, 'action_taken': 'emancipation dictionary granted', 'reward': 0.75}

- {'state': {}, 'action_taken': 'delirium indifference exaggerated', 'reward': 0.25}


---

Please select an action from the list of action options in order to maximize the reward for your task.
When selecting an action, put the exact name of the action between action tags like: <action> action_name </action>.

Your thinking budget is 150 tokens. If you exceed this limit, you will be forced to provide an immediate answer.
Your overall generation limit is 200 tokens.
2026-01-18 20:41:19,159 - src.driver - INFO - GENERATED CONTENT: <action> deserving beeswax intercom</action> 
 PARSED ACTION: deserving beeswax intercom
2026-01-18 20:41:19,160 - src.driver - INFO - You will be assigned a task. 
You will receive the actions you have available, followed by the action history. 
Your goal is to maximize the total reward across all 10 steps. We are on step 3. 

Task Assignment:
---
You are a farmer who owns 3 fields. Each action corresponds to planting your crop in a different field. Each field is associated with a Gaussian distribution with a fixed but unknown mean. At each time step, you will select a field and receive a reward drawn from the associated distribution. Your goal is to maximize your reward across all of your turns.
---

Available Actions:
---

- Field Name: emancipation dictionary granted 

- Field Name: deserving beeswax intercom 

- Field Name: delirium indifference exaggerated 

---
When selecting an action, include only the name of the action. Do not include the dashes used to indicate the list here.

History:
---


- {'state': {}, 'action_taken': 'emancipation dictionary granted', 'reward': 0.75}

- {'state': {}, 'action_taken': 'delirium indifference exaggerated', 'reward': 0.25}

- {'state': {}, 'action_taken': 'deserving beeswax intercom', 'reward': 0.5}


---

Please select an action from the list of action options in order to maximize the reward for your task.
When selecting an action, put the exact name of the action between action tags like: <action> action_name </action>.

Your thinking budget is 150 tokens. If you exceed this limit, you will be forced to provide an immediate answer.
Your overall generation limit is 200 tokens.
2026-01-18 20:41:34,660 - src.driver - INFO - GENERATED CONTENT: <action>  emancipation dictionary granted </action> 
 PARSED ACTION: emancipation dictionary granted
2026-01-18 20:41:34,661 - src.driver - INFO - You will be assigned a task. 
You will receive the actions you have available, followed by the action history. 
Your goal is to maximize the total reward across all 10 steps. We are on step 4. 

Task Assignment:
---
You are a farmer who owns 3 fields. Each action corresponds to planting your crop in a different field. Each field is associated with a Gaussian distribution with a fixed but unknown mean. At each time step, you will select a field and receive a reward drawn from the associated distribution. Your goal is to maximize your reward across all of your turns.
---

Available Actions:
---

- Field Name: emancipation dictionary granted 

- Field Name: deserving beeswax intercom 

- Field Name: delirium indifference exaggerated 

---
When selecting an action, include only the name of the action. Do not include the dashes used to indicate the list here.

History:
---


- {'state': {}, 'action_taken': 'emancipation dictionary granted', 'reward': 0.75}

- {'state': {}, 'action_taken': 'delirium indifference exaggerated', 'reward': 0.25}

- {'state': {}, 'action_taken': 'deserving beeswax intercom', 'reward': 0.5}

- {'state': {}, 'action_taken': 'emancipation dictionary granted', 'reward': 0.75}


---

Please select an action from the list of action options in order to maximize the reward for your task.
When selecting an action, put the exact name of the action between action tags like: <action> action_name </action>.

Your thinking budget is 150 tokens. If you exceed this limit, you will be forced to provide an immediate answer.
Your overall generation limit is 200 tokens.
2026-01-18 20:41:50,416 - src.driver - INFO - GENERATED CONTENT: <action>  emancipation dictionary granted </action> 
 PARSED ACTION: emancipation dictionary granted
2026-01-18 20:41:50,416 - src.driver - INFO - You will be assigned a task. 
You will receive the actions you have available, followed by the action history. 
Your goal is to maximize the total reward across all 10 steps. We are on step 5. 

Task Assignment:
---
You are a farmer who owns 3 fields. Each action corresponds to planting your crop in a different field. Each field is associated with a Gaussian distribution with a fixed but unknown mean. At each time step, you will select a field and receive a reward drawn from the associated distribution. Your goal is to maximize your reward across all of your turns.
---

Available Actions:
---

- Field Name: emancipation dictionary granted 

- Field Name: deserving beeswax intercom 

- Field Name: delirium indifference exaggerated 

---
When selecting an action, include only the name of the action. Do not include the dashes used to indicate the list here.

History:
---


- {'state': {}, 'action_taken': 'emancipation dictionary granted', 'reward': 0.75}

- {'state': {}, 'action_taken': 'delirium indifference exaggerated', 'reward': 0.25}

- {'state': {}, 'action_taken': 'deserving beeswax intercom', 'reward': 0.5}

- {'state': {}, 'action_taken': 'emancipation dictionary granted', 'reward': 0.75}

- {'state': {}, 'action_taken': 'emancipation dictionary granted', 'reward': 0.75}


---

Please select an action from the list of action options in order to maximize the reward for your task.
When selecting an action, put the exact name of the action between action tags like: <action> action_name </action>.

Your thinking budget is 150 tokens. If you exceed this limit, you will be forced to provide an immediate answer.
Your overall generation limit is 200 tokens.
2026-01-18 20:42:06,501 - src.driver - INFO - GENERATED CONTENT: <action>  emancipation dictionary granted </action> 
 PARSED ACTION: emancipation dictionary granted
2026-01-18 20:42:06,501 - src.driver - INFO - You will be assigned a task. 
You will receive the actions you have available, followed by the action history. 
Your goal is to maximize the total reward across all 10 steps. We are on step 6. 

Task Assignment:
---
You are a farmer who owns 3 fields. Each action corresponds to planting your crop in a different field. Each field is associated with a Gaussian distribution with a fixed but unknown mean. At each time step, you will select a field and receive a reward drawn from the associated distribution. Your goal is to maximize your reward across all of your turns.
---

Available Actions:
---

- Field Name: emancipation dictionary granted 

- Field Name: deserving beeswax intercom 

- Field Name: delirium indifference exaggerated 

---
When selecting an action, include only the name of the action. Do not include the dashes used to indicate the list here.

History:
---


- {'state': {}, 'action_taken': 'emancipation dictionary granted', 'reward': 0.75}

- {'state': {}, 'action_taken': 'delirium indifference exaggerated', 'reward': 0.25}

- {'state': {}, 'action_taken': 'deserving beeswax intercom', 'reward': 0.5}

- {'state': {}, 'action_taken': 'emancipation dictionary granted', 'reward': 0.75}

- {'state': {}, 'action_taken': 'emancipation dictionary granted', 'reward': 0.75}

- {'state': {}, 'action_taken': 'emancipation dictionary granted', 'reward': 0.75}


---

Please select an action from the list of action options in order to maximize the reward for your task.
When selecting an action, put the exact name of the action between action tags like: <action> action_name </action>.

Your thinking budget is 150 tokens. If you exceed this limit, you will be forced to provide an immediate answer.
Your overall generation limit is 200 tokens.
2026-01-18 20:42:22,686 - src.driver - INFO - GENERATED CONTENT: <action> delirium indifference exaggerated</action> 
 PARSED ACTION: delirium indifference exaggerated
2026-01-18 20:42:22,687 - src.driver - INFO - You will be assigned a task. 
You will receive the actions you have available, followed by the action history. 
Your goal is to maximize the total reward across all 10 steps. We are on step 7. 

Task Assignment:
---
You are a farmer who owns 3 fields. Each action corresponds to planting your crop in a different field. Each field is associated with a Gaussian distribution with a fixed but unknown mean. At each time step, you will select a field and receive a reward drawn from the associated distribution. Your goal is to maximize your reward across all of your turns.
---

Available Actions:
---

- Field Name: emancipation dictionary granted 

- Field Name: deserving beeswax intercom 

- Field Name: delirium indifference exaggerated 

---
When selecting an action, include only the name of the action. Do not include the dashes used to indicate the list here.

History:
---


- {'state': {}, 'action_taken': 'emancipation dictionary granted', 'reward': 0.75}

- {'state': {}, 'action_taken': 'delirium indifference exaggerated', 'reward': 0.25}

- {'state': {}, 'action_taken': 'deserving beeswax intercom', 'reward': 0.5}

- {'state': {}, 'action_taken': 'emancipation dictionary granted', 'reward': 0.75}

- {'state': {}, 'action_taken': 'emancipation dictionary granted', 'reward': 0.75}

- {'state': {}, 'action_taken': 'emancipation dictionary granted', 'reward': 0.75}

- {'state': {}, 'action_taken': 'delirium indifference exaggerated', 'reward': 0.25}


---

Please select an action from the list of action options in order to maximize the reward for your task.
When selecting an action, put the exact name of the action between action tags like: <action> action_name </action>.

Your thinking budget is 150 tokens. If you exceed this limit, you will be forced to provide an immediate answer.
Your overall generation limit is 200 tokens.
2026-01-18 20:42:39,166 - src.driver - INFO - GENERATED CONTENT: <action>  deserving beeswax intercom </action> 
 PARSED ACTION: deserving beeswax intercom
2026-01-18 20:42:39,167 - src.driver - INFO - You will be assigned a task. 
You will receive the actions you have available, followed by the action history. 
Your goal is to maximize the total reward across all 10 steps. We are on step 8. 

Task Assignment:
---
You are a farmer who owns 3 fields. Each action corresponds to planting your crop in a different field. Each field is associated with a Gaussian distribution with a fixed but unknown mean. At each time step, you will select a field and receive a reward drawn from the associated distribution. Your goal is to maximize your reward across all of your turns.
---

Available Actions:
---

- Field Name: emancipation dictionary granted 

- Field Name: deserving beeswax intercom 

- Field Name: delirium indifference exaggerated 

---
When selecting an action, include only the name of the action. Do not include the dashes used to indicate the list here.

History:
---


- {'state': {}, 'action_taken': 'emancipation dictionary granted', 'reward': 0.75}

- {'state': {}, 'action_taken': 'delirium indifference exaggerated', 'reward': 0.25}

- {'state': {}, 'action_taken': 'deserving beeswax intercom', 'reward': 0.5}

- {'state': {}, 'action_taken': 'emancipation dictionary granted', 'reward': 0.75}

- {'state': {}, 'action_taken': 'emancipation dictionary granted', 'reward': 0.75}

- {'state': {}, 'action_taken': 'emancipation dictionary granted', 'reward': 0.75}

- {'state': {}, 'action_taken': 'delirium indifference exaggerated', 'reward': 0.25}

- {'state': {}, 'action_taken': 'deserving beeswax intercom', 'reward': 0.5}


---

Please select an action from the list of action options in order to maximize the reward for your task.
When selecting an action, put the exact name of the action between action tags like: <action> action_name </action>.

Your thinking budget is 150 tokens. If you exceed this limit, you will be forced to provide an immediate answer.
Your overall generation limit is 200 tokens.
2026-01-18 20:42:55,815 - src.driver - INFO - GENERATED CONTENT: <action>  emancipation dictionary granted </action> 
 PARSED ACTION: emancipation dictionary granted
2026-01-18 20:42:55,816 - src.driver - INFO - You will be assigned a task. 
You will receive the actions you have available, followed by the action history. 
Your goal is to maximize the total reward across all 10 steps. We are on step 9. 

Task Assignment:
---
You are a farmer who owns 3 fields. Each action corresponds to planting your crop in a different field. Each field is associated with a Gaussian distribution with a fixed but unknown mean. At each time step, you will select a field and receive a reward drawn from the associated distribution. Your goal is to maximize your reward across all of your turns.
---

Available Actions:
---

- Field Name: emancipation dictionary granted 

- Field Name: deserving beeswax intercom 

- Field Name: delirium indifference exaggerated 

---
When selecting an action, include only the name of the action. Do not include the dashes used to indicate the list here.

History:
---


- {'state': {}, 'action_taken': 'emancipation dictionary granted', 'reward': 0.75}

- {'state': {}, 'action_taken': 'delirium indifference exaggerated', 'reward': 0.25}

- {'state': {}, 'action_taken': 'deserving beeswax intercom', 'reward': 0.5}

- {'state': {}, 'action_taken': 'emancipation dictionary granted', 'reward': 0.75}

- {'state': {}, 'action_taken': 'emancipation dictionary granted', 'reward': 0.75}

- {'state': {}, 'action_taken': 'emancipation dictionary granted', 'reward': 0.75}

- {'state': {}, 'action_taken': 'delirium indifference exaggerated', 'reward': 0.25}

- {'state': {}, 'action_taken': 'deserving beeswax intercom', 'reward': 0.5}

- {'state': {}, 'action_taken': 'emancipation dictionary granted', 'reward': 0.75}


---

Please select an action from the list of action options in order to maximize the reward for your task.
When selecting an action, put the exact name of the action between action tags like: <action> action_name </action>.

Your thinking budget is 150 tokens. If you exceed this limit, you will be forced to provide an immediate answer.
Your overall generation limit is 200 tokens.
2026-01-18 20:43:12,655 - src.driver - INFO - GENERATED CONTENT: <action>  emancipation dictionary granted </action> 
 PARSED ACTION: emancipation dictionary granted
