2026-01-24 14:44:41,851 - src.driver - INFO - You will be assigned a task. 
You will receive the actions you have available, followed by the action history. 
Your goal is to maximize the total reward across all 10 steps. We are on step 0. 

Task Assignment:
---
You are faced with a 3-armed bandit problem.  Each action corresponds to pulling a specific arm. Each arm is associated with a Gaussian distribution with a fixed but unknown mean. At each time step, you will select a field and receive a reward drawn from the associated distribution. Your goal is to select which arm to pull in order to maximize your reward across all of your turns.
---

Available Actions:
---

- Arm Name: Intermediate Reward - This action has been selected 0 time(s) for an observed mean of Unknown

- Arm Name: Lowest Reward - This action has been selected 0 time(s) for an observed mean of Unknown

- Arm Name: Highest Reward - This action has been selected 0 time(s) for an observed mean of Unknown

---
When selecting an action, include only the name of the action. Do not include the dashes used to indicate the list here.

Please select an action from the list of action options in order to maximize the reward for your task.
When selecting an action, put the exact name of the action between action tags like: <action> action_name </action>.

Your thinking budget is 150 tokens. If you exceed this limit, you will be forced to provide an immediate answer.
Your overall generation limit is 200 tokens.
2026-01-24 14:44:56,700 - src.driver - INFO - GENERATED CONTENT: <action>  Highest Reward </action> 
 PARSED ACTION: Highest Reward
2026-01-24 14:44:56,700 - src.driver - INFO - You will be assigned a task. 
You will receive the actions you have available, followed by the action history. 
Your goal is to maximize the total reward across all 10 steps. We are on step 1. 

Task Assignment:
---
You are faced with a 3-armed bandit problem.  Each action corresponds to pulling a specific arm. Each arm is associated with a Gaussian distribution with a fixed but unknown mean. At each time step, you will select a field and receive a reward drawn from the associated distribution. Your goal is to select which arm to pull in order to maximize your reward across all of your turns.
---

Available Actions:
---

- Arm Name: Intermediate Reward - This action has been selected 0 time(s) for an observed mean of Unknown

- Arm Name: Lowest Reward - This action has been selected 0 time(s) for an observed mean of Unknown

- Arm Name: Highest Reward - This action has been selected 1 time(s) for an observed mean of 20.99927323721114

---
When selecting an action, include only the name of the action. Do not include the dashes used to indicate the list here.

Please select an action from the list of action options in order to maximize the reward for your task.
When selecting an action, put the exact name of the action between action tags like: <action> action_name </action>.

Your thinking budget is 150 tokens. If you exceed this limit, you will be forced to provide an immediate answer.
Your overall generation limit is 200 tokens.
2026-01-24 14:45:11,769 - src.driver - INFO - GENERATED CONTENT: <action>  Highest Reward </action> 
 PARSED ACTION: Highest Reward
2026-01-24 14:45:11,769 - src.driver - INFO - You will be assigned a task. 
You will receive the actions you have available, followed by the action history. 
Your goal is to maximize the total reward across all 10 steps. We are on step 2. 

Task Assignment:
---
You are faced with a 3-armed bandit problem.  Each action corresponds to pulling a specific arm. Each arm is associated with a Gaussian distribution with a fixed but unknown mean. At each time step, you will select a field and receive a reward drawn from the associated distribution. Your goal is to select which arm to pull in order to maximize your reward across all of your turns.
---

Available Actions:
---

- Arm Name: Intermediate Reward - This action has been selected 0 time(s) for an observed mean of Unknown

- Arm Name: Lowest Reward - This action has been selected 0 time(s) for an observed mean of Unknown

- Arm Name: Highest Reward - This action has been selected 2 time(s) for an observed mean of 20.7876929272214

---
When selecting an action, include only the name of the action. Do not include the dashes used to indicate the list here.

Please select an action from the list of action options in order to maximize the reward for your task.
When selecting an action, put the exact name of the action between action tags like: <action> action_name </action>.

Your thinking budget is 150 tokens. If you exceed this limit, you will be forced to provide an immediate answer.
Your overall generation limit is 200 tokens.
2026-01-24 14:45:26,802 - src.driver - INFO - GENERATED CONTENT: <action>  Highest Reward </action> 
 PARSED ACTION: Highest Reward
2026-01-24 14:45:26,802 - src.driver - INFO - You will be assigned a task. 
You will receive the actions you have available, followed by the action history. 
Your goal is to maximize the total reward across all 10 steps. We are on step 3. 

Task Assignment:
---
You are faced with a 3-armed bandit problem.  Each action corresponds to pulling a specific arm. Each arm is associated with a Gaussian distribution with a fixed but unknown mean. At each time step, you will select a field and receive a reward drawn from the associated distribution. Your goal is to select which arm to pull in order to maximize your reward across all of your turns.
---

Available Actions:
---

- Arm Name: Intermediate Reward - This action has been selected 0 time(s) for an observed mean of Unknown

- Arm Name: Lowest Reward - This action has been selected 0 time(s) for an observed mean of Unknown

- Arm Name: Highest Reward - This action has been selected 3 time(s) for an observed mean of 20.995743859188995

---
When selecting an action, include only the name of the action. Do not include the dashes used to indicate the list here.

Please select an action from the list of action options in order to maximize the reward for your task.
When selecting an action, put the exact name of the action between action tags like: <action> action_name </action>.

Your thinking budget is 150 tokens. If you exceed this limit, you will be forced to provide an immediate answer.
Your overall generation limit is 200 tokens.
2026-01-24 14:45:41,819 - src.driver - INFO - GENERATED CONTENT: <action>  Highest Reward </action> 
 PARSED ACTION: Highest Reward
2026-01-24 14:45:41,820 - src.driver - INFO - You will be assigned a task. 
You will receive the actions you have available, followed by the action history. 
Your goal is to maximize the total reward across all 10 steps. We are on step 4. 

Task Assignment:
---
You are faced with a 3-armed bandit problem.  Each action corresponds to pulling a specific arm. Each arm is associated with a Gaussian distribution with a fixed but unknown mean. At each time step, you will select a field and receive a reward drawn from the associated distribution. Your goal is to select which arm to pull in order to maximize your reward across all of your turns.
---

Available Actions:
---

- Arm Name: Intermediate Reward - This action has been selected 0 time(s) for an observed mean of Unknown

- Arm Name: Lowest Reward - This action has been selected 0 time(s) for an observed mean of Unknown

- Arm Name: Highest Reward - This action has been selected 4 time(s) for an observed mean of 24.014478614419634

---
When selecting an action, include only the name of the action. Do not include the dashes used to indicate the list here.

Please select an action from the list of action options in order to maximize the reward for your task.
When selecting an action, put the exact name of the action between action tags like: <action> action_name </action>.

Your thinking budget is 150 tokens. If you exceed this limit, you will be forced to provide an immediate answer.
Your overall generation limit is 200 tokens.
2026-01-24 14:45:56,874 - src.driver - INFO - GENERATED CONTENT: <action>  Highest Reward </action> 
 PARSED ACTION: Highest Reward
2026-01-24 14:45:56,874 - src.driver - INFO - You will be assigned a task. 
You will receive the actions you have available, followed by the action history. 
Your goal is to maximize the total reward across all 10 steps. We are on step 5. 

Task Assignment:
---
You are faced with a 3-armed bandit problem.  Each action corresponds to pulling a specific arm. Each arm is associated with a Gaussian distribution with a fixed but unknown mean. At each time step, you will select a field and receive a reward drawn from the associated distribution. Your goal is to select which arm to pull in order to maximize your reward across all of your turns.
---

Available Actions:
---

- Arm Name: Intermediate Reward - This action has been selected 0 time(s) for an observed mean of Unknown

- Arm Name: Lowest Reward - This action has been selected 0 time(s) for an observed mean of Unknown

- Arm Name: Highest Reward - This action has been selected 5 time(s) for an observed mean of 25.15345633881816

---
When selecting an action, include only the name of the action. Do not include the dashes used to indicate the list here.

Please select an action from the list of action options in order to maximize the reward for your task.
When selecting an action, put the exact name of the action between action tags like: <action> action_name </action>.

Your thinking budget is 150 tokens. If you exceed this limit, you will be forced to provide an immediate answer.
Your overall generation limit is 200 tokens.
2026-01-24 14:46:11,879 - src.driver - INFO - GENERATED CONTENT: <action>  Highest Reward </action> 
 PARSED ACTION: Highest Reward
2026-01-24 14:46:11,880 - src.driver - INFO - You will be assigned a task. 
You will receive the actions you have available, followed by the action history. 
Your goal is to maximize the total reward across all 10 steps. We are on step 6. 

Task Assignment:
---
You are faced with a 3-armed bandit problem.  Each action corresponds to pulling a specific arm. Each arm is associated with a Gaussian distribution with a fixed but unknown mean. At each time step, you will select a field and receive a reward drawn from the associated distribution. Your goal is to select which arm to pull in order to maximize your reward across all of your turns.
---

Available Actions:
---

- Arm Name: Intermediate Reward - This action has been selected 0 time(s) for an observed mean of Unknown

- Arm Name: Lowest Reward - This action has been selected 0 time(s) for an observed mean of Unknown

- Arm Name: Highest Reward - This action has been selected 6 time(s) for an observed mean of 25.832954521901268

---
When selecting an action, include only the name of the action. Do not include the dashes used to indicate the list here.

Please select an action from the list of action options in order to maximize the reward for your task.
When selecting an action, put the exact name of the action between action tags like: <action> action_name </action>.

Your thinking budget is 150 tokens. If you exceed this limit, you will be forced to provide an immediate answer.
Your overall generation limit is 200 tokens.
2026-01-24 14:46:26,923 - src.driver - INFO - GENERATED CONTENT: <action>  Highest Reward </action> 
 PARSED ACTION: Highest Reward
2026-01-24 14:46:26,923 - src.driver - INFO - You will be assigned a task. 
You will receive the actions you have available, followed by the action history. 
Your goal is to maximize the total reward across all 10 steps. We are on step 7. 

Task Assignment:
---
You are faced with a 3-armed bandit problem.  Each action corresponds to pulling a specific arm. Each arm is associated with a Gaussian distribution with a fixed but unknown mean. At each time step, you will select a field and receive a reward drawn from the associated distribution. Your goal is to select which arm to pull in order to maximize your reward across all of your turns.
---

Available Actions:
---

- Arm Name: Intermediate Reward - This action has been selected 0 time(s) for an observed mean of Unknown

- Arm Name: Lowest Reward - This action has been selected 0 time(s) for an observed mean of Unknown

- Arm Name: Highest Reward - This action has been selected 7 time(s) for an observed mean of 24.2495360326987

---
When selecting an action, include only the name of the action. Do not include the dashes used to indicate the list here.

Please select an action from the list of action options in order to maximize the reward for your task.
When selecting an action, put the exact name of the action between action tags like: <action> action_name </action>.

Your thinking budget is 150 tokens. If you exceed this limit, you will be forced to provide an immediate answer.
Your overall generation limit is 200 tokens.
2026-01-24 14:46:41,956 - src.driver - INFO - GENERATED CONTENT: <action>  Highest Reward </action> 
 PARSED ACTION: Highest Reward
2026-01-24 14:46:41,956 - src.driver - INFO - You will be assigned a task. 
You will receive the actions you have available, followed by the action history. 
Your goal is to maximize the total reward across all 10 steps. We are on step 8. 

Task Assignment:
---
You are faced with a 3-armed bandit problem.  Each action corresponds to pulling a specific arm. Each arm is associated with a Gaussian distribution with a fixed but unknown mean. At each time step, you will select a field and receive a reward drawn from the associated distribution. Your goal is to select which arm to pull in order to maximize your reward across all of your turns.
---

Available Actions:
---

- Arm Name: Intermediate Reward - This action has been selected 0 time(s) for an observed mean of Unknown

- Arm Name: Lowest Reward - This action has been selected 0 time(s) for an observed mean of Unknown

- Arm Name: Highest Reward - This action has been selected 8 time(s) for an observed mean of 24.56294086378683

---
When selecting an action, include only the name of the action. Do not include the dashes used to indicate the list here.

Please select an action from the list of action options in order to maximize the reward for your task.
When selecting an action, put the exact name of the action between action tags like: <action> action_name </action>.

Your thinking budget is 150 tokens. If you exceed this limit, you will be forced to provide an immediate answer.
Your overall generation limit is 200 tokens.
2026-01-24 14:46:57,062 - src.driver - INFO - GENERATED CONTENT: <action>  Highest Reward </action> 
 PARSED ACTION: Highest Reward
2026-01-24 14:46:57,063 - src.driver - INFO - You will be assigned a task. 
You will receive the actions you have available, followed by the action history. 
Your goal is to maximize the total reward across all 10 steps. We are on step 9. 

Task Assignment:
---
You are faced with a 3-armed bandit problem.  Each action corresponds to pulling a specific arm. Each arm is associated with a Gaussian distribution with a fixed but unknown mean. At each time step, you will select a field and receive a reward drawn from the associated distribution. Your goal is to select which arm to pull in order to maximize your reward across all of your turns.
---

Available Actions:
---

- Arm Name: Intermediate Reward - This action has been selected 0 time(s) for an observed mean of Unknown

- Arm Name: Lowest Reward - This action has been selected 0 time(s) for an observed mean of Unknown

- Arm Name: Highest Reward - This action has been selected 9 time(s) for an observed mean of 24.566631305956776

---
When selecting an action, include only the name of the action. Do not include the dashes used to indicate the list here.

Please select an action from the list of action options in order to maximize the reward for your task.
When selecting an action, put the exact name of the action between action tags like: <action> action_name </action>.

Your thinking budget is 150 tokens. If you exceed this limit, you will be forced to provide an immediate answer.
Your overall generation limit is 200 tokens.
2026-01-24 14:47:12,127 - src.driver - INFO - GENERATED CONTENT: <action>  Highest Reward </action> 
 PARSED ACTION: Highest Reward
2026-01-24 14:47:12,143 - src.driver - INFO - You will be assigned a task. 
You will receive the actions you have available, followed by the action history. 
Your goal is to maximize the total reward across all 10 steps. We are on step 0. 

Task Assignment:
---
You are faced with a 3-armed bandit problem.  Each action corresponds to pulling a specific arm. Each arm is associated with a Gaussian distribution with a fixed but unknown mean. At each time step, you will select a field and receive a reward drawn from the associated distribution. Your goal is to select which arm to pull in order to maximize your reward across all of your turns.
---

Available Actions:
---

- Arm Name: Lowest Reward - This action has been selected 0 time(s) for an observed mean of Unknown

- Arm Name: Highest Reward - This action has been selected 0 time(s) for an observed mean of Unknown

- Arm Name: Intermediate Reward - This action has been selected 0 time(s) for an observed mean of Unknown

---
When selecting an action, include only the name of the action. Do not include the dashes used to indicate the list here.

Please select an action from the list of action options in order to maximize the reward for your task.
When selecting an action, put the exact name of the action between action tags like: <action> action_name </action>.

Your thinking budget is 150 tokens. If you exceed this limit, you will be forced to provide an immediate answer.
Your overall generation limit is 200 tokens.
2026-01-24 14:47:26,984 - src.driver - INFO - GENERATED CONTENT: <action>  Lowest Reward </action> 
 PARSED ACTION: Lowest Reward
2026-01-24 14:47:26,985 - src.driver - INFO - You will be assigned a task. 
You will receive the actions you have available, followed by the action history. 
Your goal is to maximize the total reward across all 10 steps. We are on step 1. 

Task Assignment:
---
You are faced with a 3-armed bandit problem.  Each action corresponds to pulling a specific arm. Each arm is associated with a Gaussian distribution with a fixed but unknown mean. At each time step, you will select a field and receive a reward drawn from the associated distribution. Your goal is to select which arm to pull in order to maximize your reward across all of your turns.
---

Available Actions:
---

- Arm Name: Lowest Reward - This action has been selected 1 time(s) for an observed mean of 87.33221148000253

- Arm Name: Highest Reward - This action has been selected 0 time(s) for an observed mean of Unknown

- Arm Name: Intermediate Reward - This action has been selected 0 time(s) for an observed mean of Unknown

---
When selecting an action, include only the name of the action. Do not include the dashes used to indicate the list here.

Please select an action from the list of action options in order to maximize the reward for your task.
When selecting an action, put the exact name of the action between action tags like: <action> action_name </action>.

Your thinking budget is 150 tokens. If you exceed this limit, you will be forced to provide an immediate answer.
Your overall generation limit is 200 tokens.
2026-01-24 14:47:41,937 - src.driver - INFO - GENERATED CONTENT: <action>  Highest Reward </action> 
 PARSED ACTION: Highest Reward
2026-01-24 14:47:41,938 - src.driver - INFO - You will be assigned a task. 
You will receive the actions you have available, followed by the action history. 
Your goal is to maximize the total reward across all 10 steps. We are on step 2. 

Task Assignment:
---
You are faced with a 3-armed bandit problem.  Each action corresponds to pulling a specific arm. Each arm is associated with a Gaussian distribution with a fixed but unknown mean. At each time step, you will select a field and receive a reward drawn from the associated distribution. Your goal is to select which arm to pull in order to maximize your reward across all of your turns.
---

Available Actions:
---

- Arm Name: Lowest Reward - This action has been selected 1 time(s) for an observed mean of 87.33221148000253

- Arm Name: Highest Reward - This action has been selected 1 time(s) for an observed mean of 18.1991679408303

- Arm Name: Intermediate Reward - This action has been selected 0 time(s) for an observed mean of Unknown

---
When selecting an action, include only the name of the action. Do not include the dashes used to indicate the list here.

Please select an action from the list of action options in order to maximize the reward for your task.
When selecting an action, put the exact name of the action between action tags like: <action> action_name </action>.

Your thinking budget is 150 tokens. If you exceed this limit, you will be forced to provide an immediate answer.
Your overall generation limit is 200 tokens.
2026-01-24 14:47:56,944 - src.driver - INFO - GENERATED CONTENT: <action> Intermediate Reward</action> 
 PARSED ACTION: Intermediate Reward
2026-01-24 14:47:56,945 - src.driver - INFO - You will be assigned a task. 
You will receive the actions you have available, followed by the action history. 
Your goal is to maximize the total reward across all 10 steps. We are on step 3. 

Task Assignment:
---
You are faced with a 3-armed bandit problem.  Each action corresponds to pulling a specific arm. Each arm is associated with a Gaussian distribution with a fixed but unknown mean. At each time step, you will select a field and receive a reward drawn from the associated distribution. Your goal is to select which arm to pull in order to maximize your reward across all of your turns.
---

Available Actions:
---

- Arm Name: Lowest Reward - This action has been selected 1 time(s) for an observed mean of 87.33221148000253

- Arm Name: Highest Reward - This action has been selected 1 time(s) for an observed mean of 18.1991679408303

- Arm Name: Intermediate Reward - This action has been selected 1 time(s) for an observed mean of 44.73296301077852

---
When selecting an action, include only the name of the action. Do not include the dashes used to indicate the list here.

Please select an action from the list of action options in order to maximize the reward for your task.
When selecting an action, put the exact name of the action between action tags like: <action> action_name </action>.

Your thinking budget is 150 tokens. If you exceed this limit, you will be forced to provide an immediate answer.
Your overall generation limit is 200 tokens.
2026-01-24 14:48:12,099 - src.driver - INFO - GENERATED CONTENT: <action> Lowest Reward</action> 
 PARSED ACTION: Lowest Reward
2026-01-24 14:48:12,100 - src.driver - INFO - You will be assigned a task. 
You will receive the actions you have available, followed by the action history. 
Your goal is to maximize the total reward across all 10 steps. We are on step 4. 

Task Assignment:
---
You are faced with a 3-armed bandit problem.  Each action corresponds to pulling a specific arm. Each arm is associated with a Gaussian distribution with a fixed but unknown mean. At each time step, you will select a field and receive a reward drawn from the associated distribution. Your goal is to select which arm to pull in order to maximize your reward across all of your turns.
---

Available Actions:
---

- Arm Name: Lowest Reward - This action has been selected 2 time(s) for an observed mean of 84.91521362026418

- Arm Name: Highest Reward - This action has been selected 1 time(s) for an observed mean of 18.1991679408303

- Arm Name: Intermediate Reward - This action has been selected 1 time(s) for an observed mean of 44.73296301077852

---
When selecting an action, include only the name of the action. Do not include the dashes used to indicate the list here.

Please select an action from the list of action options in order to maximize the reward for your task.
When selecting an action, put the exact name of the action between action tags like: <action> action_name </action>.

Your thinking budget is 150 tokens. If you exceed this limit, you will be forced to provide an immediate answer.
Your overall generation limit is 200 tokens.
2026-01-24 14:48:27,297 - src.driver - INFO - GENERATED CONTENT: <action> Lowest Reward</action> 
 PARSED ACTION: Lowest Reward
2026-01-24 14:48:27,297 - src.driver - INFO - You will be assigned a task. 
You will receive the actions you have available, followed by the action history. 
Your goal is to maximize the total reward across all 10 steps. We are on step 5. 

Task Assignment:
---
You are faced with a 3-armed bandit problem.  Each action corresponds to pulling a specific arm. Each arm is associated with a Gaussian distribution with a fixed but unknown mean. At each time step, you will select a field and receive a reward drawn from the associated distribution. Your goal is to select which arm to pull in order to maximize your reward across all of your turns.
---

Available Actions:
---

- Arm Name: Lowest Reward - This action has been selected 3 time(s) for an observed mean of 85.63042410194596

- Arm Name: Highest Reward - This action has been selected 1 time(s) for an observed mean of 18.1991679408303

- Arm Name: Intermediate Reward - This action has been selected 1 time(s) for an observed mean of 44.73296301077852

---
When selecting an action, include only the name of the action. Do not include the dashes used to indicate the list here.

Please select an action from the list of action options in order to maximize the reward for your task.
When selecting an action, put the exact name of the action between action tags like: <action> action_name </action>.

Your thinking budget is 150 tokens. If you exceed this limit, you will be forced to provide an immediate answer.
Your overall generation limit is 200 tokens.
2026-01-24 14:48:42,524 - src.driver - INFO - GENERATED CONTENT: <action> Lowest Reward</action> 
 PARSED ACTION: Lowest Reward
2026-01-24 14:48:42,525 - src.driver - INFO - You will be assigned a task. 
You will receive the actions you have available, followed by the action history. 
Your goal is to maximize the total reward across all 10 steps. We are on step 6. 

Task Assignment:
---
You are faced with a 3-armed bandit problem.  Each action corresponds to pulling a specific arm. Each arm is associated with a Gaussian distribution with a fixed but unknown mean. At each time step, you will select a field and receive a reward drawn from the associated distribution. Your goal is to select which arm to pull in order to maximize your reward across all of your turns.
---

Available Actions:
---

- Arm Name: Lowest Reward - This action has been selected 4 time(s) for an observed mean of 83.05623698893854

- Arm Name: Highest Reward - This action has been selected 1 time(s) for an observed mean of 18.1991679408303

- Arm Name: Intermediate Reward - This action has been selected 1 time(s) for an observed mean of 44.73296301077852

---
When selecting an action, include only the name of the action. Do not include the dashes used to indicate the list here.

Please select an action from the list of action options in order to maximize the reward for your task.
When selecting an action, put the exact name of the action between action tags like: <action> action_name </action>.

Your thinking budget is 150 tokens. If you exceed this limit, you will be forced to provide an immediate answer.
Your overall generation limit is 200 tokens.
2026-01-24 14:48:57,699 - src.driver - INFO - GENERATED CONTENT: <action> Lowest Reward</action> 
 PARSED ACTION: Lowest Reward
2026-01-24 14:48:57,700 - src.driver - INFO - You will be assigned a task. 
You will receive the actions you have available, followed by the action history. 
Your goal is to maximize the total reward across all 10 steps. We are on step 7. 

Task Assignment:
---
You are faced with a 3-armed bandit problem.  Each action corresponds to pulling a specific arm. Each arm is associated with a Gaussian distribution with a fixed but unknown mean. At each time step, you will select a field and receive a reward drawn from the associated distribution. Your goal is to select which arm to pull in order to maximize your reward across all of your turns.
---

Available Actions:
---

- Arm Name: Lowest Reward - This action has been selected 5 time(s) for an observed mean of 80.67141287743883

- Arm Name: Highest Reward - This action has been selected 1 time(s) for an observed mean of 18.1991679408303

- Arm Name: Intermediate Reward - This action has been selected 1 time(s) for an observed mean of 44.73296301077852

---
When selecting an action, include only the name of the action. Do not include the dashes used to indicate the list here.

Please select an action from the list of action options in order to maximize the reward for your task.
When selecting an action, put the exact name of the action between action tags like: <action> action_name </action>.

Your thinking budget is 150 tokens. If you exceed this limit, you will be forced to provide an immediate answer.
Your overall generation limit is 200 tokens.
2026-01-24 14:49:12,916 - src.driver - INFO - GENERATED CONTENT: <action> Lowest Reward</action> 
 PARSED ACTION: Lowest Reward
2026-01-24 14:49:12,917 - src.driver - INFO - You will be assigned a task. 
You will receive the actions you have available, followed by the action history. 
Your goal is to maximize the total reward across all 10 steps. We are on step 8. 

Task Assignment:
---
You are faced with a 3-armed bandit problem.  Each action corresponds to pulling a specific arm. Each arm is associated with a Gaussian distribution with a fixed but unknown mean. At each time step, you will select a field and receive a reward drawn from the associated distribution. Your goal is to select which arm to pull in order to maximize your reward across all of your turns.
---

Available Actions:
---

- Arm Name: Lowest Reward - This action has been selected 6 time(s) for an observed mean of 81.06994480588905

- Arm Name: Highest Reward - This action has been selected 1 time(s) for an observed mean of 18.1991679408303

- Arm Name: Intermediate Reward - This action has been selected 1 time(s) for an observed mean of 44.73296301077852

---
When selecting an action, include only the name of the action. Do not include the dashes used to indicate the list here.

Please select an action from the list of action options in order to maximize the reward for your task.
When selecting an action, put the exact name of the action between action tags like: <action> action_name </action>.

Your thinking budget is 150 tokens. If you exceed this limit, you will be forced to provide an immediate answer.
Your overall generation limit is 200 tokens.
2026-01-24 14:49:28,083 - src.driver - INFO - GENERATED CONTENT: <action> Lowest Reward</action> 
 PARSED ACTION: Lowest Reward
2026-01-24 14:49:28,084 - src.driver - INFO - You will be assigned a task. 
You will receive the actions you have available, followed by the action history. 
Your goal is to maximize the total reward across all 10 steps. We are on step 9. 

Task Assignment:
---
You are faced with a 3-armed bandit problem.  Each action corresponds to pulling a specific arm. Each arm is associated with a Gaussian distribution with a fixed but unknown mean. At each time step, you will select a field and receive a reward drawn from the associated distribution. Your goal is to select which arm to pull in order to maximize your reward across all of your turns.
---

Available Actions:
---

- Arm Name: Lowest Reward - This action has been selected 7 time(s) for an observed mean of 79.303985574912

- Arm Name: Highest Reward - This action has been selected 1 time(s) for an observed mean of 18.1991679408303

- Arm Name: Intermediate Reward - This action has been selected 1 time(s) for an observed mean of 44.73296301077852

---
When selecting an action, include only the name of the action. Do not include the dashes used to indicate the list here.

Please select an action from the list of action options in order to maximize the reward for your task.
When selecting an action, put the exact name of the action between action tags like: <action> action_name </action>.

Your thinking budget is 150 tokens. If you exceed this limit, you will be forced to provide an immediate answer.
Your overall generation limit is 200 tokens.
2026-01-24 14:49:43,179 - src.driver - INFO - GENERATED CONTENT: <action> Lowest Reward</action> 
 PARSED ACTION: Lowest Reward
2026-01-24 14:49:43,195 - src.driver - INFO - You will be assigned a task. 
You will receive the actions you have available, followed by the action history. 
Your goal is to maximize the total reward across all 10 steps. We are on step 0. 

Task Assignment:
---
You are faced with a 3-armed bandit problem.  Each action corresponds to pulling a specific arm. Each arm is associated with a Gaussian distribution with a fixed but unknown mean. At each time step, you will select a field and receive a reward drawn from the associated distribution. Your goal is to select which arm to pull in order to maximize your reward across all of your turns.
---

Available Actions:
---

- Arm Name: Lowest Reward - This action has been selected 0 time(s) for an observed mean of Unknown

- Arm Name: Highest Reward - This action has been selected 0 time(s) for an observed mean of Unknown

- Arm Name: Intermediate Reward - This action has been selected 0 time(s) for an observed mean of Unknown

---
When selecting an action, include only the name of the action. Do not include the dashes used to indicate the list here.

Please select an action from the list of action options in order to maximize the reward for your task.
When selecting an action, put the exact name of the action between action tags like: <action> action_name </action>.

Your thinking budget is 150 tokens. If you exceed this limit, you will be forced to provide an immediate answer.
Your overall generation limit is 200 tokens.
2026-01-24 14:49:57,934 - src.driver - INFO - GENERATED CONTENT: <action> Intermediate Reward</action> 
 PARSED ACTION: Intermediate Reward
2026-01-24 14:49:57,935 - src.driver - INFO - You will be assigned a task. 
You will receive the actions you have available, followed by the action history. 
Your goal is to maximize the total reward across all 10 steps. We are on step 1. 

Task Assignment:
---
You are faced with a 3-armed bandit problem.  Each action corresponds to pulling a specific arm. Each arm is associated with a Gaussian distribution with a fixed but unknown mean. At each time step, you will select a field and receive a reward drawn from the associated distribution. Your goal is to select which arm to pull in order to maximize your reward across all of your turns.
---

Available Actions:
---

- Arm Name: Lowest Reward - This action has been selected 0 time(s) for an observed mean of Unknown

- Arm Name: Highest Reward - This action has been selected 0 time(s) for an observed mean of Unknown

- Arm Name: Intermediate Reward - This action has been selected 1 time(s) for an observed mean of 55.782014145267674

---
When selecting an action, include only the name of the action. Do not include the dashes used to indicate the list here.

Please select an action from the list of action options in order to maximize the reward for your task.
When selecting an action, put the exact name of the action between action tags like: <action> action_name </action>.

Your thinking budget is 150 tokens. If you exceed this limit, you will be forced to provide an immediate answer.
Your overall generation limit is 200 tokens.
2026-01-24 14:50:12,996 - src.driver - INFO - GENERATED CONTENT: <action> Intermediate Reward</action> 
 PARSED ACTION: Intermediate Reward
2026-01-24 14:50:12,997 - src.driver - INFO - You will be assigned a task. 
You will receive the actions you have available, followed by the action history. 
Your goal is to maximize the total reward across all 10 steps. We are on step 2. 

Task Assignment:
---
You are faced with a 3-armed bandit problem.  Each action corresponds to pulling a specific arm. Each arm is associated with a Gaussian distribution with a fixed but unknown mean. At each time step, you will select a field and receive a reward drawn from the associated distribution. Your goal is to select which arm to pull in order to maximize your reward across all of your turns.
---

Available Actions:
---

- Arm Name: Lowest Reward - This action has been selected 0 time(s) for an observed mean of Unknown

- Arm Name: Highest Reward - This action has been selected 0 time(s) for an observed mean of Unknown

- Arm Name: Intermediate Reward - This action has been selected 2 time(s) for an observed mean of 48.92715726206535

---
When selecting an action, include only the name of the action. Do not include the dashes used to indicate the list here.

Please select an action from the list of action options in order to maximize the reward for your task.
When selecting an action, put the exact name of the action between action tags like: <action> action_name </action>.

Your thinking budget is 150 tokens. If you exceed this limit, you will be forced to provide an immediate answer.
Your overall generation limit is 200 tokens.
2026-01-24 14:50:28,029 - src.driver - INFO - GENERATED CONTENT: <action>  Highest Reward </action> 
 PARSED ACTION: Highest Reward
2026-01-24 14:50:28,029 - src.driver - INFO - You will be assigned a task. 
You will receive the actions you have available, followed by the action history. 
Your goal is to maximize the total reward across all 10 steps. We are on step 3. 

Task Assignment:
---
You are faced with a 3-armed bandit problem.  Each action corresponds to pulling a specific arm. Each arm is associated with a Gaussian distribution with a fixed but unknown mean. At each time step, you will select a field and receive a reward drawn from the associated distribution. Your goal is to select which arm to pull in order to maximize your reward across all of your turns.
---

Available Actions:
---

- Arm Name: Lowest Reward - This action has been selected 0 time(s) for an observed mean of Unknown

- Arm Name: Highest Reward - This action has been selected 1 time(s) for an observed mean of 21.682372979167532

- Arm Name: Intermediate Reward - This action has been selected 2 time(s) for an observed mean of 48.92715726206535

---
When selecting an action, include only the name of the action. Do not include the dashes used to indicate the list here.

Please select an action from the list of action options in order to maximize the reward for your task.
When selecting an action, put the exact name of the action between action tags like: <action> action_name </action>.

Your thinking budget is 150 tokens. If you exceed this limit, you will be forced to provide an immediate answer.
Your overall generation limit is 200 tokens.
2026-01-24 14:50:43,137 - src.driver - INFO - GENERATED CONTENT: <action> Intermediate Reward</action> 
 PARSED ACTION: Intermediate Reward
2026-01-24 14:50:43,138 - src.driver - INFO - You will be assigned a task. 
You will receive the actions you have available, followed by the action history. 
Your goal is to maximize the total reward across all 10 steps. We are on step 4. 

Task Assignment:
---
You are faced with a 3-armed bandit problem.  Each action corresponds to pulling a specific arm. Each arm is associated with a Gaussian distribution with a fixed but unknown mean. At each time step, you will select a field and receive a reward drawn from the associated distribution. Your goal is to select which arm to pull in order to maximize your reward across all of your turns.
---

Available Actions:
---

- Arm Name: Lowest Reward - This action has been selected 0 time(s) for an observed mean of Unknown

- Arm Name: Highest Reward - This action has been selected 1 time(s) for an observed mean of 21.682372979167532

- Arm Name: Intermediate Reward - This action has been selected 3 time(s) for an observed mean of 51.844656691749634

---
When selecting an action, include only the name of the action. Do not include the dashes used to indicate the list here.

Please select an action from the list of action options in order to maximize the reward for your task.
When selecting an action, put the exact name of the action between action tags like: <action> action_name </action>.

Your thinking budget is 150 tokens. If you exceed this limit, you will be forced to provide an immediate answer.
Your overall generation limit is 200 tokens.
2026-01-24 14:50:58,307 - src.driver - INFO - GENERATED CONTENT: <action> Intermediate Reward</action> 
 PARSED ACTION: Intermediate Reward
2026-01-24 14:50:58,308 - src.driver - INFO - You will be assigned a task. 
You will receive the actions you have available, followed by the action history. 
Your goal is to maximize the total reward across all 10 steps. We are on step 5. 

Task Assignment:
---
You are faced with a 3-armed bandit problem.  Each action corresponds to pulling a specific arm. Each arm is associated with a Gaussian distribution with a fixed but unknown mean. At each time step, you will select a field and receive a reward drawn from the associated distribution. Your goal is to select which arm to pull in order to maximize your reward across all of your turns.
---

Available Actions:
---

- Arm Name: Lowest Reward - This action has been selected 0 time(s) for an observed mean of Unknown

- Arm Name: Highest Reward - This action has been selected 1 time(s) for an observed mean of 21.682372979167532

- Arm Name: Intermediate Reward - This action has been selected 4 time(s) for an observed mean of 47.75835137872935

---
When selecting an action, include only the name of the action. Do not include the dashes used to indicate the list here.

Please select an action from the list of action options in order to maximize the reward for your task.
When selecting an action, put the exact name of the action between action tags like: <action> action_name </action>.

Your thinking budget is 150 tokens. If you exceed this limit, you will be forced to provide an immediate answer.
Your overall generation limit is 200 tokens.
2026-01-24 14:51:13,445 - src.driver - INFO - GENERATED CONTENT: <action> Intermediate Reward</action> 
 PARSED ACTION: Intermediate Reward
2026-01-24 14:51:13,445 - src.driver - INFO - You will be assigned a task. 
You will receive the actions you have available, followed by the action history. 
Your goal is to maximize the total reward across all 10 steps. We are on step 6. 

Task Assignment:
---
You are faced with a 3-armed bandit problem.  Each action corresponds to pulling a specific arm. Each arm is associated with a Gaussian distribution with a fixed but unknown mean. At each time step, you will select a field and receive a reward drawn from the associated distribution. Your goal is to select which arm to pull in order to maximize your reward across all of your turns.
---

Available Actions:
---

- Arm Name: Lowest Reward - This action has been selected 0 time(s) for an observed mean of Unknown

- Arm Name: Highest Reward - This action has been selected 1 time(s) for an observed mean of 21.682372979167532

- Arm Name: Intermediate Reward - This action has been selected 5 time(s) for an observed mean of 47.887712019690206

---
When selecting an action, include only the name of the action. Do not include the dashes used to indicate the list here.

Please select an action from the list of action options in order to maximize the reward for your task.
When selecting an action, put the exact name of the action between action tags like: <action> action_name </action>.

Your thinking budget is 150 tokens. If you exceed this limit, you will be forced to provide an immediate answer.
Your overall generation limit is 200 tokens.
2026-01-24 14:51:28,502 - src.driver - INFO - GENERATED CONTENT: <action> Intermediate Reward</action> 
 PARSED ACTION: Intermediate Reward
2026-01-24 14:51:28,503 - src.driver - INFO - You will be assigned a task. 
You will receive the actions you have available, followed by the action history. 
Your goal is to maximize the total reward across all 10 steps. We are on step 7. 

Task Assignment:
---
You are faced with a 3-armed bandit problem.  Each action corresponds to pulling a specific arm. Each arm is associated with a Gaussian distribution with a fixed but unknown mean. At each time step, you will select a field and receive a reward drawn from the associated distribution. Your goal is to select which arm to pull in order to maximize your reward across all of your turns.
---

Available Actions:
---

- Arm Name: Lowest Reward - This action has been selected 0 time(s) for an observed mean of Unknown

- Arm Name: Highest Reward - This action has been selected 1 time(s) for an observed mean of 21.682372979167532

- Arm Name: Intermediate Reward - This action has been selected 6 time(s) for an observed mean of 47.655126198504384

---
When selecting an action, include only the name of the action. Do not include the dashes used to indicate the list here.

Please select an action from the list of action options in order to maximize the reward for your task.
When selecting an action, put the exact name of the action between action tags like: <action> action_name </action>.

Your thinking budget is 150 tokens. If you exceed this limit, you will be forced to provide an immediate answer.
Your overall generation limit is 200 tokens.
2026-01-24 14:51:43,564 - src.driver - INFO - GENERATED CONTENT: <action> Intermediate Reward</action> 
 PARSED ACTION: Intermediate Reward
2026-01-24 14:51:43,565 - src.driver - INFO - You will be assigned a task. 
You will receive the actions you have available, followed by the action history. 
Your goal is to maximize the total reward across all 10 steps. We are on step 8. 

Task Assignment:
---
You are faced with a 3-armed bandit problem.  Each action corresponds to pulling a specific arm. Each arm is associated with a Gaussian distribution with a fixed but unknown mean. At each time step, you will select a field and receive a reward drawn from the associated distribution. Your goal is to select which arm to pull in order to maximize your reward across all of your turns.
---

Available Actions:
---

- Arm Name: Lowest Reward - This action has been selected 0 time(s) for an observed mean of Unknown

- Arm Name: Highest Reward - This action has been selected 1 time(s) for an observed mean of 21.682372979167532

- Arm Name: Intermediate Reward - This action has been selected 7 time(s) for an observed mean of 46.48182969225622

---
When selecting an action, include only the name of the action. Do not include the dashes used to indicate the list here.

Please select an action from the list of action options in order to maximize the reward for your task.
When selecting an action, put the exact name of the action between action tags like: <action> action_name </action>.

Your thinking budget is 150 tokens. If you exceed this limit, you will be forced to provide an immediate answer.
Your overall generation limit is 200 tokens.
2026-01-24 14:51:58,621 - src.driver - INFO - GENERATED CONTENT: <action>  Intermediate Reward </action> 
 PARSED ACTION: Intermediate Reward
2026-01-24 14:51:58,622 - src.driver - INFO - You will be assigned a task. 
You will receive the actions you have available, followed by the action history. 
Your goal is to maximize the total reward across all 10 steps. We are on step 9. 

Task Assignment:
---
You are faced with a 3-armed bandit problem.  Each action corresponds to pulling a specific arm. Each arm is associated with a Gaussian distribution with a fixed but unknown mean. At each time step, you will select a field and receive a reward drawn from the associated distribution. Your goal is to select which arm to pull in order to maximize your reward across all of your turns.
---

Available Actions:
---

- Arm Name: Lowest Reward - This action has been selected 0 time(s) for an observed mean of Unknown

- Arm Name: Highest Reward - This action has been selected 1 time(s) for an observed mean of 21.682372979167532

- Arm Name: Intermediate Reward - This action has been selected 8 time(s) for an observed mean of 47.097214324303835

---
When selecting an action, include only the name of the action. Do not include the dashes used to indicate the list here.

Please select an action from the list of action options in order to maximize the reward for your task.
When selecting an action, put the exact name of the action between action tags like: <action> action_name </action>.

Your thinking budget is 150 tokens. If you exceed this limit, you will be forced to provide an immediate answer.
Your overall generation limit is 200 tokens.
2026-01-24 14:52:13,812 - src.driver - INFO - GENERATED CONTENT: <action>  Intermediate Reward </action> 
 PARSED ACTION: Intermediate Reward
2026-01-24 14:52:13,829 - src.driver - INFO - You will be assigned a task. 
You will receive the actions you have available, followed by the action history. 
Your goal is to maximize the total reward across all 10 steps. We are on step 0. 

Task Assignment:
---
You are faced with a 3-armed bandit problem.  Each action corresponds to pulling a specific arm. Each arm is associated with a Gaussian distribution with a fixed but unknown mean. At each time step, you will select a field and receive a reward drawn from the associated distribution. Your goal is to select which arm to pull in order to maximize your reward across all of your turns.
---

Available Actions:
---

- Arm Name: Intermediate Reward - This action has been selected 0 time(s) for an observed mean of Unknown

- Arm Name: Highest Reward - This action has been selected 0 time(s) for an observed mean of Unknown

- Arm Name: Lowest Reward - This action has been selected 0 time(s) for an observed mean of Unknown

---
When selecting an action, include only the name of the action. Do not include the dashes used to indicate the list here.

Please select an action from the list of action options in order to maximize the reward for your task.
When selecting an action, put the exact name of the action between action tags like: <action> action_name </action>.

Your thinking budget is 150 tokens. If you exceed this limit, you will be forced to provide an immediate answer.
Your overall generation limit is 200 tokens.
2026-01-24 14:52:28,813 - src.driver - INFO - GENERATED CONTENT: <action>  Highest Reward </action> 
 PARSED ACTION: Highest Reward
2026-01-24 14:52:28,814 - src.driver - INFO - You will be assigned a task. 
You will receive the actions you have available, followed by the action history. 
Your goal is to maximize the total reward across all 10 steps. We are on step 1. 

Task Assignment:
---
You are faced with a 3-armed bandit problem.  Each action corresponds to pulling a specific arm. Each arm is associated with a Gaussian distribution with a fixed but unknown mean. At each time step, you will select a field and receive a reward drawn from the associated distribution. Your goal is to select which arm to pull in order to maximize your reward across all of your turns.
---

Available Actions:
---

- Arm Name: Intermediate Reward - This action has been selected 0 time(s) for an observed mean of Unknown

- Arm Name: Highest Reward - This action has been selected 1 time(s) for an observed mean of 21.37615464351055

- Arm Name: Lowest Reward - This action has been selected 0 time(s) for an observed mean of Unknown

---
When selecting an action, include only the name of the action. Do not include the dashes used to indicate the list here.

Please select an action from the list of action options in order to maximize the reward for your task.
When selecting an action, put the exact name of the action between action tags like: <action> action_name </action>.

Your thinking budget is 150 tokens. If you exceed this limit, you will be forced to provide an immediate answer.
Your overall generation limit is 200 tokens.
2026-01-24 14:52:43,984 - src.driver - INFO - GENERATED CONTENT: <action>  Highest Reward </action> 
 PARSED ACTION: Highest Reward
2026-01-24 14:52:43,984 - src.driver - INFO - You will be assigned a task. 
You will receive the actions you have available, followed by the action history. 
Your goal is to maximize the total reward across all 10 steps. We are on step 2. 

Task Assignment:
---
You are faced with a 3-armed bandit problem.  Each action corresponds to pulling a specific arm. Each arm is associated with a Gaussian distribution with a fixed but unknown mean. At each time step, you will select a field and receive a reward drawn from the associated distribution. Your goal is to select which arm to pull in order to maximize your reward across all of your turns.
---

Available Actions:
---

- Arm Name: Intermediate Reward - This action has been selected 0 time(s) for an observed mean of Unknown

- Arm Name: Highest Reward - This action has been selected 2 time(s) for an observed mean of 18.490423333687108

- Arm Name: Lowest Reward - This action has been selected 0 time(s) for an observed mean of Unknown

---
When selecting an action, include only the name of the action. Do not include the dashes used to indicate the list here.

Please select an action from the list of action options in order to maximize the reward for your task.
When selecting an action, put the exact name of the action between action tags like: <action> action_name </action>.

Your thinking budget is 150 tokens. If you exceed this limit, you will be forced to provide an immediate answer.
Your overall generation limit is 200 tokens.
2026-01-24 14:52:59,072 - src.driver - INFO - GENERATED CONTENT: <action>  Highest Reward </action> 
 PARSED ACTION: Highest Reward
2026-01-24 14:52:59,072 - src.driver - INFO - You will be assigned a task. 
You will receive the actions you have available, followed by the action history. 
Your goal is to maximize the total reward across all 10 steps. We are on step 3. 

Task Assignment:
---
You are faced with a 3-armed bandit problem.  Each action corresponds to pulling a specific arm. Each arm is associated with a Gaussian distribution with a fixed but unknown mean. At each time step, you will select a field and receive a reward drawn from the associated distribution. Your goal is to select which arm to pull in order to maximize your reward across all of your turns.
---

Available Actions:
---

- Arm Name: Intermediate Reward - This action has been selected 0 time(s) for an observed mean of Unknown

- Arm Name: Highest Reward - This action has been selected 3 time(s) for an observed mean of 21.071492939438475

- Arm Name: Lowest Reward - This action has been selected 0 time(s) for an observed mean of Unknown

---
When selecting an action, include only the name of the action. Do not include the dashes used to indicate the list here.

Please select an action from the list of action options in order to maximize the reward for your task.
When selecting an action, put the exact name of the action between action tags like: <action> action_name </action>.

Your thinking budget is 150 tokens. If you exceed this limit, you will be forced to provide an immediate answer.
Your overall generation limit is 200 tokens.
2026-01-24 14:53:14,160 - src.driver - INFO - GENERATED CONTENT: <action>  Highest Reward </action> 
 PARSED ACTION: Highest Reward
2026-01-24 14:53:14,161 - src.driver - INFO - You will be assigned a task. 
You will receive the actions you have available, followed by the action history. 
Your goal is to maximize the total reward across all 10 steps. We are on step 4. 

Task Assignment:
---
You are faced with a 3-armed bandit problem.  Each action corresponds to pulling a specific arm. Each arm is associated with a Gaussian distribution with a fixed but unknown mean. At each time step, you will select a field and receive a reward drawn from the associated distribution. Your goal is to select which arm to pull in order to maximize your reward across all of your turns.
---

Available Actions:
---

- Arm Name: Intermediate Reward - This action has been selected 0 time(s) for an observed mean of Unknown

- Arm Name: Highest Reward - This action has been selected 4 time(s) for an observed mean of 21.453868817400842

- Arm Name: Lowest Reward - This action has been selected 0 time(s) for an observed mean of Unknown

---
When selecting an action, include only the name of the action. Do not include the dashes used to indicate the list here.

Please select an action from the list of action options in order to maximize the reward for your task.
When selecting an action, put the exact name of the action between action tags like: <action> action_name </action>.

Your thinking budget is 150 tokens. If you exceed this limit, you will be forced to provide an immediate answer.
Your overall generation limit is 200 tokens.
2026-01-24 14:53:29,313 - src.driver - INFO - GENERATED CONTENT: <action>  Highest Reward </action> 
 PARSED ACTION: Highest Reward
2026-01-24 14:53:29,313 - src.driver - INFO - You will be assigned a task. 
You will receive the actions you have available, followed by the action history. 
Your goal is to maximize the total reward across all 10 steps. We are on step 5. 

Task Assignment:
---
You are faced with a 3-armed bandit problem.  Each action corresponds to pulling a specific arm. Each arm is associated with a Gaussian distribution with a fixed but unknown mean. At each time step, you will select a field and receive a reward drawn from the associated distribution. Your goal is to select which arm to pull in order to maximize your reward across all of your turns.
---

Available Actions:
---

- Arm Name: Intermediate Reward - This action has been selected 0 time(s) for an observed mean of Unknown

- Arm Name: Highest Reward - This action has been selected 5 time(s) for an observed mean of 20.427656532479425

- Arm Name: Lowest Reward - This action has been selected 0 time(s) for an observed mean of Unknown

---
When selecting an action, include only the name of the action. Do not include the dashes used to indicate the list here.

Please select an action from the list of action options in order to maximize the reward for your task.
When selecting an action, put the exact name of the action between action tags like: <action> action_name </action>.

Your thinking budget is 150 tokens. If you exceed this limit, you will be forced to provide an immediate answer.
Your overall generation limit is 200 tokens.
2026-01-24 14:53:44,305 - src.driver - INFO - GENERATED CONTENT: <action>  Highest Reward </action> 
 PARSED ACTION: Highest Reward
2026-01-24 14:53:44,305 - src.driver - INFO - You will be assigned a task. 
You will receive the actions you have available, followed by the action history. 
Your goal is to maximize the total reward across all 10 steps. We are on step 6. 

Task Assignment:
---
You are faced with a 3-armed bandit problem.  Each action corresponds to pulling a specific arm. Each arm is associated with a Gaussian distribution with a fixed but unknown mean. At each time step, you will select a field and receive a reward drawn from the associated distribution. Your goal is to select which arm to pull in order to maximize your reward across all of your turns.
---

Available Actions:
---

- Arm Name: Intermediate Reward - This action has been selected 0 time(s) for an observed mean of Unknown

- Arm Name: Highest Reward - This action has been selected 6 time(s) for an observed mean of 22.52716539377

- Arm Name: Lowest Reward - This action has been selected 0 time(s) for an observed mean of Unknown

---
When selecting an action, include only the name of the action. Do not include the dashes used to indicate the list here.

Please select an action from the list of action options in order to maximize the reward for your task.
When selecting an action, put the exact name of the action between action tags like: <action> action_name </action>.

Your thinking budget is 150 tokens. If you exceed this limit, you will be forced to provide an immediate answer.
Your overall generation limit is 200 tokens.
2026-01-24 14:53:59,469 - src.driver - INFO - GENERATED CONTENT: <action>  Highest Reward </action> 
 PARSED ACTION: Highest Reward
2026-01-24 14:53:59,470 - src.driver - INFO - You will be assigned a task. 
You will receive the actions you have available, followed by the action history. 
Your goal is to maximize the total reward across all 10 steps. We are on step 7. 

Task Assignment:
---
You are faced with a 3-armed bandit problem.  Each action corresponds to pulling a specific arm. Each arm is associated with a Gaussian distribution with a fixed but unknown mean. At each time step, you will select a field and receive a reward drawn from the associated distribution. Your goal is to select which arm to pull in order to maximize your reward across all of your turns.
---

Available Actions:
---

- Arm Name: Intermediate Reward - This action has been selected 0 time(s) for an observed mean of Unknown

- Arm Name: Highest Reward - This action has been selected 7 time(s) for an observed mean of 21.666825817351818

- Arm Name: Lowest Reward - This action has been selected 0 time(s) for an observed mean of Unknown

---
When selecting an action, include only the name of the action. Do not include the dashes used to indicate the list here.

Please select an action from the list of action options in order to maximize the reward for your task.
When selecting an action, put the exact name of the action between action tags like: <action> action_name </action>.

Your thinking budget is 150 tokens. If you exceed this limit, you will be forced to provide an immediate answer.
Your overall generation limit is 200 tokens.
2026-01-24 14:54:14,628 - src.driver - INFO - GENERATED CONTENT: <action> Intermediate Reward</action> 
 PARSED ACTION: Intermediate Reward
2026-01-24 14:54:14,628 - src.driver - INFO - You will be assigned a task. 
You will receive the actions you have available, followed by the action history. 
Your goal is to maximize the total reward across all 10 steps. We are on step 8. 

Task Assignment:
---
You are faced with a 3-armed bandit problem.  Each action corresponds to pulling a specific arm. Each arm is associated with a Gaussian distribution with a fixed but unknown mean. At each time step, you will select a field and receive a reward drawn from the associated distribution. Your goal is to select which arm to pull in order to maximize your reward across all of your turns.
---

Available Actions:
---

- Arm Name: Intermediate Reward - This action has been selected 1 time(s) for an observed mean of 43.956284479176084

- Arm Name: Highest Reward - This action has been selected 7 time(s) for an observed mean of 21.666825817351818

- Arm Name: Lowest Reward - This action has been selected 0 time(s) for an observed mean of Unknown

---
When selecting an action, include only the name of the action. Do not include the dashes used to indicate the list here.

Please select an action from the list of action options in order to maximize the reward for your task.
When selecting an action, put the exact name of the action between action tags like: <action> action_name </action>.

Your thinking budget is 150 tokens. If you exceed this limit, you will be forced to provide an immediate answer.
Your overall generation limit is 200 tokens.
2026-01-24 14:54:29,730 - src.driver - INFO - GENERATED CONTENT: <action>  Intermediate Reward </action> 
 PARSED ACTION: Intermediate Reward
2026-01-24 14:54:29,731 - src.driver - INFO - You will be assigned a task. 
You will receive the actions you have available, followed by the action history. 
Your goal is to maximize the total reward across all 10 steps. We are on step 9. 

Task Assignment:
---
You are faced with a 3-armed bandit problem.  Each action corresponds to pulling a specific arm. Each arm is associated with a Gaussian distribution with a fixed but unknown mean. At each time step, you will select a field and receive a reward drawn from the associated distribution. Your goal is to select which arm to pull in order to maximize your reward across all of your turns.
---

Available Actions:
---

- Arm Name: Intermediate Reward - This action has been selected 2 time(s) for an observed mean of 42.37703538880126

- Arm Name: Highest Reward - This action has been selected 7 time(s) for an observed mean of 21.666825817351818

- Arm Name: Lowest Reward - This action has been selected 0 time(s) for an observed mean of Unknown

---
When selecting an action, include only the name of the action. Do not include the dashes used to indicate the list here.

Please select an action from the list of action options in order to maximize the reward for your task.
When selecting an action, put the exact name of the action between action tags like: <action> action_name </action>.

Your thinking budget is 150 tokens. If you exceed this limit, you will be forced to provide an immediate answer.
Your overall generation limit is 200 tokens.
2026-01-24 14:54:44,934 - src.driver - INFO - GENERATED CONTENT: <action> Lowest Reward</action> 
 PARSED ACTION: Lowest Reward
2026-01-24 14:54:44,950 - src.driver - INFO - You will be assigned a task. 
You will receive the actions you have available, followed by the action history. 
Your goal is to maximize the total reward across all 10 steps. We are on step 0. 

Task Assignment:
---
You are faced with a 3-armed bandit problem.  Each action corresponds to pulling a specific arm. Each arm is associated with a Gaussian distribution with a fixed but unknown mean. At each time step, you will select a field and receive a reward drawn from the associated distribution. Your goal is to select which arm to pull in order to maximize your reward across all of your turns.
---

Available Actions:
---

- Arm Name: Lowest Reward - This action has been selected 0 time(s) for an observed mean of Unknown

- Arm Name: Highest Reward - This action has been selected 0 time(s) for an observed mean of Unknown

- Arm Name: Intermediate Reward - This action has been selected 0 time(s) for an observed mean of Unknown

---
When selecting an action, include only the name of the action. Do not include the dashes used to indicate the list here.

Please select an action from the list of action options in order to maximize the reward for your task.
When selecting an action, put the exact name of the action between action tags like: <action> action_name </action>.

Your thinking budget is 150 tokens. If you exceed this limit, you will be forced to provide an immediate answer.
Your overall generation limit is 200 tokens.
2026-01-24 14:54:59,794 - src.driver - INFO - GENERATED CONTENT: <action>  Lowest Reward </action> 
 PARSED ACTION: Lowest Reward
2026-01-24 14:54:59,794 - src.driver - INFO - You will be assigned a task. 
You will receive the actions you have available, followed by the action history. 
Your goal is to maximize the total reward across all 10 steps. We are on step 1. 

Task Assignment:
---
You are faced with a 3-armed bandit problem.  Each action corresponds to pulling a specific arm. Each arm is associated with a Gaussian distribution with a fixed but unknown mean. At each time step, you will select a field and receive a reward drawn from the associated distribution. Your goal is to select which arm to pull in order to maximize your reward across all of your turns.
---

Available Actions:
---

- Arm Name: Lowest Reward - This action has been selected 1 time(s) for an observed mean of 72.07058433805905

- Arm Name: Highest Reward - This action has been selected 0 time(s) for an observed mean of Unknown

- Arm Name: Intermediate Reward - This action has been selected 0 time(s) for an observed mean of Unknown

---
When selecting an action, include only the name of the action. Do not include the dashes used to indicate the list here.

Please select an action from the list of action options in order to maximize the reward for your task.
When selecting an action, put the exact name of the action between action tags like: <action> action_name </action>.

Your thinking budget is 150 tokens. If you exceed this limit, you will be forced to provide an immediate answer.
Your overall generation limit is 200 tokens.
2026-01-24 14:55:14,754 - src.driver - INFO - GENERATED CONTENT: <action>  Highest Reward </action> 
 PARSED ACTION: Highest Reward
2026-01-24 14:55:14,755 - src.driver - INFO - You will be assigned a task. 
You will receive the actions you have available, followed by the action history. 
Your goal is to maximize the total reward across all 10 steps. We are on step 2. 

Task Assignment:
---
You are faced with a 3-armed bandit problem.  Each action corresponds to pulling a specific arm. Each arm is associated with a Gaussian distribution with a fixed but unknown mean. At each time step, you will select a field and receive a reward drawn from the associated distribution. Your goal is to select which arm to pull in order to maximize your reward across all of your turns.
---

Available Actions:
---

- Arm Name: Lowest Reward - This action has been selected 1 time(s) for an observed mean of 72.07058433805905

- Arm Name: Highest Reward - This action has been selected 1 time(s) for an observed mean of 28.0133582803994

- Arm Name: Intermediate Reward - This action has been selected 0 time(s) for an observed mean of Unknown

---
When selecting an action, include only the name of the action. Do not include the dashes used to indicate the list here.

Please select an action from the list of action options in order to maximize the reward for your task.
When selecting an action, put the exact name of the action between action tags like: <action> action_name </action>.

Your thinking budget is 150 tokens. If you exceed this limit, you will be forced to provide an immediate answer.
Your overall generation limit is 200 tokens.
2026-01-24 14:55:29,731 - src.driver - INFO - GENERATED CONTENT: <action>  Intermediate Reward </action> 
 PARSED ACTION: Intermediate Reward
2026-01-24 14:55:29,732 - src.driver - INFO - You will be assigned a task. 
You will receive the actions you have available, followed by the action history. 
Your goal is to maximize the total reward across all 10 steps. We are on step 3. 

Task Assignment:
---
You are faced with a 3-armed bandit problem.  Each action corresponds to pulling a specific arm. Each arm is associated with a Gaussian distribution with a fixed but unknown mean. At each time step, you will select a field and receive a reward drawn from the associated distribution. Your goal is to select which arm to pull in order to maximize your reward across all of your turns.
---

Available Actions:
---

- Arm Name: Lowest Reward - This action has been selected 1 time(s) for an observed mean of 72.07058433805905

- Arm Name: Highest Reward - This action has been selected 1 time(s) for an observed mean of 28.0133582803994

- Arm Name: Intermediate Reward - This action has been selected 1 time(s) for an observed mean of 50.91519228579127

---
When selecting an action, include only the name of the action. Do not include the dashes used to indicate the list here.

Please select an action from the list of action options in order to maximize the reward for your task.
When selecting an action, put the exact name of the action between action tags like: <action> action_name </action>.

Your thinking budget is 150 tokens. If you exceed this limit, you will be forced to provide an immediate answer.
Your overall generation limit is 200 tokens.
2026-01-24 14:55:44,900 - src.driver - INFO - GENERATED CONTENT: <action> Lowest Reward</action> 
 PARSED ACTION: Lowest Reward
2026-01-24 14:55:44,900 - src.driver - INFO - You will be assigned a task. 
You will receive the actions you have available, followed by the action history. 
Your goal is to maximize the total reward across all 10 steps. We are on step 4. 

Task Assignment:
---
You are faced with a 3-armed bandit problem.  Each action corresponds to pulling a specific arm. Each arm is associated with a Gaussian distribution with a fixed but unknown mean. At each time step, you will select a field and receive a reward drawn from the associated distribution. Your goal is to select which arm to pull in order to maximize your reward across all of your turns.
---

Available Actions:
---

- Arm Name: Lowest Reward - This action has been selected 2 time(s) for an observed mean of 74.30001000740529

- Arm Name: Highest Reward - This action has been selected 1 time(s) for an observed mean of 28.0133582803994

- Arm Name: Intermediate Reward - This action has been selected 1 time(s) for an observed mean of 50.91519228579127

---
When selecting an action, include only the name of the action. Do not include the dashes used to indicate the list here.

Please select an action from the list of action options in order to maximize the reward for your task.
When selecting an action, put the exact name of the action between action tags like: <action> action_name </action>.

Your thinking budget is 150 tokens. If you exceed this limit, you will be forced to provide an immediate answer.
Your overall generation limit is 200 tokens.
2026-01-24 14:56:00,108 - src.driver - INFO - GENERATED CONTENT: <action> Lowest Reward</action> 
 PARSED ACTION: Lowest Reward
2026-01-24 14:56:00,109 - src.driver - INFO - You will be assigned a task. 
You will receive the actions you have available, followed by the action history. 
Your goal is to maximize the total reward across all 10 steps. We are on step 5. 

Task Assignment:
---
You are faced with a 3-armed bandit problem.  Each action corresponds to pulling a specific arm. Each arm is associated with a Gaussian distribution with a fixed but unknown mean. At each time step, you will select a field and receive a reward drawn from the associated distribution. Your goal is to select which arm to pull in order to maximize your reward across all of your turns.
---

Available Actions:
---

- Arm Name: Lowest Reward - This action has been selected 3 time(s) for an observed mean of 77.73066873744436

- Arm Name: Highest Reward - This action has been selected 1 time(s) for an observed mean of 28.0133582803994

- Arm Name: Intermediate Reward - This action has been selected 1 time(s) for an observed mean of 50.91519228579127

---
When selecting an action, include only the name of the action. Do not include the dashes used to indicate the list here.

Please select an action from the list of action options in order to maximize the reward for your task.
When selecting an action, put the exact name of the action between action tags like: <action> action_name </action>.

Your thinking budget is 150 tokens. If you exceed this limit, you will be forced to provide an immediate answer.
Your overall generation limit is 200 tokens.
2026-01-24 14:56:15,439 - src.driver - INFO - GENERATED CONTENT: <action> Lowest Reward</action> 
 PARSED ACTION: Lowest Reward
2026-01-24 14:56:15,440 - src.driver - INFO - You will be assigned a task. 
You will receive the actions you have available, followed by the action history. 
Your goal is to maximize the total reward across all 10 steps. We are on step 6. 

Task Assignment:
---
You are faced with a 3-armed bandit problem.  Each action corresponds to pulling a specific arm. Each arm is associated with a Gaussian distribution with a fixed but unknown mean. At each time step, you will select a field and receive a reward drawn from the associated distribution. Your goal is to select which arm to pull in order to maximize your reward across all of your turns.
---

Available Actions:
---

- Arm Name: Lowest Reward - This action has been selected 4 time(s) for an observed mean of 77.28009287962465

- Arm Name: Highest Reward - This action has been selected 1 time(s) for an observed mean of 28.0133582803994

- Arm Name: Intermediate Reward - This action has been selected 1 time(s) for an observed mean of 50.91519228579127

---
When selecting an action, include only the name of the action. Do not include the dashes used to indicate the list here.

Please select an action from the list of action options in order to maximize the reward for your task.
When selecting an action, put the exact name of the action between action tags like: <action> action_name </action>.

Your thinking budget is 150 tokens. If you exceed this limit, you will be forced to provide an immediate answer.
Your overall generation limit is 200 tokens.
2026-01-24 14:56:30,623 - src.driver - INFO - GENERATED CONTENT: <action> Lowest Reward</action> 
 PARSED ACTION: Lowest Reward
2026-01-24 14:56:30,624 - src.driver - INFO - You will be assigned a task. 
You will receive the actions you have available, followed by the action history. 
Your goal is to maximize the total reward across all 10 steps. We are on step 7. 

Task Assignment:
---
You are faced with a 3-armed bandit problem.  Each action corresponds to pulling a specific arm. Each arm is associated with a Gaussian distribution with a fixed but unknown mean. At each time step, you will select a field and receive a reward drawn from the associated distribution. Your goal is to select which arm to pull in order to maximize your reward across all of your turns.
---

Available Actions:
---

- Arm Name: Lowest Reward - This action has been selected 5 time(s) for an observed mean of 76.02783782586229

- Arm Name: Highest Reward - This action has been selected 1 time(s) for an observed mean of 28.0133582803994

- Arm Name: Intermediate Reward - This action has been selected 1 time(s) for an observed mean of 50.91519228579127

---
When selecting an action, include only the name of the action. Do not include the dashes used to indicate the list here.

Please select an action from the list of action options in order to maximize the reward for your task.
When selecting an action, put the exact name of the action between action tags like: <action> action_name </action>.

Your thinking budget is 150 tokens. If you exceed this limit, you will be forced to provide an immediate answer.
Your overall generation limit is 200 tokens.
2026-01-24 14:56:45,839 - src.driver - INFO - GENERATED CONTENT: <action> Lowest Reward</action> 
 PARSED ACTION: Lowest Reward
2026-01-24 14:56:45,840 - src.driver - INFO - You will be assigned a task. 
You will receive the actions you have available, followed by the action history. 
Your goal is to maximize the total reward across all 10 steps. We are on step 8. 

Task Assignment:
---
You are faced with a 3-armed bandit problem.  Each action corresponds to pulling a specific arm. Each arm is associated with a Gaussian distribution with a fixed but unknown mean. At each time step, you will select a field and receive a reward drawn from the associated distribution. Your goal is to select which arm to pull in order to maximize your reward across all of your turns.
---

Available Actions:
---

- Arm Name: Lowest Reward - This action has been selected 6 time(s) for an observed mean of 77.01665218360834

- Arm Name: Highest Reward - This action has been selected 1 time(s) for an observed mean of 28.0133582803994

- Arm Name: Intermediate Reward - This action has been selected 1 time(s) for an observed mean of 50.91519228579127

---
When selecting an action, include only the name of the action. Do not include the dashes used to indicate the list here.

Please select an action from the list of action options in order to maximize the reward for your task.
When selecting an action, put the exact name of the action between action tags like: <action> action_name </action>.

Your thinking budget is 150 tokens. If you exceed this limit, you will be forced to provide an immediate answer.
Your overall generation limit is 200 tokens.
2026-01-24 14:57:01,011 - src.driver - INFO - GENERATED CONTENT: <action> Lowest Reward</action> 
 PARSED ACTION: Lowest Reward
2026-01-24 14:57:01,012 - src.driver - INFO - You will be assigned a task. 
You will receive the actions you have available, followed by the action history. 
Your goal is to maximize the total reward across all 10 steps. We are on step 9. 

Task Assignment:
---
You are faced with a 3-armed bandit problem.  Each action corresponds to pulling a specific arm. Each arm is associated with a Gaussian distribution with a fixed but unknown mean. At each time step, you will select a field and receive a reward drawn from the associated distribution. Your goal is to select which arm to pull in order to maximize your reward across all of your turns.
---

Available Actions:
---

- Arm Name: Lowest Reward - This action has been selected 7 time(s) for an observed mean of 76.11292768225773

- Arm Name: Highest Reward - This action has been selected 1 time(s) for an observed mean of 28.0133582803994

- Arm Name: Intermediate Reward - This action has been selected 1 time(s) for an observed mean of 50.91519228579127

---
When selecting an action, include only the name of the action. Do not include the dashes used to indicate the list here.

Please select an action from the list of action options in order to maximize the reward for your task.
When selecting an action, put the exact name of the action between action tags like: <action> action_name </action>.

Your thinking budget is 150 tokens. If you exceed this limit, you will be forced to provide an immediate answer.
Your overall generation limit is 200 tokens.
2026-01-24 14:57:16,262 - src.driver - INFO - GENERATED CONTENT: <action> Lowest Reward</action> 
 PARSED ACTION: Lowest Reward
2026-01-24 14:57:16,279 - src.driver - INFO - You will be assigned a task. 
You will receive the actions you have available, followed by the action history. 
Your goal is to maximize the total reward across all 10 steps. We are on step 0. 

Task Assignment:
---
You are faced with a 3-armed bandit problem.  Each action corresponds to pulling a specific arm. Each arm is associated with a Gaussian distribution with a fixed but unknown mean. At each time step, you will select a field and receive a reward drawn from the associated distribution. Your goal is to select which arm to pull in order to maximize your reward across all of your turns.
---

Available Actions:
---

- Arm Name: Highest Reward - This action has been selected 0 time(s) for an observed mean of Unknown

- Arm Name: Lowest Reward - This action has been selected 0 time(s) for an observed mean of Unknown

- Arm Name: Intermediate Reward - This action has been selected 0 time(s) for an observed mean of Unknown

---
When selecting an action, include only the name of the action. Do not include the dashes used to indicate the list here.

Please select an action from the list of action options in order to maximize the reward for your task.
When selecting an action, put the exact name of the action between action tags like: <action> action_name </action>.

Your thinking budget is 150 tokens. If you exceed this limit, you will be forced to provide an immediate answer.
Your overall generation limit is 200 tokens.
2026-01-24 14:57:31,026 - src.driver - INFO - GENERATED CONTENT: <action>  Highest Reward </action> 
 PARSED ACTION: Highest Reward
2026-01-24 14:57:31,026 - src.driver - INFO - You will be assigned a task. 
You will receive the actions you have available, followed by the action history. 
Your goal is to maximize the total reward across all 10 steps. We are on step 1. 

Task Assignment:
---
You are faced with a 3-armed bandit problem.  Each action corresponds to pulling a specific arm. Each arm is associated with a Gaussian distribution with a fixed but unknown mean. At each time step, you will select a field and receive a reward drawn from the associated distribution. Your goal is to select which arm to pull in order to maximize your reward across all of your turns.
---

Available Actions:
---

- Arm Name: Highest Reward - This action has been selected 1 time(s) for an observed mean of 23.55052045771524

- Arm Name: Lowest Reward - This action has been selected 0 time(s) for an observed mean of Unknown

- Arm Name: Intermediate Reward - This action has been selected 0 time(s) for an observed mean of Unknown

---
When selecting an action, include only the name of the action. Do not include the dashes used to indicate the list here.

Please select an action from the list of action options in order to maximize the reward for your task.
When selecting an action, put the exact name of the action between action tags like: <action> action_name </action>.

Your thinking budget is 150 tokens. If you exceed this limit, you will be forced to provide an immediate answer.
Your overall generation limit is 200 tokens.
2026-01-24 14:57:45,977 - src.driver - INFO - GENERATED CONTENT: <action>  Highest Reward </action> 
 PARSED ACTION: Highest Reward
2026-01-24 14:57:45,977 - src.driver - INFO - You will be assigned a task. 
You will receive the actions you have available, followed by the action history. 
Your goal is to maximize the total reward across all 10 steps. We are on step 2. 

Task Assignment:
---
You are faced with a 3-armed bandit problem.  Each action corresponds to pulling a specific arm. Each arm is associated with a Gaussian distribution with a fixed but unknown mean. At each time step, you will select a field and receive a reward drawn from the associated distribution. Your goal is to select which arm to pull in order to maximize your reward across all of your turns.
---

Available Actions:
---

- Arm Name: Highest Reward - This action has been selected 2 time(s) for an observed mean of 25.047838993476397

- Arm Name: Lowest Reward - This action has been selected 0 time(s) for an observed mean of Unknown

- Arm Name: Intermediate Reward - This action has been selected 0 time(s) for an observed mean of Unknown

---
When selecting an action, include only the name of the action. Do not include the dashes used to indicate the list here.

Please select an action from the list of action options in order to maximize the reward for your task.
When selecting an action, put the exact name of the action between action tags like: <action> action_name </action>.

Your thinking budget is 150 tokens. If you exceed this limit, you will be forced to provide an immediate answer.
Your overall generation limit is 200 tokens.
2026-01-24 14:58:01,063 - src.driver - INFO - GENERATED CONTENT: <action>  Highest Reward </action> 
 PARSED ACTION: Highest Reward
2026-01-24 14:58:01,064 - src.driver - INFO - You will be assigned a task. 
You will receive the actions you have available, followed by the action history. 
Your goal is to maximize the total reward across all 10 steps. We are on step 3. 

Task Assignment:
---
You are faced with a 3-armed bandit problem.  Each action corresponds to pulling a specific arm. Each arm is associated with a Gaussian distribution with a fixed but unknown mean. At each time step, you will select a field and receive a reward drawn from the associated distribution. Your goal is to select which arm to pull in order to maximize your reward across all of your turns.
---

Available Actions:
---

- Arm Name: Highest Reward - This action has been selected 3 time(s) for an observed mean of 23.066985144879315

- Arm Name: Lowest Reward - This action has been selected 0 time(s) for an observed mean of Unknown

- Arm Name: Intermediate Reward - This action has been selected 0 time(s) for an observed mean of Unknown

---
When selecting an action, include only the name of the action. Do not include the dashes used to indicate the list here.

Please select an action from the list of action options in order to maximize the reward for your task.
When selecting an action, put the exact name of the action between action tags like: <action> action_name </action>.

Your thinking budget is 150 tokens. If you exceed this limit, you will be forced to provide an immediate answer.
Your overall generation limit is 200 tokens.
2026-01-24 14:58:16,199 - src.driver - INFO - GENERATED CONTENT: <action>  Highest Reward </action> 
 PARSED ACTION: Highest Reward
2026-01-24 14:58:16,200 - src.driver - INFO - You will be assigned a task. 
You will receive the actions you have available, followed by the action history. 
Your goal is to maximize the total reward across all 10 steps. We are on step 4. 

Task Assignment:
---
You are faced with a 3-armed bandit problem.  Each action corresponds to pulling a specific arm. Each arm is associated with a Gaussian distribution with a fixed but unknown mean. At each time step, you will select a field and receive a reward drawn from the associated distribution. Your goal is to select which arm to pull in order to maximize your reward across all of your turns.
---

Available Actions:
---

- Arm Name: Highest Reward - This action has been selected 4 time(s) for an observed mean of 21.46703493966601

- Arm Name: Lowest Reward - This action has been selected 0 time(s) for an observed mean of Unknown

- Arm Name: Intermediate Reward - This action has been selected 0 time(s) for an observed mean of Unknown

---
When selecting an action, include only the name of the action. Do not include the dashes used to indicate the list here.

Please select an action from the list of action options in order to maximize the reward for your task.
When selecting an action, put the exact name of the action between action tags like: <action> action_name </action>.

Your thinking budget is 150 tokens. If you exceed this limit, you will be forced to provide an immediate answer.
Your overall generation limit is 200 tokens.
2026-01-24 14:58:31,244 - src.driver - INFO - GENERATED CONTENT: <action>  Highest Reward </action> 
 PARSED ACTION: Highest Reward
2026-01-24 14:58:31,245 - src.driver - INFO - You will be assigned a task. 
You will receive the actions you have available, followed by the action history. 
Your goal is to maximize the total reward across all 10 steps. We are on step 5. 

Task Assignment:
---
You are faced with a 3-armed bandit problem.  Each action corresponds to pulling a specific arm. Each arm is associated with a Gaussian distribution with a fixed but unknown mean. At each time step, you will select a field and receive a reward drawn from the associated distribution. Your goal is to select which arm to pull in order to maximize your reward across all of your turns.
---

Available Actions:
---

- Arm Name: Highest Reward - This action has been selected 5 time(s) for an observed mean of 23.039243355734595

- Arm Name: Lowest Reward - This action has been selected 0 time(s) for an observed mean of Unknown

- Arm Name: Intermediate Reward - This action has been selected 0 time(s) for an observed mean of Unknown

---
When selecting an action, include only the name of the action. Do not include the dashes used to indicate the list here.

Please select an action from the list of action options in order to maximize the reward for your task.
When selecting an action, put the exact name of the action between action tags like: <action> action_name </action>.

Your thinking budget is 150 tokens. If you exceed this limit, you will be forced to provide an immediate answer.
Your overall generation limit is 200 tokens.
2026-01-24 14:58:46,374 - src.driver - INFO - GENERATED CONTENT: <action>  Highest Reward </action> 
 PARSED ACTION: Highest Reward
2026-01-24 14:58:46,375 - src.driver - INFO - You will be assigned a task. 
You will receive the actions you have available, followed by the action history. 
Your goal is to maximize the total reward across all 10 steps. We are on step 6. 

Task Assignment:
---
You are faced with a 3-armed bandit problem.  Each action corresponds to pulling a specific arm. Each arm is associated with a Gaussian distribution with a fixed but unknown mean. At each time step, you will select a field and receive a reward drawn from the associated distribution. Your goal is to select which arm to pull in order to maximize your reward across all of your turns.
---

Available Actions:
---

- Arm Name: Highest Reward - This action has been selected 6 time(s) for an observed mean of 22.998905490376668

- Arm Name: Lowest Reward - This action has been selected 0 time(s) for an observed mean of Unknown

- Arm Name: Intermediate Reward - This action has been selected 0 time(s) for an observed mean of Unknown

---
When selecting an action, include only the name of the action. Do not include the dashes used to indicate the list here.

Please select an action from the list of action options in order to maximize the reward for your task.
When selecting an action, put the exact name of the action between action tags like: <action> action_name </action>.

Your thinking budget is 150 tokens. If you exceed this limit, you will be forced to provide an immediate answer.
Your overall generation limit is 200 tokens.
2026-01-24 14:59:01,436 - src.driver - INFO - GENERATED CONTENT: <action>  Highest Reward </action> 
 PARSED ACTION: Highest Reward
2026-01-24 14:59:01,437 - src.driver - INFO - You will be assigned a task. 
You will receive the actions you have available, followed by the action history. 
Your goal is to maximize the total reward across all 10 steps. We are on step 7. 

Task Assignment:
---
You are faced with a 3-armed bandit problem.  Each action corresponds to pulling a specific arm. Each arm is associated with a Gaussian distribution with a fixed but unknown mean. At each time step, you will select a field and receive a reward drawn from the associated distribution. Your goal is to select which arm to pull in order to maximize your reward across all of your turns.
---

Available Actions:
---

- Arm Name: Highest Reward - This action has been selected 7 time(s) for an observed mean of 23.71047862179419

- Arm Name: Lowest Reward - This action has been selected 0 time(s) for an observed mean of Unknown

- Arm Name: Intermediate Reward - This action has been selected 0 time(s) for an observed mean of Unknown

---
When selecting an action, include only the name of the action. Do not include the dashes used to indicate the list here.

Please select an action from the list of action options in order to maximize the reward for your task.
When selecting an action, put the exact name of the action between action tags like: <action> action_name </action>.

Your thinking budget is 150 tokens. If you exceed this limit, you will be forced to provide an immediate answer.
Your overall generation limit is 200 tokens.
2026-01-24 14:59:16,508 - src.driver - INFO - GENERATED CONTENT: <action>  Highest Reward </action> 
 PARSED ACTION: Highest Reward
2026-01-24 14:59:16,508 - src.driver - INFO - You will be assigned a task. 
You will receive the actions you have available, followed by the action history. 
Your goal is to maximize the total reward across all 10 steps. We are on step 8. 

Task Assignment:
---
You are faced with a 3-armed bandit problem.  Each action corresponds to pulling a specific arm. Each arm is associated with a Gaussian distribution with a fixed but unknown mean. At each time step, you will select a field and receive a reward drawn from the associated distribution. Your goal is to select which arm to pull in order to maximize your reward across all of your turns.
---

Available Actions:
---

- Arm Name: Highest Reward - This action has been selected 8 time(s) for an observed mean of 22.814935812655126

- Arm Name: Lowest Reward - This action has been selected 0 time(s) for an observed mean of Unknown

- Arm Name: Intermediate Reward - This action has been selected 0 time(s) for an observed mean of Unknown

---
When selecting an action, include only the name of the action. Do not include the dashes used to indicate the list here.

Please select an action from the list of action options in order to maximize the reward for your task.
When selecting an action, put the exact name of the action between action tags like: <action> action_name </action>.

Your thinking budget is 150 tokens. If you exceed this limit, you will be forced to provide an immediate answer.
Your overall generation limit is 200 tokens.
2026-01-24 14:59:31,437 - src.driver - INFO - GENERATED CONTENT: <action>  Highest Reward </action> 
 PARSED ACTION: Highest Reward
2026-01-24 14:59:31,438 - src.driver - INFO - You will be assigned a task. 
You will receive the actions you have available, followed by the action history. 
Your goal is to maximize the total reward across all 10 steps. We are on step 9. 

Task Assignment:
---
You are faced with a 3-armed bandit problem.  Each action corresponds to pulling a specific arm. Each arm is associated with a Gaussian distribution with a fixed but unknown mean. At each time step, you will select a field and receive a reward drawn from the associated distribution. Your goal is to select which arm to pull in order to maximize your reward across all of your turns.
---

Available Actions:
---

- Arm Name: Highest Reward - This action has been selected 9 time(s) for an observed mean of 24.076769043798677

- Arm Name: Lowest Reward - This action has been selected 0 time(s) for an observed mean of Unknown

- Arm Name: Intermediate Reward - This action has been selected 0 time(s) for an observed mean of Unknown

---
When selecting an action, include only the name of the action. Do not include the dashes used to indicate the list here.

Please select an action from the list of action options in order to maximize the reward for your task.
When selecting an action, put the exact name of the action between action tags like: <action> action_name </action>.

Your thinking budget is 150 tokens. If you exceed this limit, you will be forced to provide an immediate answer.
Your overall generation limit is 200 tokens.
2026-01-24 14:59:46,482 - src.driver - INFO - GENERATED CONTENT: <action>  Highest Reward </action> 
 PARSED ACTION: Highest Reward
2026-01-24 14:59:46,499 - src.driver - INFO - You will be assigned a task. 
You will receive the actions you have available, followed by the action history. 
Your goal is to maximize the total reward across all 10 steps. We are on step 0. 

Task Assignment:
---
You are faced with a 3-armed bandit problem.  Each action corresponds to pulling a specific arm. Each arm is associated with a Gaussian distribution with a fixed but unknown mean. At each time step, you will select a field and receive a reward drawn from the associated distribution. Your goal is to select which arm to pull in order to maximize your reward across all of your turns.
---

Available Actions:
---

- Arm Name: Intermediate Reward - This action has been selected 0 time(s) for an observed mean of Unknown

- Arm Name: Lowest Reward - This action has been selected 0 time(s) for an observed mean of Unknown

- Arm Name: Highest Reward - This action has been selected 0 time(s) for an observed mean of Unknown

---
When selecting an action, include only the name of the action. Do not include the dashes used to indicate the list here.

Please select an action from the list of action options in order to maximize the reward for your task.
When selecting an action, put the exact name of the action between action tags like: <action> action_name </action>.

Your thinking budget is 150 tokens. If you exceed this limit, you will be forced to provide an immediate answer.
Your overall generation limit is 200 tokens.
2026-01-24 15:00:01,408 - src.driver - INFO - GENERATED CONTENT: <action>  Highest Reward </action> 
 PARSED ACTION: Highest Reward
2026-01-24 15:00:01,409 - src.driver - INFO - You will be assigned a task. 
You will receive the actions you have available, followed by the action history. 
Your goal is to maximize the total reward across all 10 steps. We are on step 1. 

Task Assignment:
---
You are faced with a 3-armed bandit problem.  Each action corresponds to pulling a specific arm. Each arm is associated with a Gaussian distribution with a fixed but unknown mean. At each time step, you will select a field and receive a reward drawn from the associated distribution. Your goal is to select which arm to pull in order to maximize your reward across all of your turns.
---

Available Actions:
---

- Arm Name: Intermediate Reward - This action has been selected 0 time(s) for an observed mean of Unknown

- Arm Name: Lowest Reward - This action has been selected 0 time(s) for an observed mean of Unknown

- Arm Name: Highest Reward - This action has been selected 1 time(s) for an observed mean of 27.21721701366135

---
When selecting an action, include only the name of the action. Do not include the dashes used to indicate the list here.

Please select an action from the list of action options in order to maximize the reward for your task.
When selecting an action, put the exact name of the action between action tags like: <action> action_name </action>.

Your thinking budget is 150 tokens. If you exceed this limit, you will be forced to provide an immediate answer.
Your overall generation limit is 200 tokens.
2026-01-24 15:00:16,483 - src.driver - INFO - GENERATED CONTENT: <action>  Highest Reward </action> 
 PARSED ACTION: Highest Reward
2026-01-24 15:00:16,484 - src.driver - INFO - You will be assigned a task. 
You will receive the actions you have available, followed by the action history. 
Your goal is to maximize the total reward across all 10 steps. We are on step 2. 

Task Assignment:
---
You are faced with a 3-armed bandit problem.  Each action corresponds to pulling a specific arm. Each arm is associated with a Gaussian distribution with a fixed but unknown mean. At each time step, you will select a field and receive a reward drawn from the associated distribution. Your goal is to select which arm to pull in order to maximize your reward across all of your turns.
---

Available Actions:
---

- Arm Name: Intermediate Reward - This action has been selected 0 time(s) for an observed mean of Unknown

- Arm Name: Lowest Reward - This action has been selected 0 time(s) for an observed mean of Unknown

- Arm Name: Highest Reward - This action has been selected 2 time(s) for an observed mean of 24.84308008506479

---
When selecting an action, include only the name of the action. Do not include the dashes used to indicate the list here.

Please select an action from the list of action options in order to maximize the reward for your task.
When selecting an action, put the exact name of the action between action tags like: <action> action_name </action>.

Your thinking budget is 150 tokens. If you exceed this limit, you will be forced to provide an immediate answer.
Your overall generation limit is 200 tokens.
2026-01-24 15:00:31,556 - src.driver - INFO - GENERATED CONTENT: <action>  Highest Reward </action> 
 PARSED ACTION: Highest Reward
2026-01-24 15:00:31,557 - src.driver - INFO - You will be assigned a task. 
You will receive the actions you have available, followed by the action history. 
Your goal is to maximize the total reward across all 10 steps. We are on step 3. 

Task Assignment:
---
You are faced with a 3-armed bandit problem.  Each action corresponds to pulling a specific arm. Each arm is associated with a Gaussian distribution with a fixed but unknown mean. At each time step, you will select a field and receive a reward drawn from the associated distribution. Your goal is to select which arm to pull in order to maximize your reward across all of your turns.
---

Available Actions:
---

- Arm Name: Intermediate Reward - This action has been selected 0 time(s) for an observed mean of Unknown

- Arm Name: Lowest Reward - This action has been selected 0 time(s) for an observed mean of Unknown

- Arm Name: Highest Reward - This action has been selected 3 time(s) for an observed mean of 26.270487757837458

---
When selecting an action, include only the name of the action. Do not include the dashes used to indicate the list here.

Please select an action from the list of action options in order to maximize the reward for your task.
When selecting an action, put the exact name of the action between action tags like: <action> action_name </action>.

Your thinking budget is 150 tokens. If you exceed this limit, you will be forced to provide an immediate answer.
Your overall generation limit is 200 tokens.
2026-01-24 15:00:46,637 - src.driver - INFO - GENERATED CONTENT: <action>  Highest Reward </action> 
 PARSED ACTION: Highest Reward
2026-01-24 15:00:46,638 - src.driver - INFO - You will be assigned a task. 
You will receive the actions you have available, followed by the action history. 
Your goal is to maximize the total reward across all 10 steps. We are on step 4. 

Task Assignment:
---
You are faced with a 3-armed bandit problem.  Each action corresponds to pulling a specific arm. Each arm is associated with a Gaussian distribution with a fixed but unknown mean. At each time step, you will select a field and receive a reward drawn from the associated distribution. Your goal is to select which arm to pull in order to maximize your reward across all of your turns.
---

Available Actions:
---

- Arm Name: Intermediate Reward - This action has been selected 0 time(s) for an observed mean of Unknown

- Arm Name: Lowest Reward - This action has been selected 0 time(s) for an observed mean of Unknown

- Arm Name: Highest Reward - This action has been selected 4 time(s) for an observed mean of 25.409833519821177

---
When selecting an action, include only the name of the action. Do not include the dashes used to indicate the list here.

Please select an action from the list of action options in order to maximize the reward for your task.
When selecting an action, put the exact name of the action between action tags like: <action> action_name </action>.

Your thinking budget is 150 tokens. If you exceed this limit, you will be forced to provide an immediate answer.
Your overall generation limit is 200 tokens.
2026-01-24 15:01:01,644 - src.driver - INFO - GENERATED CONTENT: <action>  Highest Reward </action> 
 PARSED ACTION: Highest Reward
2026-01-24 15:01:01,645 - src.driver - INFO - You will be assigned a task. 
You will receive the actions you have available, followed by the action history. 
Your goal is to maximize the total reward across all 10 steps. We are on step 5. 

Task Assignment:
---
You are faced with a 3-armed bandit problem.  Each action corresponds to pulling a specific arm. Each arm is associated with a Gaussian distribution with a fixed but unknown mean. At each time step, you will select a field and receive a reward drawn from the associated distribution. Your goal is to select which arm to pull in order to maximize your reward across all of your turns.
---

Available Actions:
---

- Arm Name: Intermediate Reward - This action has been selected 0 time(s) for an observed mean of Unknown

- Arm Name: Lowest Reward - This action has been selected 0 time(s) for an observed mean of Unknown

- Arm Name: Highest Reward - This action has been selected 5 time(s) for an observed mean of 24.942387056003838

---
When selecting an action, include only the name of the action. Do not include the dashes used to indicate the list here.

Please select an action from the list of action options in order to maximize the reward for your task.
When selecting an action, put the exact name of the action between action tags like: <action> action_name </action>.

Your thinking budget is 150 tokens. If you exceed this limit, you will be forced to provide an immediate answer.
Your overall generation limit is 200 tokens.
2026-01-24 15:01:16,648 - src.driver - INFO - GENERATED CONTENT: <action>  Highest Reward </action> 
 PARSED ACTION: Highest Reward
2026-01-24 15:01:16,649 - src.driver - INFO - You will be assigned a task. 
You will receive the actions you have available, followed by the action history. 
Your goal is to maximize the total reward across all 10 steps. We are on step 6. 

Task Assignment:
---
You are faced with a 3-armed bandit problem.  Each action corresponds to pulling a specific arm. Each arm is associated with a Gaussian distribution with a fixed but unknown mean. At each time step, you will select a field and receive a reward drawn from the associated distribution. Your goal is to select which arm to pull in order to maximize your reward across all of your turns.
---

Available Actions:
---

- Arm Name: Intermediate Reward - This action has been selected 0 time(s) for an observed mean of Unknown

- Arm Name: Lowest Reward - This action has been selected 0 time(s) for an observed mean of Unknown

- Arm Name: Highest Reward - This action has been selected 6 time(s) for an observed mean of 24.4271365721076

---
When selecting an action, include only the name of the action. Do not include the dashes used to indicate the list here.

Please select an action from the list of action options in order to maximize the reward for your task.
When selecting an action, put the exact name of the action between action tags like: <action> action_name </action>.

Your thinking budget is 150 tokens. If you exceed this limit, you will be forced to provide an immediate answer.
Your overall generation limit is 200 tokens.
2026-01-24 15:01:31,587 - src.driver - INFO - GENERATED CONTENT: <action>  Highest Reward </action> 
 PARSED ACTION: Highest Reward
2026-01-24 15:01:31,588 - src.driver - INFO - You will be assigned a task. 
You will receive the actions you have available, followed by the action history. 
Your goal is to maximize the total reward across all 10 steps. We are on step 7. 

Task Assignment:
---
You are faced with a 3-armed bandit problem.  Each action corresponds to pulling a specific arm. Each arm is associated with a Gaussian distribution with a fixed but unknown mean. At each time step, you will select a field and receive a reward drawn from the associated distribution. Your goal is to select which arm to pull in order to maximize your reward across all of your turns.
---

Available Actions:
---

- Arm Name: Intermediate Reward - This action has been selected 0 time(s) for an observed mean of Unknown

- Arm Name: Lowest Reward - This action has been selected 0 time(s) for an observed mean of Unknown

- Arm Name: Highest Reward - This action has been selected 7 time(s) for an observed mean of 24.596671658199476

---
When selecting an action, include only the name of the action. Do not include the dashes used to indicate the list here.

Please select an action from the list of action options in order to maximize the reward for your task.
When selecting an action, put the exact name of the action between action tags like: <action> action_name </action>.

Your thinking budget is 150 tokens. If you exceed this limit, you will be forced to provide an immediate answer.
Your overall generation limit is 200 tokens.
2026-01-24 15:01:46,635 - src.driver - INFO - GENERATED CONTENT: <action>  Highest Reward </action> 
 PARSED ACTION: Highest Reward
2026-01-24 15:01:46,635 - src.driver - INFO - You will be assigned a task. 
You will receive the actions you have available, followed by the action history. 
Your goal is to maximize the total reward across all 10 steps. We are on step 8. 

Task Assignment:
---
You are faced with a 3-armed bandit problem.  Each action corresponds to pulling a specific arm. Each arm is associated with a Gaussian distribution with a fixed but unknown mean. At each time step, you will select a field and receive a reward drawn from the associated distribution. Your goal is to select which arm to pull in order to maximize your reward across all of your turns.
---

Available Actions:
---

- Arm Name: Intermediate Reward - This action has been selected 0 time(s) for an observed mean of Unknown

- Arm Name: Lowest Reward - This action has been selected 0 time(s) for an observed mean of Unknown

- Arm Name: Highest Reward - This action has been selected 8 time(s) for an observed mean of 24.66451517608402

---
When selecting an action, include only the name of the action. Do not include the dashes used to indicate the list here.

Please select an action from the list of action options in order to maximize the reward for your task.
When selecting an action, put the exact name of the action between action tags like: <action> action_name </action>.

Your thinking budget is 150 tokens. If you exceed this limit, you will be forced to provide an immediate answer.
Your overall generation limit is 200 tokens.
2026-01-24 15:02:01,716 - src.driver - INFO - GENERATED CONTENT: <action>  Highest Reward </action> 
 PARSED ACTION: Highest Reward
2026-01-24 15:02:01,717 - src.driver - INFO - You will be assigned a task. 
You will receive the actions you have available, followed by the action history. 
Your goal is to maximize the total reward across all 10 steps. We are on step 9. 

Task Assignment:
---
You are faced with a 3-armed bandit problem.  Each action corresponds to pulling a specific arm. Each arm is associated with a Gaussian distribution with a fixed but unknown mean. At each time step, you will select a field and receive a reward drawn from the associated distribution. Your goal is to select which arm to pull in order to maximize your reward across all of your turns.
---

Available Actions:
---

- Arm Name: Intermediate Reward - This action has been selected 0 time(s) for an observed mean of Unknown

- Arm Name: Lowest Reward - This action has been selected 0 time(s) for an observed mean of Unknown

- Arm Name: Highest Reward - This action has been selected 9 time(s) for an observed mean of 24.361932443967007

---
When selecting an action, include only the name of the action. Do not include the dashes used to indicate the list here.

Please select an action from the list of action options in order to maximize the reward for your task.
When selecting an action, put the exact name of the action between action tags like: <action> action_name </action>.

Your thinking budget is 150 tokens. If you exceed this limit, you will be forced to provide an immediate answer.
Your overall generation limit is 200 tokens.
2026-01-24 15:02:16,790 - src.driver - INFO - GENERATED CONTENT: <action>  Highest Reward </action> 
 PARSED ACTION: Highest Reward
2026-01-24 15:02:16,807 - src.driver - INFO - You will be assigned a task. 
You will receive the actions you have available, followed by the action history. 
Your goal is to maximize the total reward across all 10 steps. We are on step 0. 

Task Assignment:
---
You are faced with a 3-armed bandit problem.  Each action corresponds to pulling a specific arm. Each arm is associated with a Gaussian distribution with a fixed but unknown mean. At each time step, you will select a field and receive a reward drawn from the associated distribution. Your goal is to select which arm to pull in order to maximize your reward across all of your turns.
---

Available Actions:
---

- Arm Name: Intermediate Reward - This action has been selected 0 time(s) for an observed mean of Unknown

- Arm Name: Highest Reward - This action has been selected 0 time(s) for an observed mean of Unknown

- Arm Name: Lowest Reward - This action has been selected 0 time(s) for an observed mean of Unknown

---
When selecting an action, include only the name of the action. Do not include the dashes used to indicate the list here.

Please select an action from the list of action options in order to maximize the reward for your task.
When selecting an action, put the exact name of the action between action tags like: <action> action_name </action>.

Your thinking budget is 150 tokens. If you exceed this limit, you will be forced to provide an immediate answer.
Your overall generation limit is 200 tokens.
2026-01-24 15:02:31,625 - src.driver - INFO - GENERATED CONTENT: <action>  Highest Reward </action> 
 PARSED ACTION: Highest Reward
2026-01-24 15:02:31,626 - src.driver - INFO - You will be assigned a task. 
You will receive the actions you have available, followed by the action history. 
Your goal is to maximize the total reward across all 10 steps. We are on step 1. 

Task Assignment:
---
You are faced with a 3-armed bandit problem.  Each action corresponds to pulling a specific arm. Each arm is associated with a Gaussian distribution with a fixed but unknown mean. At each time step, you will select a field and receive a reward drawn from the associated distribution. Your goal is to select which arm to pull in order to maximize your reward across all of your turns.
---

Available Actions:
---

- Arm Name: Intermediate Reward - This action has been selected 0 time(s) for an observed mean of Unknown

- Arm Name: Highest Reward - This action has been selected 1 time(s) for an observed mean of 23.217253290037043

- Arm Name: Lowest Reward - This action has been selected 0 time(s) for an observed mean of Unknown

---
When selecting an action, include only the name of the action. Do not include the dashes used to indicate the list here.

Please select an action from the list of action options in order to maximize the reward for your task.
When selecting an action, put the exact name of the action between action tags like: <action> action_name </action>.

Your thinking budget is 150 tokens. If you exceed this limit, you will be forced to provide an immediate answer.
Your overall generation limit is 200 tokens.
2026-01-24 15:02:46,650 - src.driver - INFO - GENERATED CONTENT: <action>  Highest Reward </action> 
 PARSED ACTION: Highest Reward
2026-01-24 15:02:46,651 - src.driver - INFO - You will be assigned a task. 
You will receive the actions you have available, followed by the action history. 
Your goal is to maximize the total reward across all 10 steps. We are on step 2. 

Task Assignment:
---
You are faced with a 3-armed bandit problem.  Each action corresponds to pulling a specific arm. Each arm is associated with a Gaussian distribution with a fixed but unknown mean. At each time step, you will select a field and receive a reward drawn from the associated distribution. Your goal is to select which arm to pull in order to maximize your reward across all of your turns.
---

Available Actions:
---

- Arm Name: Intermediate Reward - This action has been selected 0 time(s) for an observed mean of Unknown

- Arm Name: Highest Reward - This action has been selected 2 time(s) for an observed mean of 19.87088103223563

- Arm Name: Lowest Reward - This action has been selected 0 time(s) for an observed mean of Unknown

---
When selecting an action, include only the name of the action. Do not include the dashes used to indicate the list here.

Please select an action from the list of action options in order to maximize the reward for your task.
When selecting an action, put the exact name of the action between action tags like: <action> action_name </action>.

Your thinking budget is 150 tokens. If you exceed this limit, you will be forced to provide an immediate answer.
Your overall generation limit is 200 tokens.
2026-01-24 15:03:01,673 - src.driver - INFO - GENERATED CONTENT: <action>  Highest Reward </action> 
 PARSED ACTION: Highest Reward
2026-01-24 15:03:01,674 - src.driver - INFO - You will be assigned a task. 
You will receive the actions you have available, followed by the action history. 
Your goal is to maximize the total reward across all 10 steps. We are on step 3. 

Task Assignment:
---
You are faced with a 3-armed bandit problem.  Each action corresponds to pulling a specific arm. Each arm is associated with a Gaussian distribution with a fixed but unknown mean. At each time step, you will select a field and receive a reward drawn from the associated distribution. Your goal is to select which arm to pull in order to maximize your reward across all of your turns.
---

Available Actions:
---

- Arm Name: Intermediate Reward - This action has been selected 0 time(s) for an observed mean of Unknown

- Arm Name: Highest Reward - This action has been selected 3 time(s) for an observed mean of 22.484131562620945

- Arm Name: Lowest Reward - This action has been selected 0 time(s) for an observed mean of Unknown

---
When selecting an action, include only the name of the action. Do not include the dashes used to indicate the list here.

Please select an action from the list of action options in order to maximize the reward for your task.
When selecting an action, put the exact name of the action between action tags like: <action> action_name </action>.

Your thinking budget is 150 tokens. If you exceed this limit, you will be forced to provide an immediate answer.
Your overall generation limit is 200 tokens.
2026-01-24 15:03:16,712 - src.driver - INFO - GENERATED CONTENT: <action>  Highest Reward </action> 
 PARSED ACTION: Highest Reward
2026-01-24 15:03:16,713 - src.driver - INFO - You will be assigned a task. 
You will receive the actions you have available, followed by the action history. 
Your goal is to maximize the total reward across all 10 steps. We are on step 4. 

Task Assignment:
---
You are faced with a 3-armed bandit problem.  Each action corresponds to pulling a specific arm. Each arm is associated with a Gaussian distribution with a fixed but unknown mean. At each time step, you will select a field and receive a reward drawn from the associated distribution. Your goal is to select which arm to pull in order to maximize your reward across all of your turns.
---

Available Actions:
---

- Arm Name: Intermediate Reward - This action has been selected 0 time(s) for an observed mean of Unknown

- Arm Name: Highest Reward - This action has been selected 4 time(s) for an observed mean of 21.347293086201958

- Arm Name: Lowest Reward - This action has been selected 0 time(s) for an observed mean of Unknown

---
When selecting an action, include only the name of the action. Do not include the dashes used to indicate the list here.

Please select an action from the list of action options in order to maximize the reward for your task.
When selecting an action, put the exact name of the action between action tags like: <action> action_name </action>.

Your thinking budget is 150 tokens. If you exceed this limit, you will be forced to provide an immediate answer.
Your overall generation limit is 200 tokens.
2026-01-24 15:03:31,700 - src.driver - INFO - GENERATED CONTENT: <action>  Highest Reward </action> 
 PARSED ACTION: Highest Reward
2026-01-24 15:03:31,700 - src.driver - INFO - You will be assigned a task. 
You will receive the actions you have available, followed by the action history. 
Your goal is to maximize the total reward across all 10 steps. We are on step 5. 

Task Assignment:
---
You are faced with a 3-armed bandit problem.  Each action corresponds to pulling a specific arm. Each arm is associated with a Gaussian distribution with a fixed but unknown mean. At each time step, you will select a field and receive a reward drawn from the associated distribution. Your goal is to select which arm to pull in order to maximize your reward across all of your turns.
---

Available Actions:
---

- Arm Name: Intermediate Reward - This action has been selected 0 time(s) for an observed mean of Unknown

- Arm Name: Highest Reward - This action has been selected 5 time(s) for an observed mean of 22.526171178503212

- Arm Name: Lowest Reward - This action has been selected 0 time(s) for an observed mean of Unknown

---
When selecting an action, include only the name of the action. Do not include the dashes used to indicate the list here.

Please select an action from the list of action options in order to maximize the reward for your task.
When selecting an action, put the exact name of the action between action tags like: <action> action_name </action>.

Your thinking budget is 150 tokens. If you exceed this limit, you will be forced to provide an immediate answer.
Your overall generation limit is 200 tokens.
2026-01-24 15:03:46,788 - src.driver - INFO - GENERATED CONTENT: <action>  Highest Reward </action> 
 PARSED ACTION: Highest Reward
2026-01-24 15:03:46,789 - src.driver - INFO - You will be assigned a task. 
You will receive the actions you have available, followed by the action history. 
Your goal is to maximize the total reward across all 10 steps. We are on step 6. 

Task Assignment:
---
You are faced with a 3-armed bandit problem.  Each action corresponds to pulling a specific arm. Each arm is associated with a Gaussian distribution with a fixed but unknown mean. At each time step, you will select a field and receive a reward drawn from the associated distribution. Your goal is to select which arm to pull in order to maximize your reward across all of your turns.
---

Available Actions:
---

- Arm Name: Intermediate Reward - This action has been selected 0 time(s) for an observed mean of Unknown

- Arm Name: Highest Reward - This action has been selected 6 time(s) for an observed mean of 22.260904679053766

- Arm Name: Lowest Reward - This action has been selected 0 time(s) for an observed mean of Unknown

---
When selecting an action, include only the name of the action. Do not include the dashes used to indicate the list here.

Please select an action from the list of action options in order to maximize the reward for your task.
When selecting an action, put the exact name of the action between action tags like: <action> action_name </action>.

Your thinking budget is 150 tokens. If you exceed this limit, you will be forced to provide an immediate answer.
Your overall generation limit is 200 tokens.
2026-01-24 15:04:01,833 - src.driver - INFO - GENERATED CONTENT: <action>  Highest Reward </action> 
 PARSED ACTION: Highest Reward
2026-01-24 15:04:01,833 - src.driver - INFO - You will be assigned a task. 
You will receive the actions you have available, followed by the action history. 
Your goal is to maximize the total reward across all 10 steps. We are on step 7. 

Task Assignment:
---
You are faced with a 3-armed bandit problem.  Each action corresponds to pulling a specific arm. Each arm is associated with a Gaussian distribution with a fixed but unknown mean. At each time step, you will select a field and receive a reward drawn from the associated distribution. Your goal is to select which arm to pull in order to maximize your reward across all of your turns.
---

Available Actions:
---

- Arm Name: Intermediate Reward - This action has been selected 0 time(s) for an observed mean of Unknown

- Arm Name: Highest Reward - This action has been selected 7 time(s) for an observed mean of 23.69694678744913

- Arm Name: Lowest Reward - This action has been selected 0 time(s) for an observed mean of Unknown

---
When selecting an action, include only the name of the action. Do not include the dashes used to indicate the list here.

Please select an action from the list of action options in order to maximize the reward for your task.
When selecting an action, put the exact name of the action between action tags like: <action> action_name </action>.

Your thinking budget is 150 tokens. If you exceed this limit, you will be forced to provide an immediate answer.
Your overall generation limit is 200 tokens.
2026-01-24 15:04:16,946 - src.driver - INFO - GENERATED CONTENT: <action>  Highest Reward </action> 
 PARSED ACTION: Highest Reward
2026-01-24 15:04:16,947 - src.driver - INFO - You will be assigned a task. 
You will receive the actions you have available, followed by the action history. 
Your goal is to maximize the total reward across all 10 steps. We are on step 8. 

Task Assignment:
---
You are faced with a 3-armed bandit problem.  Each action corresponds to pulling a specific arm. Each arm is associated with a Gaussian distribution with a fixed but unknown mean. At each time step, you will select a field and receive a reward drawn from the associated distribution. Your goal is to select which arm to pull in order to maximize your reward across all of your turns.
---

Available Actions:
---

- Arm Name: Intermediate Reward - This action has been selected 0 time(s) for an observed mean of Unknown

- Arm Name: Highest Reward - This action has been selected 8 time(s) for an observed mean of 23.908979415370382

- Arm Name: Lowest Reward - This action has been selected 0 time(s) for an observed mean of Unknown

---
When selecting an action, include only the name of the action. Do not include the dashes used to indicate the list here.

Please select an action from the list of action options in order to maximize the reward for your task.
When selecting an action, put the exact name of the action between action tags like: <action> action_name </action>.

Your thinking budget is 150 tokens. If you exceed this limit, you will be forced to provide an immediate answer.
Your overall generation limit is 200 tokens.
2026-01-24 15:04:32,017 - src.driver - INFO - GENERATED CONTENT: <action>  Intermediate Reward </action> 
 PARSED ACTION: Intermediate Reward
2026-01-24 15:04:32,018 - src.driver - INFO - You will be assigned a task. 
You will receive the actions you have available, followed by the action history. 
Your goal is to maximize the total reward across all 10 steps. We are on step 9. 

Task Assignment:
---
You are faced with a 3-armed bandit problem.  Each action corresponds to pulling a specific arm. Each arm is associated with a Gaussian distribution with a fixed but unknown mean. At each time step, you will select a field and receive a reward drawn from the associated distribution. Your goal is to select which arm to pull in order to maximize your reward across all of your turns.
---

Available Actions:
---

- Arm Name: Intermediate Reward - This action has been selected 1 time(s) for an observed mean of 63.050191085495115

- Arm Name: Highest Reward - This action has been selected 8 time(s) for an observed mean of 23.908979415370382

- Arm Name: Lowest Reward - This action has been selected 0 time(s) for an observed mean of Unknown

---
When selecting an action, include only the name of the action. Do not include the dashes used to indicate the list here.

Please select an action from the list of action options in order to maximize the reward for your task.
When selecting an action, put the exact name of the action between action tags like: <action> action_name </action>.

Your thinking budget is 150 tokens. If you exceed this limit, you will be forced to provide an immediate answer.
Your overall generation limit is 200 tokens.
2026-01-24 15:04:47,107 - src.driver - INFO - GENERATED CONTENT: <action> Intermediate Reward</action> 
 PARSED ACTION: Intermediate Reward
